<?xml version="1.0" encoding="UTF-8"?>
<gpx creator="strava-studio" version="1.1"
     xmlns="http://www.topografix.com/GPX/1/1">
  <metadata><time>2026-09-09T17:30:00.000Z</time></metadata>
  <trk>
    <name>Séance à intervalles</name>
    <type>ride</type>
    <trkseg>
      <trkpt lat="46.519582" lon="6.591084">
        <ele>491.4</ele>
        <time>2026-09-09T17:30:00.000Z</time>
        <extensions><power>168</power></extensions>
      </trkpt>
      <trkpt lat="46.519573" lon="6.591211">
        <ele>492.6</ele>
        <time>2026-09-09T17:30:04.000Z</time>
        <extensions><power>169</power></extensions>
      </trkpt>
      <trkpt lat="46.519566" lon="6.591336">
        <ele>493.8</ele>
        <time>2026-09-09T17:30:08.000Z</time>
        <extensions><power>169</power></extensions>
      </trkpt>
      <trkpt lat="46.519562" lon="6.591459">
        <ele>495.0</ele>
        <time>2026-09-09T17:30:12.000Z</time>
        <extensions><power>170</power></extensions>
      </trkpt>
      <trkpt lat="46.519560" lon="6.591581">
        <ele>496.2</ele>
        <time>2026-09-09T17:30:16.000Z</time>
        <extensions><power>170</power></extensions>
      </trkpt>
      <trkpt lat="46.519560" lon="6.591701">
        <ele>497.4</ele>
        <time>2026-09-09T17:30:20.000Z</time>
        <extensions><power>171</power></extensions>
      </trkpt>
      <trkpt lat="46.519562" lon="6.591819">
        <ele>498.6</ele>
        <time>2026-09-09T17:30:24.000Z</time>
        <extensions><power>172</power></extensions>
      </trkpt>
      <trkpt lat="46.519567" lon="6.591935">
        <ele>499.8</ele>
        <time>2026-09-09T17:30:28.000Z</time>
        <extensions><power>172</power></extensions>
      </trkpt>
      <trkpt lat="46.519574" lon="6.592050">
        <ele>501.0</ele>
        <time>2026-09-09T17:30:32.000Z</time>
        <extensions><power>173</power></extensions>
      </trkpt>
      <trkpt lat="46.519583" lon="6.592162">
        <ele>502.2</ele>
        <time>2026-09-09T17:30:36.000Z</time>
        <extensions><power>173</power></extensions>
      </trkpt>
      <trkpt lat="46.519595" lon="6.592273">
        <ele>503.4</ele>
        <time>2026-09-09T17:30:40.000Z</time>
        <extensions><power>174</power></extensions>
      </trkpt>
      <trkpt lat="46.519610" lon="6.592382">
        <ele>504.6</ele>
        <time>2026-09-09T17:30:44.000Z</time>
        <extensions><power>174</power></extensions>
      </trkpt>
      <trkpt lat="46.519626" lon="6.592489">
        <ele>505.8</ele>
        <time>2026-09-09T17:30:48.000Z</time>
        <extensions><power>175</power></extensions>
      </trkpt>
      <trkpt lat="46.519645" lon="6.592594">
        <ele>507.0</ele>
        <time>2026-09-09T17:30:52.000Z</time>
        <extensions><power>176</power></extensions>
      </trkpt>
      <trkpt lat="46.519667" lon="6.592698">
        <ele>508.2</ele>
        <time>2026-09-09T17:30:56.000Z</time>
        <extensions><power>176</power></extensions>
      </trkpt>
      <trkpt lat="46.519690" lon="6.592800">
        <ele>509.4</ele>
        <time>2026-09-09T17:31:00.000Z</time>
        <extensions><power>177</power></extensions>
      </trkpt>
      <trkpt lat="46.519716" lon="6.592900">
        <ele>510.6</ele>
        <time>2026-09-09T17:31:04.000Z</time>
        <extensions><power>177</power></extensions>
      </trkpt>
      <trkpt lat="46.519744" lon="6.592999">
        <ele>511.8</ele>
        <time>2026-09-09T17:31:08.000Z</time>
        <extensions><power>178</power></extensions>
      </trkpt>
      <trkpt lat="46.519773" lon="6.593096">
        <ele>513.0</ele>
        <time>2026-09-09T17:31:12.000Z</time>
        <extensions><power>178</power></extensions>
      </trkpt>
      <trkpt lat="46.519805" lon="6.593191">
        <ele>514.2</ele>
        <time>2026-09-09T17:31:16.000Z</time>
        <extensions><power>179</power></extensions>
      </trkpt>
      <trkpt lat="46.519839" lon="6.593286">
        <ele>515.4</ele>
        <time>2026-09-09T17:31:20.000Z</time>
        <extensions><power>179</power></extensions>
      </trkpt>
      <trkpt lat="46.519874" lon="6.593378">
        <ele>516.6</ele>
        <time>2026-09-09T17:31:24.000Z</time>
        <extensions><power>180</power></extensions>
      </trkpt>
      <trkpt lat="46.519911" lon="6.593470">
        <ele>517.8</ele>
        <time>2026-09-09T17:31:28.000Z</time>
        <extensions><power>181</power></extensions>
      </trkpt>
      <trkpt lat="46.519949" lon="6.593561">
        <ele>519.0</ele>
        <time>2026-09-09T17:31:32.000Z</time>
        <extensions><power>181</power></extensions>
      </trkpt>
      <trkpt lat="46.519989" lon="6.593650">
        <ele>520.2</ele>
        <time>2026-09-09T17:31:36.000Z</time>
        <extensions><power>182</power></extensions>
      </trkpt>
      <trkpt lat="46.520030" lon="6.593739">
        <ele>521.4</ele>
        <time>2026-09-09T17:31:40.000Z</time>
        <extensions><power>182</power></extensions>
      </trkpt>
      <trkpt lat="46.520072" lon="6.593826">
        <ele>522.5</ele>
        <time>2026-09-09T17:31:44.000Z</time>
        <extensions><power>183</power></extensions>
      </trkpt>
      <trkpt lat="46.520116" lon="6.593913">
        <ele>523.7</ele>
        <time>2026-09-09T17:31:48.000Z</time>
        <extensions><power>183</power></extensions>
      </trkpt>
      <trkpt lat="46.520160" lon="6.593999">
        <ele>524.9</ele>
        <time>2026-09-09T17:31:52.000Z</time>
        <extensions><power>184</power></extensions>
      </trkpt>
      <trkpt lat="46.520205" lon="6.594084">
        <ele>526.1</ele>
        <time>2026-09-09T17:31:56.000Z</time>
        <extensions><power>184</power></extensions>
      </trkpt>
      <trkpt lat="46.520251" lon="6.594169">
        <ele>527.3</ele>
        <time>2026-09-09T17:32:00.000Z</time>
        <extensions><power>185</power></extensions>
      </trkpt>
      <trkpt lat="46.520297" lon="6.594253">
        <ele>528.5</ele>
        <time>2026-09-09T17:32:04.000Z</time>
        <extensions><power>185</power></extensions>
      </trkpt>
      <trkpt lat="46.520344" lon="6.594337">
        <ele>529.6</ele>
        <time>2026-09-09T17:32:08.000Z</time>
        <extensions><power>185</power></extensions>
      </trkpt>
      <trkpt lat="46.520391" lon="6.594421">
        <ele>530.8</ele>
        <time>2026-09-09T17:32:12.000Z</time>
        <extensions><power>186</power></extensions>
      </trkpt>
      <trkpt lat="46.520439" lon="6.594505">
        <ele>532.0</ele>
        <time>2026-09-09T17:32:16.000Z</time>
        <extensions><power>186</power></extensions>
      </trkpt>
      <trkpt lat="46.520486" lon="6.594588">
        <ele>533.2</ele>
        <time>2026-09-09T17:32:20.000Z</time>
        <extensions><power>187</power></extensions>
      </trkpt>
      <trkpt lat="46.520534" lon="6.594672">
        <ele>534.3</ele>
        <time>2026-09-09T17:32:24.000Z</time>
        <extensions><power>187</power></extensions>
      </trkpt>
      <trkpt lat="46.520581" lon="6.594756">
        <ele>535.5</ele>
        <time>2026-09-09T17:32:28.000Z</time>
        <extensions><power>188</power></extensions>
      </trkpt>
      <trkpt lat="46.520628" lon="6.594839">
        <ele>536.7</ele>
        <time>2026-09-09T17:32:32.000Z</time>
        <extensions><power>188</power></extensions>
      </trkpt>
      <trkpt lat="46.520675" lon="6.594923">
        <ele>537.8</ele>
        <time>2026-09-09T17:32:36.000Z</time>
        <extensions><power>189</power></extensions>
      </trkpt>
      <trkpt lat="46.520722" lon="6.595008">
        <ele>539.0</ele>
        <time>2026-09-09T17:32:40.000Z</time>
        <extensions><power>189</power></extensions>
      </trkpt>
      <trkpt lat="46.520768" lon="6.595092">
        <ele>540.1</ele>
        <time>2026-09-09T17:32:44.000Z</time>
        <extensions><power>189</power></extensions>
      </trkpt>
      <trkpt lat="46.520814" lon="6.595177">
        <ele>541.3</ele>
        <time>2026-09-09T17:32:48.000Z</time>
        <extensions><power>190</power></extensions>
      </trkpt>
      <trkpt lat="46.520858" lon="6.595263">
        <ele>542.5</ele>
        <time>2026-09-09T17:32:52.000Z</time>
        <extensions><power>190</power></extensions>
      </trkpt>
      <trkpt lat="46.520903" lon="6.595349">
        <ele>543.6</ele>
        <time>2026-09-09T17:32:56.000Z</time>
        <extensions><power>190</power></extensions>
      </trkpt>
      <trkpt lat="46.520946" lon="6.595435">
        <ele>544.8</ele>
        <time>2026-09-09T17:33:00.000Z</time>
        <extensions><power>191</power></extensions>
      </trkpt>
      <trkpt lat="46.520989" lon="6.595522">
        <ele>545.9</ele>
        <time>2026-09-09T17:33:04.000Z</time>
        <extensions><power>191</power></extensions>
      </trkpt>
      <trkpt lat="46.521032" lon="6.595610">
        <ele>547.1</ele>
        <time>2026-09-09T17:33:08.000Z</time>
        <extensions><power>191</power></extensions>
      </trkpt>
      <trkpt lat="46.521073" lon="6.595698">
        <ele>548.2</ele>
        <time>2026-09-09T17:33:12.000Z</time>
        <extensions><power>192</power></extensions>
      </trkpt>
      <trkpt lat="46.521113" lon="6.595787">
        <ele>549.4</ele>
        <time>2026-09-09T17:33:16.000Z</time>
        <extensions><power>192</power></extensions>
      </trkpt>
      <trkpt lat="46.521153" lon="6.595876">
        <ele>550.5</ele>
        <time>2026-09-09T17:33:20.000Z</time>
        <extensions><power>192</power></extensions>
      </trkpt>
      <trkpt lat="46.521192" lon="6.595967">
        <ele>551.7</ele>
        <time>2026-09-09T17:33:24.000Z</time>
        <extensions><power>193</power></extensions>
      </trkpt>
      <trkpt lat="46.521230" lon="6.596057">
        <ele>552.8</ele>
        <time>2026-09-09T17:33:28.000Z</time>
        <extensions><power>193</power></extensions>
      </trkpt>
      <trkpt lat="46.521268" lon="6.596149">
        <ele>553.9</ele>
        <time>2026-09-09T17:33:32.000Z</time>
        <extensions><power>193</power></extensions>
      </trkpt>
      <trkpt lat="46.521304" lon="6.596240">
        <ele>555.1</ele>
        <time>2026-09-09T17:33:36.000Z</time>
        <extensions><power>194</power></extensions>
      </trkpt>
      <trkpt lat="46.521340" lon="6.596333">
        <ele>556.2</ele>
        <time>2026-09-09T17:33:40.000Z</time>
        <extensions><power>194</power></extensions>
      </trkpt>
      <trkpt lat="46.521375" lon="6.596426">
        <ele>557.4</ele>
        <time>2026-09-09T17:33:44.000Z</time>
        <extensions><power>194</power></extensions>
      </trkpt>
      <trkpt lat="46.521410" lon="6.596519">
        <ele>558.5</ele>
        <time>2026-09-09T17:33:48.000Z</time>
        <extensions><power>194</power></extensions>
      </trkpt>
      <trkpt lat="46.521444" lon="6.596613">
        <ele>559.6</ele>
        <time>2026-09-09T17:33:52.000Z</time>
        <extensions><power>194</power></extensions>
      </trkpt>
      <trkpt lat="46.521478" lon="6.596707">
        <ele>560.7</ele>
        <time>2026-09-09T17:33:56.000Z</time>
        <extensions><power>195</power></extensions>
      </trkpt>
      <trkpt lat="46.521511" lon="6.596801">
        <ele>561.9</ele>
        <time>2026-09-09T17:34:00.000Z</time>
        <extensions><power>195</power></extensions>
      </trkpt>
      <trkpt lat="46.521544" lon="6.596896">
        <ele>563.0</ele>
        <time>2026-09-09T17:34:04.000Z</time>
        <extensions><power>195</power></extensions>
      </trkpt>
      <trkpt lat="46.521577" lon="6.596991">
        <ele>564.1</ele>
        <time>2026-09-09T17:34:08.000Z</time>
        <extensions><power>195</power></extensions>
      </trkpt>
      <trkpt lat="46.521610" lon="6.597085">
        <ele>565.2</ele>
        <time>2026-09-09T17:34:12.000Z</time>
        <extensions><power>195</power></extensions>
      </trkpt>
      <trkpt lat="46.521643" lon="6.597180">
        <ele>566.3</ele>
        <time>2026-09-09T17:34:16.000Z</time>
        <extensions><power>196</power></extensions>
      </trkpt>
      <trkpt lat="46.521676" lon="6.597275">
        <ele>567.5</ele>
        <time>2026-09-09T17:34:20.000Z</time>
        <extensions><power>196</power></extensions>
      </trkpt>
      <trkpt lat="46.521709" lon="6.597369">
        <ele>568.6</ele>
        <time>2026-09-09T17:34:24.000Z</time>
        <extensions><power>196</power></extensions>
      </trkpt>
      <trkpt lat="46.521743" lon="6.597463">
        <ele>569.7</ele>
        <time>2026-09-09T17:34:28.000Z</time>
        <extensions><power>196</power></extensions>
      </trkpt>
      <trkpt lat="46.521777" lon="6.597557">
        <ele>570.8</ele>
        <time>2026-09-09T17:34:32.000Z</time>
        <extensions><power>196</power></extensions>
      </trkpt>
      <trkpt lat="46.521812" lon="6.597650">
        <ele>571.9</ele>
        <time>2026-09-09T17:34:36.000Z</time>
        <extensions><power>196</power></extensions>
      </trkpt>
      <trkpt lat="46.521847" lon="6.597743">
        <ele>573.0</ele>
        <time>2026-09-09T17:34:40.000Z</time>
        <extensions><power>196</power></extensions>
      </trkpt>
      <trkpt lat="46.521884" lon="6.597835">
        <ele>574.1</ele>
        <time>2026-09-09T17:34:44.000Z</time>
        <extensions><power>197</power></extensions>
      </trkpt>
      <trkpt lat="46.521921" lon="6.597926">
        <ele>575.2</ele>
        <time>2026-09-09T17:34:48.000Z</time>
        <extensions><power>197</power></extensions>
      </trkpt>
      <trkpt lat="46.521960" lon="6.598017">
        <ele>576.3</ele>
        <time>2026-09-09T17:34:52.000Z</time>
        <extensions><power>197</power></extensions>
      </trkpt>
      <trkpt lat="46.522000" lon="6.598106">
        <ele>577.4</ele>
        <time>2026-09-09T17:34:56.000Z</time>
        <extensions><power>197</power></extensions>
      </trkpt>
      <trkpt lat="46.522041" lon="6.598195">
        <ele>578.5</ele>
        <time>2026-09-09T17:35:00.000Z</time>
        <extensions><power>197</power></extensions>
      </trkpt>
      <trkpt lat="46.522083" lon="6.598282">
        <ele>579.6</ele>
        <time>2026-09-09T17:35:04.000Z</time>
        <extensions><power>197</power></extensions>
      </trkpt>
      <trkpt lat="46.522128" lon="6.598368">
        <ele>580.6</ele>
        <time>2026-09-09T17:35:08.000Z</time>
        <extensions><power>198</power></extensions>
      </trkpt>
      <trkpt lat="46.522174" lon="6.598452">
        <ele>581.7</ele>
        <time>2026-09-09T17:35:12.000Z</time>
        <extensions><power>198</power></extensions>
      </trkpt>
      <trkpt lat="46.522222" lon="6.598535">
        <ele>582.8</ele>
        <time>2026-09-09T17:35:16.000Z</time>
        <extensions><power>198</power></extensions>
      </trkpt>
      <trkpt lat="46.522272" lon="6.598617">
        <ele>583.9</ele>
        <time>2026-09-09T17:35:20.000Z</time>
        <extensions><power>199</power></extensions>
      </trkpt>
      <trkpt lat="46.522324" lon="6.598697">
        <ele>585.0</ele>
        <time>2026-09-09T17:35:24.000Z</time>
        <extensions><power>199</power></extensions>
      </trkpt>
      <trkpt lat="46.522379" lon="6.598775">
        <ele>586.0</ele>
        <time>2026-09-09T17:35:28.000Z</time>
        <extensions><power>200</power></extensions>
      </trkpt>
      <trkpt lat="46.522435" lon="6.598852">
        <ele>587.1</ele>
        <time>2026-09-09T17:35:32.000Z</time>
        <extensions><power>201</power></extensions>
      </trkpt>
      <trkpt lat="46.522494" lon="6.598927">
        <ele>588.2</ele>
        <time>2026-09-09T17:35:36.000Z</time>
        <extensions><power>202</power></extensions>
      </trkpt>
      <trkpt lat="46.522556" lon="6.598999">
        <ele>589.2</ele>
        <time>2026-09-09T17:35:40.000Z</time>
        <extensions><power>204</power></extensions>
      </trkpt>
      <trkpt lat="46.522620" lon="6.599070">
        <ele>590.3</ele>
        <time>2026-09-09T17:35:44.000Z</time>
        <extensions><power>206</power></extensions>
      </trkpt>
      <trkpt lat="46.522686" lon="6.599139">
        <ele>591.3</ele>
        <time>2026-09-09T17:35:48.000Z</time>
        <extensions><power>208</power></extensions>
      </trkpt>
      <trkpt lat="46.522755" lon="6.599206">
        <ele>592.4</ele>
        <time>2026-09-09T17:35:52.000Z</time>
        <extensions><power>211</power></extensions>
      </trkpt>
      <trkpt lat="46.522827" lon="6.599271">
        <ele>593.4</ele>
        <time>2026-09-09T17:35:56.000Z</time>
        <extensions><power>214</power></extensions>
      </trkpt>
      <trkpt lat="46.522902" lon="6.599334">
        <ele>594.5</ele>
        <time>2026-09-09T17:36:00.000Z</time>
        <extensions><power>218</power></extensions>
      </trkpt>
      <trkpt lat="46.522979" lon="6.599395">
        <ele>595.5</ele>
        <time>2026-09-09T17:36:04.000Z</time>
        <extensions><power>223</power></extensions>
      </trkpt>
      <trkpt lat="46.523059" lon="6.599454">
        <ele>596.6</ele>
        <time>2026-09-09T17:36:08.000Z</time>
        <extensions><power>229</power></extensions>
      </trkpt>
      <trkpt lat="46.523142" lon="6.599510">
        <ele>597.6</ele>
        <time>2026-09-09T17:36:12.000Z</time>
        <extensions><power>235</power></extensions>
      </trkpt>
      <trkpt lat="46.523227" lon="6.599565">
        <ele>598.7</ele>
        <time>2026-09-09T17:36:16.000Z</time>
        <extensions><power>243</power></extensions>
      </trkpt>
      <trkpt lat="46.523316" lon="6.599617">
        <ele>599.7</ele>
        <time>2026-09-09T17:36:20.000Z</time>
        <extensions><power>252</power></extensions>
      </trkpt>
      <trkpt lat="46.523407" lon="6.599667">
        <ele>600.7</ele>
        <time>2026-09-09T17:36:24.000Z</time>
        <extensions><power>262</power></extensions>
      </trkpt>
      <trkpt lat="46.523500" lon="6.599716">
        <ele>601.8</ele>
        <time>2026-09-09T17:36:28.000Z</time>
        <extensions><power>273</power></extensions>
      </trkpt>
      <trkpt lat="46.523596" lon="6.599762">
        <ele>602.8</ele>
        <time>2026-09-09T17:36:32.000Z</time>
        <extensions><power>285</power></extensions>
      </trkpt>
      <trkpt lat="46.523695" lon="6.599806">
        <ele>603.8</ele>
        <time>2026-09-09T17:36:36.000Z</time>
        <extensions><power>298</power></extensions>
      </trkpt>
      <trkpt lat="46.523796" lon="6.599849">
        <ele>604.8</ele>
        <time>2026-09-09T17:36:40.000Z</time>
        <extensions><power>313</power></extensions>
      </trkpt>
      <trkpt lat="46.523900" lon="6.599889">
        <ele>605.9</ele>
        <time>2026-09-09T17:36:44.000Z</time>
        <extensions><power>328</power></extensions>
      </trkpt>
      <trkpt lat="46.524006" lon="6.599928">
        <ele>606.9</ele>
        <time>2026-09-09T17:36:48.000Z</time>
        <extensions><power>345</power></extensions>
      </trkpt>
      <trkpt lat="46.524114" lon="6.599966">
        <ele>607.9</ele>
        <time>2026-09-09T17:36:52.000Z</time>
        <extensions><power>362</power></extensions>
      </trkpt>
      <trkpt lat="46.524224" lon="6.600001">
        <ele>608.9</ele>
        <time>2026-09-09T17:36:56.000Z</time>
        <extensions><power>380</power></extensions>
      </trkpt>
      <trkpt lat="46.524336" lon="6.600035">
        <ele>609.9</ele>
        <time>2026-09-09T17:37:00.000Z</time>
        <extensions><power>398</power></extensions>
      </trkpt>
      <trkpt lat="46.524450" lon="6.600068">
        <ele>610.9</ele>
        <time>2026-09-09T17:37:04.000Z</time>
        <extensions><power>416</power></extensions>
      </trkpt>
      <trkpt lat="46.524566" lon="6.600099">
        <ele>611.9</ele>
        <time>2026-09-09T17:37:08.000Z</time>
        <extensions><power>434</power></extensions>
      </trkpt>
      <trkpt lat="46.524684" lon="6.600129">
        <ele>612.9</ele>
        <time>2026-09-09T17:37:12.000Z</time>
        <extensions><power>452</power></extensions>
      </trkpt>
      <trkpt lat="46.524803" lon="6.600158">
        <ele>613.9</ele>
        <time>2026-09-09T17:37:16.000Z</time>
        <extensions><power>469</power></extensions>
      </trkpt>
      <trkpt lat="46.524923" lon="6.600186">
        <ele>614.9</ele>
        <time>2026-09-09T17:37:20.000Z</time>
        <extensions><power>485</power></extensions>
      </trkpt>
      <trkpt lat="46.525044" lon="6.600213">
        <ele>615.9</ele>
        <time>2026-09-09T17:37:24.000Z</time>
        <extensions><power>499</power></extensions>
      </trkpt>
      <trkpt lat="46.525166" lon="6.600240">
        <ele>616.8</ele>
        <time>2026-09-09T17:37:28.000Z</time>
        <extensions><power>512</power></extensions>
      </trkpt>
      <trkpt lat="46.525290" lon="6.600265">
        <ele>617.8</ele>
        <time>2026-09-09T17:37:32.000Z</time>
        <extensions><power>522</power></extensions>
      </trkpt>
      <trkpt lat="46.525413" lon="6.600290">
        <ele>618.8</ele>
        <time>2026-09-09T17:37:36.000Z</time>
        <extensions><power>531</power></extensions>
      </trkpt>
      <trkpt lat="46.525538" lon="6.600315">
        <ele>619.8</ele>
        <time>2026-09-09T17:37:40.000Z</time>
        <extensions><power>536</power></extensions>
      </trkpt>
      <trkpt lat="46.525662" lon="6.600340">
        <ele>620.7</ele>
        <time>2026-09-09T17:37:44.000Z</time>
        <extensions><power>540</power></extensions>
      </trkpt>
      <trkpt lat="46.525787" lon="6.600364">
        <ele>621.7</ele>
        <time>2026-09-09T17:37:48.000Z</time>
        <extensions><power>541</power></extensions>
      </trkpt>
      <trkpt lat="46.525912" lon="6.600389">
        <ele>622.7</ele>
        <time>2026-09-09T17:37:52.000Z</time>
        <extensions><power>539</power></extensions>
      </trkpt>
      <trkpt lat="46.526036" lon="6.600413">
        <ele>623.6</ele>
        <time>2026-09-09T17:37:56.000Z</time>
        <extensions><power>534</power></extensions>
      </trkpt>
      <trkpt lat="46.526161" lon="6.600438">
        <ele>624.6</ele>
        <time>2026-09-09T17:38:00.000Z</time>
        <extensions><power>527</power></extensions>
      </trkpt>
      <trkpt lat="46.526284" lon="6.600464">
        <ele>625.5</ele>
        <time>2026-09-09T17:38:04.000Z</time>
        <extensions><power>517</power></extensions>
      </trkpt>
      <trkpt lat="46.526407" lon="6.600489">
        <ele>626.5</ele>
        <time>2026-09-09T17:38:08.000Z</time>
        <extensions><power>506</power></extensions>
      </trkpt>
      <trkpt lat="46.526529" lon="6.600516">
        <ele>627.4</ele>
        <time>2026-09-09T17:38:12.000Z</time>
        <extensions><power>492</power></extensions>
      </trkpt>
      <trkpt lat="46.526651" lon="6.600543">
        <ele>628.4</ele>
        <time>2026-09-09T17:38:16.000Z</time>
        <extensions><power>477</power></extensions>
      </trkpt>
      <trkpt lat="46.526771" lon="6.600571">
        <ele>629.3</ele>
        <time>2026-09-09T17:38:20.000Z</time>
        <extensions><power>460</power></extensions>
      </trkpt>
      <trkpt lat="46.526889" lon="6.600600">
        <ele>630.3</ele>
        <time>2026-09-09T17:38:24.000Z</time>
        <extensions><power>443</power></extensions>
      </trkpt>
      <trkpt lat="46.527006" lon="6.600631">
        <ele>631.2</ele>
        <time>2026-09-09T17:38:28.000Z</time>
        <extensions><power>424</power></extensions>
      </trkpt>
      <trkpt lat="46.527122" lon="6.600662">
        <ele>632.1</ele>
        <time>2026-09-09T17:38:32.000Z</time>
        <extensions><power>405</power></extensions>
      </trkpt>
      <trkpt lat="46.527236" lon="6.600695">
        <ele>633.0</ele>
        <time>2026-09-09T17:38:36.000Z</time>
        <extensions><power>387</power></extensions>
      </trkpt>
      <trkpt lat="46.527348" lon="6.600729">
        <ele>634.0</ele>
        <time>2026-09-09T17:38:40.000Z</time>
        <extensions><power>368</power></extensions>
      </trkpt>
      <trkpt lat="46.527458" lon="6.600765">
        <ele>634.9</ele>
        <time>2026-09-09T17:38:44.000Z</time>
        <extensions><power>350</power></extensions>
      </trkpt>
      <trkpt lat="46.527566" lon="6.600802">
        <ele>635.8</ele>
        <time>2026-09-09T17:38:48.000Z</time>
        <extensions><power>332</power></extensions>
      </trkpt>
      <trkpt lat="46.527672" lon="6.600841">
        <ele>636.7</ele>
        <time>2026-09-09T17:38:52.000Z</time>
        <extensions><power>315</power></extensions>
      </trkpt>
      <trkpt lat="46.527776" lon="6.600881">
        <ele>637.6</ele>
        <time>2026-09-09T17:38:56.000Z</time>
        <extensions><power>300</power></extensions>
      </trkpt>
      <trkpt lat="46.527877" lon="6.600924">
        <ele>638.5</ele>
        <time>2026-09-09T17:39:00.000Z</time>
        <extensions><power>285</power></extensions>
      </trkpt>
      <trkpt lat="46.527976" lon="6.600968">
        <ele>639.4</ele>
        <time>2026-09-09T17:39:04.000Z</time>
        <extensions><power>271</power></extensions>
      </trkpt>
      <trkpt lat="46.528072" lon="6.601014">
        <ele>640.3</ele>
        <time>2026-09-09T17:39:08.000Z</time>
        <extensions><power>259</power></extensions>
      </trkpt>
      <trkpt lat="46.528166" lon="6.601062">
        <ele>641.2</ele>
        <time>2026-09-09T17:39:12.000Z</time>
        <extensions><power>248</power></extensions>
      </trkpt>
      <trkpt lat="46.528258" lon="6.601112">
        <ele>642.1</ele>
        <time>2026-09-09T17:39:16.000Z</time>
        <extensions><power>238</power></extensions>
      </trkpt>
      <trkpt lat="46.528347" lon="6.601164">
        <ele>643.0</ele>
        <time>2026-09-09T17:39:20.000Z</time>
        <extensions><power>229</power></extensions>
      </trkpt>
      <trkpt lat="46.528433" lon="6.601218">
        <ele>643.9</ele>
        <time>2026-09-09T17:39:24.000Z</time>
        <extensions><power>221</power></extensions>
      </trkpt>
      <trkpt lat="46.528517" lon="6.601273">
        <ele>644.7</ele>
        <time>2026-09-09T17:39:28.000Z</time>
        <extensions><power>215</power></extensions>
      </trkpt>
      <trkpt lat="46.528598" lon="6.601331">
        <ele>645.6</ele>
        <time>2026-09-09T17:39:32.000Z</time>
        <extensions><power>209</power></extensions>
      </trkpt>
      <trkpt lat="46.528677" lon="6.601391">
        <ele>646.5</ele>
        <time>2026-09-09T17:39:36.000Z</time>
        <extensions><power>204</power></extensions>
      </trkpt>
      <trkpt lat="46.528753" lon="6.601452">
        <ele>647.4</ele>
        <time>2026-09-09T17:39:40.000Z</time>
        <extensions><power>199</power></extensions>
      </trkpt>
      <trkpt lat="46.528827" lon="6.601516">
        <ele>648.2</ele>
        <time>2026-09-09T17:39:44.000Z</time>
        <extensions><power>196</power></extensions>
      </trkpt>
      <trkpt lat="46.528899" lon="6.601581">
        <ele>649.1</ele>
        <time>2026-09-09T17:39:48.000Z</time>
        <extensions><power>193</power></extensions>
      </trkpt>
      <trkpt lat="46.528968" lon="6.601648">
        <ele>649.9</ele>
        <time>2026-09-09T17:39:52.000Z</time>
        <extensions><power>190</power></extensions>
      </trkpt>
      <trkpt lat="46.529034" lon="6.601717">
        <ele>650.8</ele>
        <time>2026-09-09T17:39:56.000Z</time>
        <extensions><power>188</power></extensions>
      </trkpt>
      <trkpt lat="46.529099" lon="6.601787">
        <ele>651.6</ele>
        <time>2026-09-09T17:40:00.000Z</time>
        <extensions><power>186</power></extensions>
      </trkpt>
      <trkpt lat="46.529161" lon="6.601859">
        <ele>652.5</ele>
        <time>2026-09-09T17:40:04.000Z</time>
        <extensions><power>185</power></extensions>
      </trkpt>
      <trkpt lat="46.529222" lon="6.601933">
        <ele>653.3</ele>
        <time>2026-09-09T17:40:08.000Z</time>
        <extensions><power>183</power></extensions>
      </trkpt>
      <trkpt lat="46.529280" lon="6.602008">
        <ele>654.2</ele>
        <time>2026-09-09T17:40:12.000Z</time>
        <extensions><power>182</power></extensions>
      </trkpt>
      <trkpt lat="46.529337" lon="6.602085">
        <ele>655.0</ele>
        <time>2026-09-09T17:40:16.000Z</time>
        <extensions><power>182</power></extensions>
      </trkpt>
      <trkpt lat="46.529392" lon="6.602163">
        <ele>655.8</ele>
        <time>2026-09-09T17:40:20.000Z</time>
        <extensions><power>181</power></extensions>
      </trkpt>
      <trkpt lat="46.529445" lon="6.602242">
        <ele>656.6</ele>
        <time>2026-09-09T17:40:24.000Z</time>
        <extensions><power>180</power></extensions>
      </trkpt>
      <trkpt lat="46.529497" lon="6.602322">
        <ele>657.5</ele>
        <time>2026-09-09T17:40:28.000Z</time>
        <extensions><power>180</power></extensions>
      </trkpt>
      <trkpt lat="46.529548" lon="6.602403">
        <ele>658.3</ele>
        <time>2026-09-09T17:40:32.000Z</time>
        <extensions><power>179</power></extensions>
      </trkpt>
      <trkpt lat="46.529597" lon="6.602485">
        <ele>659.1</ele>
        <time>2026-09-09T17:40:36.000Z</time>
        <extensions><power>179</power></extensions>
      </trkpt>
      <trkpt lat="46.529646" lon="6.602568">
        <ele>659.9</ele>
        <time>2026-09-09T17:40:40.000Z</time>
        <extensions><power>179</power></extensions>
      </trkpt>
      <trkpt lat="46.529693" lon="6.602651">
        <ele>660.7</ele>
        <time>2026-09-09T17:40:44.000Z</time>
        <extensions><power>178</power></extensions>
      </trkpt>
      <trkpt lat="46.529740" lon="6.602736">
        <ele>661.5</ele>
        <time>2026-09-09T17:40:48.000Z</time>
        <extensions><power>178</power></extensions>
      </trkpt>
      <trkpt lat="46.529786" lon="6.602820">
        <ele>662.3</ele>
        <time>2026-09-09T17:40:52.000Z</time>
        <extensions><power>178</power></extensions>
      </trkpt>
      <trkpt lat="46.529832" lon="6.602905">
        <ele>663.1</ele>
        <time>2026-09-09T17:40:56.000Z</time>
        <extensions><power>178</power></extensions>
      </trkpt>
      <trkpt lat="46.529877" lon="6.602990">
        <ele>663.9</ele>
        <time>2026-09-09T17:41:00.000Z</time>
        <extensions><power>177</power></extensions>
      </trkpt>
      <trkpt lat="46.529922" lon="6.603076">
        <ele>664.7</ele>
        <time>2026-09-09T17:41:04.000Z</time>
        <extensions><power>177</power></extensions>
      </trkpt>
      <trkpt lat="46.529967" lon="6.603161">
        <ele>665.4</ele>
        <time>2026-09-09T17:41:08.000Z</time>
        <extensions><power>177</power></extensions>
      </trkpt>
      <trkpt lat="46.530013" lon="6.603246">
        <ele>666.2</ele>
        <time>2026-09-09T17:41:12.000Z</time>
        <extensions><power>177</power></extensions>
      </trkpt>
      <trkpt lat="46.530058" lon="6.603332">
        <ele>667.0</ele>
        <time>2026-09-09T17:41:16.000Z</time>
        <extensions><power>177</power></extensions>
      </trkpt>
      <trkpt lat="46.530104" lon="6.603416">
        <ele>667.8</ele>
        <time>2026-09-09T17:41:20.000Z</time>
        <extensions><power>176</power></extensions>
      </trkpt>
      <trkpt lat="46.530150" lon="6.603501">
        <ele>668.5</ele>
        <time>2026-09-09T17:41:24.000Z</time>
        <extensions><power>176</power></extensions>
      </trkpt>
      <trkpt lat="46.530197" lon="6.603585">
        <ele>669.3</ele>
        <time>2026-09-09T17:41:28.000Z</time>
        <extensions><power>176</power></extensions>
      </trkpt>
      <trkpt lat="46.530245" lon="6.603668">
        <ele>670.0</ele>
        <time>2026-09-09T17:41:32.000Z</time>
        <extensions><power>176</power></extensions>
      </trkpt>
      <trkpt lat="46.530293" lon="6.603751">
        <ele>670.8</ele>
        <time>2026-09-09T17:41:36.000Z</time>
        <extensions><power>176</power></extensions>
      </trkpt>
      <trkpt lat="46.530343" lon="6.603833">
        <ele>671.5</ele>
        <time>2026-09-09T17:41:40.000Z</time>
        <extensions><power>176</power></extensions>
      </trkpt>
      <trkpt lat="46.530393" lon="6.603914">
        <ele>672.3</ele>
        <time>2026-09-09T17:41:44.000Z</time>
        <extensions><power>175</power></extensions>
      </trkpt>
      <trkpt lat="46.530445" lon="6.603995">
        <ele>673.0</ele>
        <time>2026-09-09T17:41:48.000Z</time>
        <extensions><power>175</power></extensions>
      </trkpt>
      <trkpt lat="46.530498" lon="6.604074">
        <ele>673.7</ele>
        <time>2026-09-09T17:41:52.000Z</time>
        <extensions><power>175</power></extensions>
      </trkpt>
      <trkpt lat="46.530552" lon="6.604153">
        <ele>674.5</ele>
        <time>2026-09-09T17:41:56.000Z</time>
        <extensions><power>175</power></extensions>
      </trkpt>
      <trkpt lat="46.530608" lon="6.604230">
        <ele>675.2</ele>
        <time>2026-09-09T17:42:00.000Z</time>
        <extensions><power>175</power></extensions>
      </trkpt>
      <trkpt lat="46.530665" lon="6.604306">
        <ele>675.9</ele>
        <time>2026-09-09T17:42:04.000Z</time>
        <extensions><power>175</power></extensions>
      </trkpt>
      <trkpt lat="46.530723" lon="6.604381">
        <ele>676.6</ele>
        <time>2026-09-09T17:42:08.000Z</time>
        <extensions><power>175</power></extensions>
      </trkpt>
      <trkpt lat="46.530783" lon="6.604455">
        <ele>677.4</ele>
        <time>2026-09-09T17:42:12.000Z</time>
        <extensions><power>175</power></extensions>
      </trkpt>
      <trkpt lat="46.530845" lon="6.604528">
        <ele>678.1</ele>
        <time>2026-09-09T17:42:16.000Z</time>
        <extensions><power>175</power></extensions>
      </trkpt>
      <trkpt lat="46.530908" lon="6.604600">
        <ele>678.8</ele>
        <time>2026-09-09T17:42:20.000Z</time>
        <extensions><power>175</power></extensions>
      </trkpt>
      <trkpt lat="46.530973" lon="6.604670">
        <ele>679.5</ele>
        <time>2026-09-09T17:42:24.000Z</time>
        <extensions><power>175</power></extensions>
      </trkpt>
      <trkpt lat="46.531039" lon="6.604739">
        <ele>680.2</ele>
        <time>2026-09-09T17:42:28.000Z</time>
        <extensions><power>174</power></extensions>
      </trkpt>
      <trkpt lat="46.531107" lon="6.604807">
        <ele>680.9</ele>
        <time>2026-09-09T17:42:32.000Z</time>
        <extensions><power>174</power></extensions>
      </trkpt>
      <trkpt lat="46.531176" lon="6.604874">
        <ele>681.5</ele>
        <time>2026-09-09T17:42:36.000Z</time>
        <extensions><power>174</power></extensions>
      </trkpt>
      <trkpt lat="46.531247" lon="6.604939">
        <ele>682.2</ele>
        <time>2026-09-09T17:42:40.000Z</time>
        <extensions><power>174</power></extensions>
      </trkpt>
      <trkpt lat="46.531320" lon="6.605004">
        <ele>682.9</ele>
        <time>2026-09-09T17:42:44.000Z</time>
        <extensions><power>174</power></extensions>
      </trkpt>
      <trkpt lat="46.531394" lon="6.605067">
        <ele>683.6</ele>
        <time>2026-09-09T17:42:48.000Z</time>
        <extensions><power>174</power></extensions>
      </trkpt>
      <trkpt lat="46.531469" lon="6.605129">
        <ele>684.2</ele>
        <time>2026-09-09T17:42:52.000Z</time>
        <extensions><power>174</power></extensions>
      </trkpt>
      <trkpt lat="46.531546" lon="6.605191">
        <ele>684.9</ele>
        <time>2026-09-09T17:42:56.000Z</time>
        <extensions><power>174</power></extensions>
      </trkpt>
      <trkpt lat="46.531624" lon="6.605251">
        <ele>685.6</ele>
        <time>2026-09-09T17:43:00.000Z</time>
        <extensions><power>174</power></extensions>
      </trkpt>
      <trkpt lat="46.531703" lon="6.605310">
        <ele>686.2</ele>
        <time>2026-09-09T17:43:04.000Z</time>
        <extensions><power>174</power></extensions>
      </trkpt>
      <trkpt lat="46.531784" lon="6.605368">
        <ele>686.9</ele>
        <time>2026-09-09T17:43:08.000Z</time>
        <extensions><power>174</power></extensions>
      </trkpt>
      <trkpt lat="46.531865" lon="6.605426">
        <ele>687.5</ele>
        <time>2026-09-09T17:43:12.000Z</time>
        <extensions><power>174</power></extensions>
      </trkpt>
      <trkpt lat="46.531947" lon="6.605483">
        <ele>688.2</ele>
        <time>2026-09-09T17:43:16.000Z</time>
        <extensions><power>174</power></extensions>
      </trkpt>
      <trkpt lat="46.532030" lon="6.605539">
        <ele>688.8</ele>
        <time>2026-09-09T17:43:20.000Z</time>
        <extensions><power>174</power></extensions>
      </trkpt>
      <trkpt lat="46.532114" lon="6.605595">
        <ele>689.4</ele>
        <time>2026-09-09T17:43:24.000Z</time>
        <extensions><power>174</power></extensions>
      </trkpt>
      <trkpt lat="46.532199" lon="6.605650">
        <ele>690.1</ele>
        <time>2026-09-09T17:43:28.000Z</time>
        <extensions><power>175</power></extensions>
      </trkpt>
      <trkpt lat="46.532284" lon="6.605705">
        <ele>690.7</ele>
        <time>2026-09-09T17:43:32.000Z</time>
        <extensions><power>175</power></extensions>
      </trkpt>
      <trkpt lat="46.532369" lon="6.605760">
        <ele>691.3</ele>
        <time>2026-09-09T17:43:36.000Z</time>
        <extensions><power>175</power></extensions>
      </trkpt>
      <trkpt lat="46.532455" lon="6.605814">
        <ele>691.9</ele>
        <time>2026-09-09T17:43:40.000Z</time>
        <extensions><power>175</power></extensions>
      </trkpt>
      <trkpt lat="46.532541" lon="6.605868">
        <ele>692.5</ele>
        <time>2026-09-09T17:43:44.000Z</time>
        <extensions><power>175</power></extensions>
      </trkpt>
      <trkpt lat="46.532626" lon="6.605923">
        <ele>693.2</ele>
        <time>2026-09-09T17:43:48.000Z</time>
        <extensions><power>175</power></extensions>
      </trkpt>
      <trkpt lat="46.532712" lon="6.605977">
        <ele>693.8</ele>
        <time>2026-09-09T17:43:52.000Z</time>
        <extensions><power>176</power></extensions>
      </trkpt>
      <trkpt lat="46.532798" lon="6.606031">
        <ele>694.4</ele>
        <time>2026-09-09T17:43:56.000Z</time>
        <extensions><power>176</power></extensions>
      </trkpt>
      <trkpt lat="46.532883" lon="6.606086">
        <ele>694.9</ele>
        <time>2026-09-09T17:44:00.000Z</time>
        <extensions><power>177</power></extensions>
      </trkpt>
      <trkpt lat="46.532968" lon="6.606141">
        <ele>695.5</ele>
        <time>2026-09-09T17:44:04.000Z</time>
        <extensions><power>177</power></extensions>
      </trkpt>
      <trkpt lat="46.533052" lon="6.606197">
        <ele>696.1</ele>
        <time>2026-09-09T17:44:08.000Z</time>
        <extensions><power>178</power></extensions>
      </trkpt>
      <trkpt lat="46.533135" lon="6.606253">
        <ele>696.7</ele>
        <time>2026-09-09T17:44:12.000Z</time>
        <extensions><power>179</power></extensions>
      </trkpt>
      <trkpt lat="46.533218" lon="6.606309">
        <ele>697.3</ele>
        <time>2026-09-09T17:44:16.000Z</time>
        <extensions><power>181</power></extensions>
      </trkpt>
      <trkpt lat="46.533300" lon="6.606366">
        <ele>697.8</ele>
        <time>2026-09-09T17:44:20.000Z</time>
        <extensions><power>182</power></extensions>
      </trkpt>
      <trkpt lat="46.533381" lon="6.606424">
        <ele>698.4</ele>
        <time>2026-09-09T17:44:24.000Z</time>
        <extensions><power>184</power></extensions>
      </trkpt>
      <trkpt lat="46.533461" lon="6.606483">
        <ele>699.0</ele>
        <time>2026-09-09T17:44:28.000Z</time>
        <extensions><power>186</power></extensions>
      </trkpt>
      <trkpt lat="46.533540" lon="6.606543">
        <ele>699.5</ele>
        <time>2026-09-09T17:44:32.000Z</time>
        <extensions><power>189</power></extensions>
      </trkpt>
      <trkpt lat="46.533617" lon="6.606603">
        <ele>700.1</ele>
        <time>2026-09-09T17:44:36.000Z</time>
        <extensions><power>193</power></extensions>
      </trkpt>
      <trkpt lat="46.533693" lon="6.606665">
        <ele>700.6</ele>
        <time>2026-09-09T17:44:40.000Z</time>
        <extensions><power>197</power></extensions>
      </trkpt>
      <trkpt lat="46.533768" lon="6.606728">
        <ele>701.2</ele>
        <time>2026-09-09T17:44:44.000Z</time>
        <extensions><power>202</power></extensions>
      </trkpt>
      <trkpt lat="46.533841" lon="6.606792">
        <ele>701.7</ele>
        <time>2026-09-09T17:44:48.000Z</time>
        <extensions><power>207</power></extensions>
      </trkpt>
      <trkpt lat="46.533913" lon="6.606856">
        <ele>702.2</ele>
        <time>2026-09-09T17:44:52.000Z</time>
        <extensions><power>214</power></extensions>
      </trkpt>
      <trkpt lat="46.533984" lon="6.606923">
        <ele>702.8</ele>
        <time>2026-09-09T17:44:56.000Z</time>
        <extensions><power>221</power></extensions>
      </trkpt>
      <trkpt lat="46.534053" lon="6.606990">
        <ele>703.3</ele>
        <time>2026-09-09T17:45:00.000Z</time>
        <extensions><power>230</power></extensions>
      </trkpt>
      <trkpt lat="46.534120" lon="6.607058">
        <ele>703.8</ele>
        <time>2026-09-09T17:45:04.000Z</time>
        <extensions><power>240</power></extensions>
      </trkpt>
      <trkpt lat="46.534185" lon="6.607128">
        <ele>704.3</ele>
        <time>2026-09-09T17:45:08.000Z</time>
        <extensions><power>251</power></extensions>
      </trkpt>
      <trkpt lat="46.534249" lon="6.607199">
        <ele>704.8</ele>
        <time>2026-09-09T17:45:12.000Z</time>
        <extensions><power>263</power></extensions>
      </trkpt>
      <trkpt lat="46.534312" lon="6.607271">
        <ele>705.3</ele>
        <time>2026-09-09T17:45:16.000Z</time>
        <extensions><power>276</power></extensions>
      </trkpt>
      <trkpt lat="46.534373" lon="6.607344">
        <ele>705.8</ele>
        <time>2026-09-09T17:45:20.000Z</time>
        <extensions><power>290</power></extensions>
      </trkpt>
      <trkpt lat="46.534432" lon="6.607419">
        <ele>706.3</ele>
        <time>2026-09-09T17:45:24.000Z</time>
        <extensions><power>306</power></extensions>
      </trkpt>
      <trkpt lat="46.534490" lon="6.607494">
        <ele>706.8</ele>
        <time>2026-09-09T17:45:28.000Z</time>
        <extensions><power>322</power></extensions>
      </trkpt>
      <trkpt lat="46.534546" lon="6.607571">
        <ele>707.3</ele>
        <time>2026-09-09T17:45:32.000Z</time>
        <extensions><power>340</power></extensions>
      </trkpt>
      <trkpt lat="46.534601" lon="6.607649">
        <ele>707.8</ele>
        <time>2026-09-09T17:45:36.000Z</time>
        <extensions><power>358</power></extensions>
      </trkpt>
      <trkpt lat="46.534655" lon="6.607728">
        <ele>708.3</ele>
        <time>2026-09-09T17:45:40.000Z</time>
        <extensions><power>376</power></extensions>
      </trkpt>
      <trkpt lat="46.534707" lon="6.607808">
        <ele>708.8</ele>
        <time>2026-09-09T17:45:44.000Z</time>
        <extensions><power>395</power></extensions>
      </trkpt>
      <trkpt lat="46.534758" lon="6.607888">
        <ele>709.2</ele>
        <time>2026-09-09T17:45:48.000Z</time>
        <extensions><power>414</power></extensions>
      </trkpt>
      <trkpt lat="46.534808" lon="6.607970">
        <ele>709.7</ele>
        <time>2026-09-09T17:45:52.000Z</time>
        <extensions><power>432</power></extensions>
      </trkpt>
      <trkpt lat="46.534857" lon="6.608052">
        <ele>710.1</ele>
        <time>2026-09-09T17:45:56.000Z</time>
        <extensions><power>450</power></extensions>
      </trkpt>
      <trkpt lat="46.534906" lon="6.608136">
        <ele>710.6</ele>
        <time>2026-09-09T17:46:00.000Z</time>
        <extensions><power>466</power></extensions>
      </trkpt>
      <trkpt lat="46.534953" lon="6.608219">
        <ele>711.0</ele>
        <time>2026-09-09T17:46:04.000Z</time>
        <extensions><power>481</power></extensions>
      </trkpt>
      <trkpt lat="46.535000" lon="6.608303">
        <ele>711.5</ele>
        <time>2026-09-09T17:46:08.000Z</time>
        <extensions><power>495</power></extensions>
      </trkpt>
      <trkpt lat="46.535046" lon="6.608388">
        <ele>711.9</ele>
        <time>2026-09-09T17:46:12.000Z</time>
        <extensions><power>507</power></extensions>
      </trkpt>
      <trkpt lat="46.535091" lon="6.608473">
        <ele>712.4</ele>
        <time>2026-09-09T17:46:16.000Z</time>
        <extensions><power>516</power></extensions>
      </trkpt>
      <trkpt lat="46.535137" lon="6.608558">
        <ele>712.8</ele>
        <time>2026-09-09T17:46:20.000Z</time>
        <extensions><power>524</power></extensions>
      </trkpt>
      <trkpt lat="46.535182" lon="6.608644">
        <ele>713.2</ele>
        <time>2026-09-09T17:46:24.000Z</time>
        <extensions><power>528</power></extensions>
      </trkpt>
      <trkpt lat="46.535227" lon="6.608729">
        <ele>713.6</ele>
        <time>2026-09-09T17:46:28.000Z</time>
        <extensions><power>530</power></extensions>
      </trkpt>
      <trkpt lat="46.535272" lon="6.608814">
        <ele>714.1</ele>
        <time>2026-09-09T17:46:32.000Z</time>
        <extensions><power>530</power></extensions>
      </trkpt>
      <trkpt lat="46.535318" lon="6.608899">
        <ele>714.5</ele>
        <time>2026-09-09T17:46:36.000Z</time>
        <extensions><power>527</power></extensions>
      </trkpt>
      <trkpt lat="46.535364" lon="6.608984">
        <ele>714.9</ele>
        <time>2026-09-09T17:46:40.000Z</time>
        <extensions><power>521</power></extensions>
      </trkpt>
      <trkpt lat="46.535411" lon="6.609068">
        <ele>715.3</ele>
        <time>2026-09-09T17:46:44.000Z</time>
        <extensions><power>513</power></extensions>
      </trkpt>
      <trkpt lat="46.535458" lon="6.609152">
        <ele>715.7</ele>
        <time>2026-09-09T17:46:48.000Z</time>
        <extensions><power>502</power></extensions>
      </trkpt>
      <trkpt lat="46.535506" lon="6.609235">
        <ele>716.1</ele>
        <time>2026-09-09T17:46:52.000Z</time>
        <extensions><power>490</power></extensions>
      </trkpt>
      <trkpt lat="46.535555" lon="6.609317">
        <ele>716.4</ele>
        <time>2026-09-09T17:46:56.000Z</time>
        <extensions><power>475</power></extensions>
      </trkpt>
      <trkpt lat="46.535606" lon="6.609398">
        <ele>716.8</ele>
        <time>2026-09-09T17:47:00.000Z</time>
        <extensions><power>460</power></extensions>
      </trkpt>
      <trkpt lat="46.535657" lon="6.609479">
        <ele>717.2</ele>
        <time>2026-09-09T17:47:04.000Z</time>
        <extensions><power>443</power></extensions>
      </trkpt>
      <trkpt lat="46.535710" lon="6.609558">
        <ele>717.6</ele>
        <time>2026-09-09T17:47:08.000Z</time>
        <extensions><power>425</power></extensions>
      </trkpt>
      <trkpt lat="46.535765" lon="6.609636">
        <ele>717.9</ele>
        <time>2026-09-09T17:47:12.000Z</time>
        <extensions><power>407</power></extensions>
      </trkpt>
      <trkpt lat="46.535821" lon="6.609713">
        <ele>718.3</ele>
        <time>2026-09-09T17:47:16.000Z</time>
        <extensions><power>388</power></extensions>
      </trkpt>
      <trkpt lat="46.535880" lon="6.609788">
        <ele>718.7</ele>
        <time>2026-09-09T17:47:20.000Z</time>
        <extensions><power>370</power></extensions>
      </trkpt>
      <trkpt lat="46.535940" lon="6.609862">
        <ele>719.0</ele>
        <time>2026-09-09T17:47:24.000Z</time>
        <extensions><power>352</power></extensions>
      </trkpt>
      <trkpt lat="46.536002" lon="6.609934">
        <ele>719.4</ele>
        <time>2026-09-09T17:47:28.000Z</time>
        <extensions><power>335</power></extensions>
      </trkpt>
      <trkpt lat="46.536066" lon="6.610005">
        <ele>719.7</ele>
        <time>2026-09-09T17:47:32.000Z</time>
        <extensions><power>318</power></extensions>
      </trkpt>
      <trkpt lat="46.536133" lon="6.610074">
        <ele>720.0</ele>
        <time>2026-09-09T17:47:36.000Z</time>
        <extensions><power>302</power></extensions>
      </trkpt>
      <trkpt lat="46.536202" lon="6.610141">
        <ele>720.4</ele>
        <time>2026-09-09T17:47:40.000Z</time>
        <extensions><power>288</power></extensions>
      </trkpt>
      <trkpt lat="46.536273" lon="6.610206">
        <ele>720.7</ele>
        <time>2026-09-09T17:47:44.000Z</time>
        <extensions><power>274</power></extensions>
      </trkpt>
      <trkpt lat="46.536347" lon="6.610270">
        <ele>721.0</ele>
        <time>2026-09-09T17:47:48.000Z</time>
        <extensions><power>262</power></extensions>
      </trkpt>
      <trkpt lat="46.536424" lon="6.610331">
        <ele>721.3</ele>
        <time>2026-09-09T17:47:52.000Z</time>
        <extensions><power>251</power></extensions>
      </trkpt>
      <trkpt lat="46.536503" lon="6.610390">
        <ele>721.7</ele>
        <time>2026-09-09T17:47:56.000Z</time>
        <extensions><power>241</power></extensions>
      </trkpt>
      <trkpt lat="46.536585" lon="6.610448">
        <ele>722.0</ele>
        <time>2026-09-09T17:48:00.000Z</time>
        <extensions><power>232</power></extensions>
      </trkpt>
      <trkpt lat="46.536669" lon="6.610503">
        <ele>722.3</ele>
        <time>2026-09-09T17:48:04.000Z</time>
        <extensions><power>224</power></extensions>
      </trkpt>
      <trkpt lat="46.536756" lon="6.610556">
        <ele>722.6</ele>
        <time>2026-09-09T17:48:08.000Z</time>
        <extensions><power>217</power></extensions>
      </trkpt>
      <trkpt lat="46.536846" lon="6.610607">
        <ele>722.9</ele>
        <time>2026-09-09T17:48:12.000Z</time>
        <extensions><power>211</power></extensions>
      </trkpt>
      <trkpt lat="46.536939" lon="6.610656">
        <ele>723.2</ele>
        <time>2026-09-09T17:48:16.000Z</time>
        <extensions><power>206</power></extensions>
      </trkpt>
      <trkpt lat="46.537034" lon="6.610703">
        <ele>723.4</ele>
        <time>2026-09-09T17:48:20.000Z</time>
        <extensions><power>202</power></extensions>
      </trkpt>
      <trkpt lat="46.537132" lon="6.610748">
        <ele>723.7</ele>
        <time>2026-09-09T17:48:24.000Z</time>
        <extensions><power>199</power></extensions>
      </trkpt>
      <trkpt lat="46.537233" lon="6.610791">
        <ele>724.0</ele>
        <time>2026-09-09T17:48:28.000Z</time>
        <extensions><power>196</power></extensions>
      </trkpt>
      <trkpt lat="46.537336" lon="6.610832">
        <ele>724.3</ele>
        <time>2026-09-09T17:48:32.000Z</time>
        <extensions><power>193</power></extensions>
      </trkpt>
      <trkpt lat="46.537442" lon="6.610871">
        <ele>724.5</ele>
        <time>2026-09-09T17:48:36.000Z</time>
        <extensions><power>191</power></extensions>
      </trkpt>
      <trkpt lat="46.537550" lon="6.610908">
        <ele>724.8</ele>
        <time>2026-09-09T17:48:40.000Z</time>
        <extensions><power>190</power></extensions>
      </trkpt>
      <trkpt lat="46.537660" lon="6.610944">
        <ele>725.0</ele>
        <time>2026-09-09T17:48:44.000Z</time>
        <extensions><power>188</power></extensions>
      </trkpt>
      <trkpt lat="46.537773" lon="6.610977">
        <ele>725.3</ele>
        <time>2026-09-09T17:48:48.000Z</time>
        <extensions><power>187</power></extensions>
      </trkpt>
      <trkpt lat="46.537889" lon="6.611009">
        <ele>725.5</ele>
        <time>2026-09-09T17:48:52.000Z</time>
        <extensions><power>186</power></extensions>
      </trkpt>
      <trkpt lat="46.538006" lon="6.611039">
        <ele>725.8</ele>
        <time>2026-09-09T17:48:56.000Z</time>
        <extensions><power>186</power></extensions>
      </trkpt>
      <trkpt lat="46.538125" lon="6.611068">
        <ele>726.0</ele>
        <time>2026-09-09T17:49:00.000Z</time>
        <extensions><power>185</power></extensions>
      </trkpt>
      <trkpt lat="46.538247" lon="6.611095">
        <ele>726.2</ele>
        <time>2026-09-09T17:49:04.000Z</time>
        <extensions><power>185</power></extensions>
      </trkpt>
      <trkpt lat="46.538370" lon="6.611121">
        <ele>726.5</ele>
        <time>2026-09-09T17:49:08.000Z</time>
        <extensions><power>184</power></extensions>
      </trkpt>
      <trkpt lat="46.538494" lon="6.611145">
        <ele>726.7</ele>
        <time>2026-09-09T17:49:12.000Z</time>
        <extensions><power>184</power></extensions>
      </trkpt>
      <trkpt lat="46.538620" lon="6.611169">
        <ele>726.9</ele>
        <time>2026-09-09T17:49:16.000Z</time>
        <extensions><power>184</power></extensions>
      </trkpt>
      <trkpt lat="46.538748" lon="6.611191">
        <ele>727.1</ele>
        <time>2026-09-09T17:49:20.000Z</time>
        <extensions><power>184</power></extensions>
      </trkpt>
      <trkpt lat="46.538876" lon="6.611212">
        <ele>727.3</ele>
        <time>2026-09-09T17:49:24.000Z</time>
        <extensions><power>183</power></extensions>
      </trkpt>
      <trkpt lat="46.539006" lon="6.611233">
        <ele>727.5</ele>
        <time>2026-09-09T17:49:28.000Z</time>
        <extensions><power>183</power></extensions>
      </trkpt>
      <trkpt lat="46.539137" lon="6.611253">
        <ele>727.7</ele>
        <time>2026-09-09T17:49:32.000Z</time>
        <extensions><power>183</power></extensions>
      </trkpt>
      <trkpt lat="46.539268" lon="6.611273">
        <ele>727.9</ele>
        <time>2026-09-09T17:49:36.000Z</time>
        <extensions><power>183</power></extensions>
      </trkpt>
      <trkpt lat="46.539400" lon="6.611292">
        <ele>728.1</ele>
        <time>2026-09-09T17:49:40.000Z</time>
        <extensions><power>183</power></extensions>
      </trkpt>
      <trkpt lat="46.539532" lon="6.611311">
        <ele>728.3</ele>
        <time>2026-09-09T17:49:44.000Z</time>
        <extensions><power>183</power></extensions>
      </trkpt>
      <trkpt lat="46.539664" lon="6.611329">
        <ele>728.5</ele>
        <time>2026-09-09T17:49:48.000Z</time>
        <extensions><power>182</power></extensions>
      </trkpt>
      <trkpt lat="46.539797" lon="6.611348">
        <ele>728.6</ele>
        <time>2026-09-09T17:49:52.000Z</time>
        <extensions><power>182</power></extensions>
      </trkpt>
      <trkpt lat="46.539929" lon="6.611367">
        <ele>728.8</ele>
        <time>2026-09-09T17:49:56.000Z</time>
        <extensions><power>182</power></extensions>
      </trkpt>
      <trkpt lat="46.540061" lon="6.611385">
        <ele>729.0</ele>
        <time>2026-09-09T17:50:00.000Z</time>
        <extensions><power>182</power></extensions>
      </trkpt>
      <trkpt lat="46.540192" lon="6.611405">
        <ele>729.1</ele>
        <time>2026-09-09T17:50:04.000Z</time>
        <extensions><power>182</power></extensions>
      </trkpt>
      <trkpt lat="46.540323" lon="6.611425">
        <ele>729.3</ele>
        <time>2026-09-09T17:50:08.000Z</time>
        <extensions><power>182</power></extensions>
      </trkpt>
      <trkpt lat="46.540453" lon="6.611445">
        <ele>729.4</ele>
        <time>2026-09-09T17:50:12.000Z</time>
        <extensions><power>181</power></extensions>
      </trkpt>
      <trkpt lat="46.540582" lon="6.611466">
        <ele>729.6</ele>
        <time>2026-09-09T17:50:16.000Z</time>
        <extensions><power>181</power></extensions>
      </trkpt>
      <trkpt lat="46.540710" lon="6.611488">
        <ele>729.7</ele>
        <time>2026-09-09T17:50:20.000Z</time>
        <extensions><power>181</power></extensions>
      </trkpt>
      <trkpt lat="46.540837" lon="6.611511">
        <ele>729.8</ele>
        <time>2026-09-09T17:50:24.000Z</time>
        <extensions><power>181</power></extensions>
      </trkpt>
      <trkpt lat="46.540962" lon="6.611535">
        <ele>730.0</ele>
        <time>2026-09-09T17:50:28.000Z</time>
        <extensions><power>180</power></extensions>
      </trkpt>
      <trkpt lat="46.541086" lon="6.611561">
        <ele>730.1</ele>
        <time>2026-09-09T17:50:32.000Z</time>
        <extensions><power>180</power></extensions>
      </trkpt>
      <trkpt lat="46.541208" lon="6.611587">
        <ele>730.2</ele>
        <time>2026-09-09T17:50:36.000Z</time>
        <extensions><power>180</power></extensions>
      </trkpt>
      <trkpt lat="46.541328" lon="6.611615">
        <ele>730.3</ele>
        <time>2026-09-09T17:50:40.000Z</time>
        <extensions><power>180</power></extensions>
      </trkpt>
      <trkpt lat="46.541446" lon="6.611645">
        <ele>730.4</ele>
        <time>2026-09-09T17:50:44.000Z</time>
        <extensions><power>179</power></extensions>
      </trkpt>
      <trkpt lat="46.541563" lon="6.611676">
        <ele>730.5</ele>
        <time>2026-09-09T17:50:48.000Z</time>
        <extensions><power>179</power></extensions>
      </trkpt>
      <trkpt lat="46.541677" lon="6.611708">
        <ele>730.6</ele>
        <time>2026-09-09T17:50:52.000Z</time>
        <extensions><power>179</power></extensions>
      </trkpt>
      <trkpt lat="46.541789" lon="6.611742">
        <ele>730.7</ele>
        <time>2026-09-09T17:50:56.000Z</time>
        <extensions><power>179</power></extensions>
      </trkpt>
      <trkpt lat="46.541899" lon="6.611778">
        <ele>730.8</ele>
        <time>2026-09-09T17:51:00.000Z</time>
        <extensions><power>178</power></extensions>
      </trkpt>
      <trkpt lat="46.542006" lon="6.611816">
        <ele>730.9</ele>
        <time>2026-09-09T17:51:04.000Z</time>
        <extensions><power>178</power></extensions>
      </trkpt>
      <trkpt lat="46.542111" lon="6.611856">
        <ele>731.0</ele>
        <time>2026-09-09T17:51:08.000Z</time>
        <extensions><power>178</power></extensions>
      </trkpt>
      <trkpt lat="46.542213" lon="6.611897">
        <ele>731.0</ele>
        <time>2026-09-09T17:51:12.000Z</time>
        <extensions><power>177</power></extensions>
      </trkpt>
      <trkpt lat="46.542313" lon="6.611941">
        <ele>731.1</ele>
        <time>2026-09-09T17:51:16.000Z</time>
        <extensions><power>177</power></extensions>
      </trkpt>
      <trkpt lat="46.542410" lon="6.611986">
        <ele>731.2</ele>
        <time>2026-09-09T17:51:20.000Z</time>
        <extensions><power>177</power></extensions>
      </trkpt>
      <trkpt lat="46.542505" lon="6.612034">
        <ele>731.2</ele>
        <time>2026-09-09T17:51:24.000Z</time>
        <extensions><power>176</power></extensions>
      </trkpt>
      <trkpt lat="46.542597" lon="6.612083">
        <ele>731.3</ele>
        <time>2026-09-09T17:51:28.000Z</time>
        <extensions><power>176</power></extensions>
      </trkpt>
      <trkpt lat="46.542687" lon="6.612134">
        <ele>731.3</ele>
        <time>2026-09-09T17:51:32.000Z</time>
        <extensions><power>175</power></extensions>
      </trkpt>
      <trkpt lat="46.542774" lon="6.612187">
        <ele>731.4</ele>
        <time>2026-09-09T17:51:36.000Z</time>
        <extensions><power>175</power></extensions>
      </trkpt>
      <trkpt lat="46.542859" lon="6.612243">
        <ele>731.4</ele>
        <time>2026-09-09T17:51:40.000Z</time>
        <extensions><power>175</power></extensions>
      </trkpt>
      <trkpt lat="46.542941" lon="6.612300">
        <ele>731.4</ele>
        <time>2026-09-09T17:51:44.000Z</time>
        <extensions><power>174</power></extensions>
      </trkpt>
      <trkpt lat="46.543021" lon="6.612359">
        <ele>731.5</ele>
        <time>2026-09-09T17:51:48.000Z</time>
        <extensions><power>174</power></extensions>
      </trkpt>
      <trkpt lat="46.543098" lon="6.612419">
        <ele>731.5</ele>
        <time>2026-09-09T17:51:52.000Z</time>
        <extensions><power>174</power></extensions>
      </trkpt>
      <trkpt lat="46.543173" lon="6.612482">
        <ele>731.5</ele>
        <time>2026-09-09T17:51:56.000Z</time>
        <extensions><power>173</power></extensions>
      </trkpt>
      <trkpt lat="46.543245" lon="6.612546">
        <ele>731.5</ele>
        <time>2026-09-09T17:52:00.000Z</time>
        <extensions><power>173</power></extensions>
      </trkpt>
      <trkpt lat="46.543316" lon="6.612612">
        <ele>731.5</ele>
        <time>2026-09-09T17:52:04.000Z</time>
        <extensions><power>172</power></extensions>
      </trkpt>
      <trkpt lat="46.543384" lon="6.612680">
        <ele>731.5</ele>
        <time>2026-09-09T17:52:08.000Z</time>
        <extensions><power>172</power></extensions>
      </trkpt>
      <trkpt lat="46.543450" lon="6.612749">
        <ele>731.5</ele>
        <time>2026-09-09T17:52:12.000Z</time>
        <extensions><power>172</power></extensions>
      </trkpt>
      <trkpt lat="46.543515" lon="6.612820">
        <ele>731.5</ele>
        <time>2026-09-09T17:52:16.000Z</time>
        <extensions><power>171</power></extensions>
      </trkpt>
      <trkpt lat="46.543577" lon="6.612892">
        <ele>731.5</ele>
        <time>2026-09-09T17:52:20.000Z</time>
        <extensions><power>171</power></extensions>
      </trkpt>
      <trkpt lat="46.543638" lon="6.612966">
        <ele>731.5</ele>
        <time>2026-09-09T17:52:24.000Z</time>
        <extensions><power>170</power></extensions>
      </trkpt>
      <trkpt lat="46.543697" lon="6.613040">
        <ele>731.5</ele>
        <time>2026-09-09T17:52:28.000Z</time>
        <extensions><power>170</power></extensions>
      </trkpt>
      <trkpt lat="46.543754" lon="6.613116">
        <ele>731.5</ele>
        <time>2026-09-09T17:52:32.000Z</time>
        <extensions><power>170</power></extensions>
      </trkpt>
      <trkpt lat="46.543811" lon="6.613193">
        <ele>731.4</ele>
        <time>2026-09-09T17:52:36.000Z</time>
        <extensions><power>170</power></extensions>
      </trkpt>
      <trkpt lat="46.543865" lon="6.613271">
        <ele>731.4</ele>
        <time>2026-09-09T17:52:40.000Z</time>
        <extensions><power>170</power></extensions>
      </trkpt>
      <trkpt lat="46.543919" lon="6.613350">
        <ele>731.4</ele>
        <time>2026-09-09T17:52:44.000Z</time>
        <extensions><power>170</power></extensions>
      </trkpt>
      <trkpt lat="46.543972" lon="6.613429">
        <ele>731.3</ele>
        <time>2026-09-09T17:52:48.000Z</time>
        <extensions><power>170</power></extensions>
      </trkpt>
      <trkpt lat="46.544024" lon="6.613510">
        <ele>731.3</ele>
        <time>2026-09-09T17:52:52.000Z</time>
        <extensions><power>170</power></extensions>
      </trkpt>
      <trkpt lat="46.544075" lon="6.613591">
        <ele>731.2</ele>
        <time>2026-09-09T17:52:56.000Z</time>
        <extensions><power>171</power></extensions>
      </trkpt>
      <trkpt lat="46.544125" lon="6.613672">
        <ele>731.2</ele>
        <time>2026-09-09T17:53:00.000Z</time>
        <extensions><power>172</power></extensions>
      </trkpt>
      <trkpt lat="46.544175" lon="6.613754">
        <ele>731.1</ele>
        <time>2026-09-09T17:53:04.000Z</time>
        <extensions><power>173</power></extensions>
      </trkpt>
      <trkpt lat="46.544224" lon="6.613836">
        <ele>731.0</ele>
        <time>2026-09-09T17:53:08.000Z</time>
        <extensions><power>174</power></extensions>
      </trkpt>
      <trkpt lat="46.544273" lon="6.613918">
        <ele>731.0</ele>
        <time>2026-09-09T17:53:12.000Z</time>
        <extensions><power>176</power></extensions>
      </trkpt>
      <trkpt lat="46.544322" lon="6.614001">
        <ele>730.9</ele>
        <time>2026-09-09T17:53:16.000Z</time>
        <extensions><power>179</power></extensions>
      </trkpt>
      <trkpt lat="46.544371" lon="6.614083">
        <ele>730.8</ele>
        <time>2026-09-09T17:53:20.000Z</time>
        <extensions><power>182</power></extensions>
      </trkpt>
      <trkpt lat="46.544420" lon="6.614166">
        <ele>730.7</ele>
        <time>2026-09-09T17:53:24.000Z</time>
        <extensions><power>186</power></extensions>
      </trkpt>
      <trkpt lat="46.544469" lon="6.614248">
        <ele>730.6</ele>
        <time>2026-09-09T17:53:28.000Z</time>
        <extensions><power>191</power></extensions>
      </trkpt>
      <trkpt lat="46.544518" lon="6.614330">
        <ele>730.5</ele>
        <time>2026-09-09T17:53:32.000Z</time>
        <extensions><power>196</power></extensions>
      </trkpt>
      <trkpt lat="46.544568" lon="6.614412">
        <ele>730.4</ele>
        <time>2026-09-09T17:53:36.000Z</time>
        <extensions><power>203</power></extensions>
      </trkpt>
      <trkpt lat="46.544618" lon="6.614494">
        <ele>730.3</ele>
        <time>2026-09-09T17:53:40.000Z</time>
        <extensions><power>210</power></extensions>
      </trkpt>
      <trkpt lat="46.544668" lon="6.614575">
        <ele>730.2</ele>
        <time>2026-09-09T17:53:44.000Z</time>
        <extensions><power>219</power></extensions>
      </trkpt>
      <trkpt lat="46.544719" lon="6.614656">
        <ele>730.1</ele>
        <time>2026-09-09T17:53:48.000Z</time>
        <extensions><power>229</power></extensions>
      </trkpt>
      <trkpt lat="46.544771" lon="6.614737">
        <ele>730.0</ele>
        <time>2026-09-09T17:53:52.000Z</time>
        <extensions><power>240</power></extensions>
      </trkpt>
      <trkpt lat="46.544823" lon="6.614816">
        <ele>729.9</ele>
        <time>2026-09-09T17:53:56.000Z</time>
        <extensions><power>252</power></extensions>
      </trkpt>
      <trkpt lat="46.544876" lon="6.614896">
        <ele>729.7</ele>
        <time>2026-09-09T17:54:00.000Z</time>
        <extensions><power>265</power></extensions>
      </trkpt>
      <trkpt lat="46.544929" lon="6.614975">
        <ele>729.6</ele>
        <time>2026-09-09T17:54:04.000Z</time>
        <extensions><power>280</power></extensions>
      </trkpt>
      <trkpt lat="46.544984" lon="6.615053">
        <ele>729.5</ele>
        <time>2026-09-09T17:54:08.000Z</time>
        <extensions><power>295</power></extensions>
      </trkpt>
      <trkpt lat="46.545039" lon="6.615131">
        <ele>729.3</ele>
        <time>2026-09-09T17:54:12.000Z</time>
        <extensions><power>311</power></extensions>
      </trkpt>
      <trkpt lat="46.545095" lon="6.615208">
        <ele>729.2</ele>
        <time>2026-09-09T17:54:16.000Z</time>
        <extensions><power>329</power></extensions>
      </trkpt>
      <trkpt lat="46.545151" lon="6.615285">
        <ele>729.0</ele>
        <time>2026-09-09T17:54:20.000Z</time>
        <extensions><power>346</power></extensions>
      </trkpt>
      <trkpt lat="46.545209" lon="6.615361">
        <ele>728.9</ele>
        <time>2026-09-09T17:54:24.000Z</time>
        <extensions><power>364</power></extensions>
      </trkpt>
      <trkpt lat="46.545267" lon="6.615436">
        <ele>728.7</ele>
        <time>2026-09-09T17:54:28.000Z</time>
        <extensions><power>382</power></extensions>
      </trkpt>
      <trkpt lat="46.545325" lon="6.615511">
        <ele>728.5</ele>
        <time>2026-09-09T17:54:32.000Z</time>
        <extensions><power>400</power></extensions>
      </trkpt>
      <trkpt lat="46.545385" lon="6.615585">
        <ele>728.4</ele>
        <time>2026-09-09T17:54:36.000Z</time>
        <extensions><power>417</power></extensions>
      </trkpt>
      <trkpt lat="46.545445" lon="6.615659">
        <ele>728.2</ele>
        <time>2026-09-09T17:54:40.000Z</time>
        <extensions><power>433</power></extensions>
      </trkpt>
      <trkpt lat="46.545505" lon="6.615733">
        <ele>728.0</ele>
        <time>2026-09-09T17:54:44.000Z</time>
        <extensions><power>448</power></extensions>
      </trkpt>
      <trkpt lat="46.545566" lon="6.615806">
        <ele>727.8</ele>
        <time>2026-09-09T17:54:48.000Z</time>
        <extensions><power>462</power></extensions>
      </trkpt>
      <trkpt lat="46.545628" lon="6.615879">
        <ele>727.6</ele>
        <time>2026-09-09T17:54:52.000Z</time>
        <extensions><power>474</power></extensions>
      </trkpt>
      <trkpt lat="46.545690" lon="6.615952">
        <ele>727.4</ele>
        <time>2026-09-09T17:54:56.000Z</time>
        <extensions><power>483</power></extensions>
      </trkpt>
      <trkpt lat="46.545752" lon="6.616024">
        <ele>727.2</ele>
        <time>2026-09-09T17:55:00.000Z</time>
        <extensions><power>491</power></extensions>
      </trkpt>
      <trkpt lat="46.545814" lon="6.616096">
        <ele>727.0</ele>
        <time>2026-09-09T17:55:04.000Z</time>
        <extensions><power>496</power></extensions>
      </trkpt>
      <trkpt lat="46.545876" lon="6.616169">
        <ele>726.8</ele>
        <time>2026-09-09T17:55:08.000Z</time>
        <extensions><power>498</power></extensions>
      </trkpt>
      <trkpt lat="46.545938" lon="6.616241">
        <ele>726.6</ele>
        <time>2026-09-09T17:55:12.000Z</time>
        <extensions><power>498</power></extensions>
      </trkpt>
      <trkpt lat="46.546000" lon="6.616313">
        <ele>726.4</ele>
        <time>2026-09-09T17:55:16.000Z</time>
        <extensions><power>495</power></extensions>
      </trkpt>
      <trkpt lat="46.546062" lon="6.616386">
        <ele>726.2</ele>
        <time>2026-09-09T17:55:20.000Z</time>
        <extensions><power>489</power></extensions>
      </trkpt>
      <trkpt lat="46.546124" lon="6.616459">
        <ele>725.9</ele>
        <time>2026-09-09T17:55:24.000Z</time>
        <extensions><power>481</power></extensions>
      </trkpt>
      <trkpt lat="46.546184" lon="6.616532">
        <ele>725.7</ele>
        <time>2026-09-09T17:55:28.000Z</time>
        <extensions><power>471</power></extensions>
      </trkpt>
      <trkpt lat="46.546245" lon="6.616606">
        <ele>725.5</ele>
        <time>2026-09-09T17:55:32.000Z</time>
        <extensions><power>458</power></extensions>
      </trkpt>
      <trkpt lat="46.546304" lon="6.616681">
        <ele>725.2</ele>
        <time>2026-09-09T17:55:36.000Z</time>
        <extensions><power>444</power></extensions>
      </trkpt>
      <trkpt lat="46.546363" lon="6.616756">
        <ele>725.0</ele>
        <time>2026-09-09T17:55:40.000Z</time>
        <extensions><power>428</power></extensions>
      </trkpt>
      <trkpt lat="46.546420" lon="6.616832">
        <ele>724.7</ele>
        <time>2026-09-09T17:55:44.000Z</time>
        <extensions><power>411</power></extensions>
      </trkpt>
      <trkpt lat="46.546477" lon="6.616908">
        <ele>724.5</ele>
        <time>2026-09-09T17:55:48.000Z</time>
        <extensions><power>393</power></extensions>
      </trkpt>
      <trkpt lat="46.546532" lon="6.616986">
        <ele>724.2</ele>
        <time>2026-09-09T17:55:52.000Z</time>
        <extensions><power>375</power></extensions>
      </trkpt>
      <trkpt lat="46.546585" lon="6.617065">
        <ele>723.9</ele>
        <time>2026-09-09T17:55:56.000Z</time>
        <extensions><power>356</power></extensions>
      </trkpt>
      <trkpt lat="46.546638" lon="6.617145">
        <ele>723.7</ele>
        <time>2026-09-09T17:56:00.000Z</time>
        <extensions><power>337</power></extensions>
      </trkpt>
      <trkpt lat="46.546688" lon="6.617226">
        <ele>723.4</ele>
        <time>2026-09-09T17:56:04.000Z</time>
        <extensions><power>318</power></extensions>
      </trkpt>
      <trkpt lat="46.546737" lon="6.617308">
        <ele>723.1</ele>
        <time>2026-09-09T17:56:08.000Z</time>
        <extensions><power>300</power></extensions>
      </trkpt>
      <trkpt lat="46.546784" lon="6.617392">
        <ele>722.8</ele>
        <time>2026-09-09T17:56:12.000Z</time>
        <extensions><power>282</power></extensions>
      </trkpt>
      <trkpt lat="46.546829" lon="6.617478">
        <ele>722.5</ele>
        <time>2026-09-09T17:56:16.000Z</time>
        <extensions><power>266</power></extensions>
      </trkpt>
      <trkpt lat="46.546872" lon="6.617565">
        <ele>722.3</ele>
        <time>2026-09-09T17:56:20.000Z</time>
        <extensions><power>250</power></extensions>
      </trkpt>
      <trkpt lat="46.546913" lon="6.617654">
        <ele>722.0</ele>
        <time>2026-09-09T17:56:24.000Z</time>
        <extensions><power>236</power></extensions>
      </trkpt>
      <trkpt lat="46.546951" lon="6.617744">
        <ele>721.7</ele>
        <time>2026-09-09T17:56:28.000Z</time>
        <extensions><power>222</power></extensions>
      </trkpt>
      <trkpt lat="46.546987" lon="6.617836">
        <ele>721.3</ele>
        <time>2026-09-09T17:56:32.000Z</time>
        <extensions><power>210</power></extensions>
      </trkpt>
      <trkpt lat="46.547021" lon="6.617930">
        <ele>721.0</ele>
        <time>2026-09-09T17:56:36.000Z</time>
        <extensions><power>200</power></extensions>
      </trkpt>
      <trkpt lat="46.547052" lon="6.618026">
        <ele>720.7</ele>
        <time>2026-09-09T17:56:40.000Z</time>
        <extensions><power>190</power></extensions>
      </trkpt>
      <trkpt lat="46.547081" lon="6.618124">
        <ele>720.4</ele>
        <time>2026-09-09T17:56:44.000Z</time>
        <extensions><power>181</power></extensions>
      </trkpt>
      <trkpt lat="46.547107" lon="6.618224">
        <ele>720.1</ele>
        <time>2026-09-09T17:56:48.000Z</time>
        <extensions><power>174</power></extensions>
      </trkpt>
      <trkpt lat="46.547131" lon="6.618326">
        <ele>719.8</ele>
        <time>2026-09-09T17:56:52.000Z</time>
        <extensions><power>167</power></extensions>
      </trkpt>
      <trkpt lat="46.547152" lon="6.618430">
        <ele>719.4</ele>
        <time>2026-09-09T17:56:56.000Z</time>
        <extensions><power>161</power></extensions>
      </trkpt>
      <trkpt lat="46.547170" lon="6.618536">
        <ele>719.1</ele>
        <time>2026-09-09T17:57:00.000Z</time>
        <extensions><power>157</power></extensions>
      </trkpt>
      <trkpt lat="46.547186" lon="6.618644">
        <ele>718.7</ele>
        <time>2026-09-09T17:57:04.000Z</time>
        <extensions><power>153</power></extensions>
      </trkpt>
      <trkpt lat="46.547199" lon="6.618754">
        <ele>718.4</ele>
        <time>2026-09-09T17:57:08.000Z</time>
        <extensions><power>149</power></extensions>
      </trkpt>
      <trkpt lat="46.547209" lon="6.618865">
        <ele>718.0</ele>
        <time>2026-09-09T17:57:12.000Z</time>
        <extensions><power>146</power></extensions>
      </trkpt>
      <trkpt lat="46.547217" lon="6.618979">
        <ele>717.7</ele>
        <time>2026-09-09T17:57:16.000Z</time>
        <extensions><power>144</power></extensions>
      </trkpt>
      <trkpt lat="46.547222" lon="6.619095">
        <ele>717.3</ele>
        <time>2026-09-09T17:57:20.000Z</time>
        <extensions><power>142</power></extensions>
      </trkpt>
      <trkpt lat="46.547224" lon="6.619213">
        <ele>717.0</ele>
        <time>2026-09-09T17:57:24.000Z</time>
        <extensions><power>140</power></extensions>
      </trkpt>
      <trkpt lat="46.547224" lon="6.619333">
        <ele>716.6</ele>
        <time>2026-09-09T17:57:28.000Z</time>
        <extensions><power>139</power></extensions>
      </trkpt>
      <trkpt lat="46.547222" lon="6.619455">
        <ele>716.2</ele>
        <time>2026-09-09T17:57:32.000Z</time>
        <extensions><power>138</power></extensions>
      </trkpt>
      <trkpt lat="46.547217" lon="6.619578">
        <ele>715.8</ele>
        <time>2026-09-09T17:57:36.000Z</time>
        <extensions><power>137</power></extensions>
      </trkpt>
      <trkpt lat="46.547210" lon="6.619704">
        <ele>715.5</ele>
        <time>2026-09-09T17:57:40.000Z</time>
        <extensions><power>136</power></extensions>
      </trkpt>
      <trkpt lat="46.547201" lon="6.619830">
        <ele>715.1</ele>
        <time>2026-09-09T17:57:44.000Z</time>
        <extensions><power>135</power></extensions>
      </trkpt>
      <trkpt lat="46.547190" lon="6.619959">
        <ele>714.7</ele>
        <time>2026-09-09T17:57:48.000Z</time>
        <extensions><power>135</power></extensions>
      </trkpt>
      <trkpt lat="46.547177" lon="6.620089">
        <ele>714.3</ele>
        <time>2026-09-09T17:57:52.000Z</time>
        <extensions><power>134</power></extensions>
      </trkpt>
      <trkpt lat="46.547162" lon="6.620220">
        <ele>713.9</ele>
        <time>2026-09-09T17:57:56.000Z</time>
        <extensions><power>134</power></extensions>
      </trkpt>
      <trkpt lat="46.547145" lon="6.620353">
        <ele>713.5</ele>
        <time>2026-09-09T17:58:00.000Z</time>
        <extensions><power>134</power></extensions>
      </trkpt>
      <trkpt lat="46.547126" lon="6.620487">
        <ele>713.1</ele>
        <time>2026-09-09T17:58:04.000Z</time>
        <extensions><power>134</power></extensions>
      </trkpt>
      <trkpt lat="46.547107" lon="6.620622">
        <ele>712.7</ele>
        <time>2026-09-09T17:58:08.000Z</time>
        <extensions><power>133</power></extensions>
      </trkpt>
      <trkpt lat="46.547085" lon="6.620758">
        <ele>712.3</ele>
        <time>2026-09-09T17:58:12.000Z</time>
        <extensions><power>133</power></extensions>
      </trkpt>
      <trkpt lat="46.547063" lon="6.620895">
        <ele>711.8</ele>
        <time>2026-09-09T17:58:16.000Z</time>
        <extensions><power>133</power></extensions>
      </trkpt>
      <trkpt lat="46.547040" lon="6.621033">
        <ele>711.4</ele>
        <time>2026-09-09T17:58:20.000Z</time>
        <extensions><power>133</power></extensions>
      </trkpt>
      <trkpt lat="46.547016" lon="6.621171">
        <ele>711.0</ele>
        <time>2026-09-09T17:58:24.000Z</time>
        <extensions><power>133</power></extensions>
      </trkpt>
      <trkpt lat="46.546991" lon="6.621310">
        <ele>710.6</ele>
        <time>2026-09-09T17:58:28.000Z</time>
        <extensions><power>133</power></extensions>
      </trkpt>
      <trkpt lat="46.546966" lon="6.621449">
        <ele>710.1</ele>
        <time>2026-09-09T17:58:32.000Z</time>
        <extensions><power>133</power></extensions>
      </trkpt>
      <trkpt lat="46.546940" lon="6.621588">
        <ele>709.7</ele>
        <time>2026-09-09T17:58:36.000Z</time>
        <extensions><power>133</power></extensions>
      </trkpt>
      <trkpt lat="46.546914" lon="6.621728">
        <ele>709.2</ele>
        <time>2026-09-09T17:58:40.000Z</time>
        <extensions><power>133</power></extensions>
      </trkpt>
      <trkpt lat="46.546889" lon="6.621867">
        <ele>708.8</ele>
        <time>2026-09-09T17:58:44.000Z</time>
        <extensions><power>133</power></extensions>
      </trkpt>
      <trkpt lat="46.546863" lon="6.622007">
        <ele>708.3</ele>
        <time>2026-09-09T17:58:48.000Z</time>
        <extensions><power>132</power></extensions>
      </trkpt>
      <trkpt lat="46.546838" lon="6.622146">
        <ele>707.9</ele>
        <time>2026-09-09T17:58:52.000Z</time>
        <extensions><power>132</power></extensions>
      </trkpt>
      <trkpt lat="46.546814" lon="6.622285">
        <ele>707.4</ele>
        <time>2026-09-09T17:58:56.000Z</time>
        <extensions><power>133</power></extensions>
      </trkpt>
      <trkpt lat="46.546790" lon="6.622423">
        <ele>706.9</ele>
        <time>2026-09-09T17:59:00.000Z</time>
        <extensions><power>133</power></extensions>
      </trkpt>
      <trkpt lat="46.546767" lon="6.622560">
        <ele>706.5</ele>
        <time>2026-09-09T17:59:04.000Z</time>
        <extensions><power>133</power></extensions>
      </trkpt>
      <trkpt lat="46.546745" lon="6.622697">
        <ele>706.0</ele>
        <time>2026-09-09T17:59:08.000Z</time>
        <extensions><power>133</power></extensions>
      </trkpt>
      <trkpt lat="46.546724" lon="6.622832">
        <ele>705.5</ele>
        <time>2026-09-09T17:59:12.000Z</time>
        <extensions><power>133</power></extensions>
      </trkpt>
      <trkpt lat="46.546705" lon="6.622967">
        <ele>705.0</ele>
        <time>2026-09-09T17:59:16.000Z</time>
        <extensions><power>133</power></extensions>
      </trkpt>
      <trkpt lat="46.546687" lon="6.623101">
        <ele>704.5</ele>
        <time>2026-09-09T17:59:20.000Z</time>
        <extensions><power>133</power></extensions>
      </trkpt>
      <trkpt lat="46.546671" lon="6.623233">
        <ele>704.0</ele>
        <time>2026-09-09T17:59:24.000Z</time>
        <extensions><power>133</power></extensions>
      </trkpt>
      <trkpt lat="46.546656" lon="6.623364">
        <ele>703.6</ele>
        <time>2026-09-09T17:59:28.000Z</time>
        <extensions><power>133</power></extensions>
      </trkpt>
      <trkpt lat="46.546644" lon="6.623493">
        <ele>703.1</ele>
        <time>2026-09-09T17:59:32.000Z</time>
        <extensions><power>133</power></extensions>
      </trkpt>
      <trkpt lat="46.546633" lon="6.623621">
        <ele>702.5</ele>
        <time>2026-09-09T17:59:36.000Z</time>
        <extensions><power>133</power></extensions>
      </trkpt>
      <trkpt lat="46.546625" lon="6.623747">
        <ele>702.0</ele>
        <time>2026-09-09T17:59:40.000Z</time>
        <extensions><power>133</power></extensions>
      </trkpt>
      <trkpt lat="46.546619" lon="6.623872">
        <ele>701.5</ele>
        <time>2026-09-09T17:59:44.000Z</time>
        <extensions><power>134</power></extensions>
      </trkpt>
      <trkpt lat="46.546616" lon="6.623994">
        <ele>701.0</ele>
        <time>2026-09-09T17:59:48.000Z</time>
        <extensions><power>134</power></extensions>
      </trkpt>
      <trkpt lat="46.546614" lon="6.624115">
        <ele>700.5</ele>
        <time>2026-09-09T17:59:52.000Z</time>
        <extensions><power>134</power></extensions>
      </trkpt>
      <trkpt lat="46.546616" lon="6.624234">
        <ele>700.0</ele>
        <time>2026-09-09T17:59:56.000Z</time>
        <extensions><power>134</power></extensions>
      </trkpt>
      <trkpt lat="46.546619" lon="6.624351">
        <ele>699.4</ele>
        <time>2026-09-09T18:00:00.000Z</time>
        <extensions><power>134</power></extensions>
      </trkpt>
      <trkpt lat="46.546626" lon="6.624466">
        <ele>698.9</ele>
        <time>2026-09-09T18:00:04.000Z</time>
        <extensions><power>134</power></extensions>
      </trkpt>
      <trkpt lat="46.546635" lon="6.624579">
        <ele>698.4</ele>
        <time>2026-09-09T18:00:08.000Z</time>
        <extensions><power>135</power></extensions>
      </trkpt>
      <trkpt lat="46.546647" lon="6.624689">
        <ele>697.8</ele>
        <time>2026-09-09T18:00:12.000Z</time>
        <extensions><power>135</power></extensions>
      </trkpt>
      <trkpt lat="46.546662" lon="6.624798">
        <ele>697.3</ele>
        <time>2026-09-09T18:00:16.000Z</time>
        <extensions><power>135</power></extensions>
      </trkpt>
      <trkpt lat="46.546679" lon="6.624905">
        <ele>696.7</ele>
        <time>2026-09-09T18:00:20.000Z</time>
        <extensions><power>135</power></extensions>
      </trkpt>
      <trkpt lat="46.546699" lon="6.625009">
        <ele>696.2</ele>
        <time>2026-09-09T18:00:24.000Z</time>
        <extensions><power>136</power></extensions>
      </trkpt>
      <trkpt lat="46.546722" lon="6.625111">
        <ele>695.6</ele>
        <time>2026-09-09T18:00:28.000Z</time>
        <extensions><power>136</power></extensions>
      </trkpt>
      <trkpt lat="46.546748" lon="6.625212">
        <ele>695.1</ele>
        <time>2026-09-09T18:00:32.000Z</time>
        <extensions><power>136</power></extensions>
      </trkpt>
      <trkpt lat="46.546776" lon="6.625310">
        <ele>694.5</ele>
        <time>2026-09-09T18:00:36.000Z</time>
        <extensions><power>136</power></extensions>
      </trkpt>
      <trkpt lat="46.546808" lon="6.625406">
        <ele>693.9</ele>
        <time>2026-09-09T18:00:40.000Z</time>
        <extensions><power>137</power></extensions>
      </trkpt>
      <trkpt lat="46.546841" lon="6.625500">
        <ele>693.4</ele>
        <time>2026-09-09T18:00:44.000Z</time>
        <extensions><power>137</power></extensions>
      </trkpt>
      <trkpt lat="46.546877" lon="6.625592">
        <ele>692.8</ele>
        <time>2026-09-09T18:00:48.000Z</time>
        <extensions><power>137</power></extensions>
      </trkpt>
      <trkpt lat="46.546916" lon="6.625682">
        <ele>692.2</ele>
        <time>2026-09-09T18:00:52.000Z</time>
        <extensions><power>138</power></extensions>
      </trkpt>
      <trkpt lat="46.546957" lon="6.625771">
        <ele>691.6</ele>
        <time>2026-09-09T18:00:56.000Z</time>
        <extensions><power>138</power></extensions>
      </trkpt>
      <trkpt lat="46.547001" lon="6.625858">
        <ele>691.0</ele>
        <time>2026-09-09T18:01:00.000Z</time>
        <extensions><power>138</power></extensions>
      </trkpt>
      <trkpt lat="46.547046" lon="6.625943">
        <ele>690.4</ele>
        <time>2026-09-09T18:01:04.000Z</time>
        <extensions><power>139</power></extensions>
      </trkpt>
      <trkpt lat="46.547094" lon="6.626026">
        <ele>689.8</ele>
        <time>2026-09-09T18:01:08.000Z</time>
        <extensions><power>139</power></extensions>
      </trkpt>
      <trkpt lat="46.547144" lon="6.626108">
        <ele>689.2</ele>
        <time>2026-09-09T18:01:12.000Z</time>
        <extensions><power>140</power></extensions>
      </trkpt>
      <trkpt lat="46.547195" lon="6.626188">
        <ele>688.6</ele>
        <time>2026-09-09T18:01:16.000Z</time>
        <extensions><power>141</power></extensions>
      </trkpt>
      <trkpt lat="46.547249" lon="6.626267">
        <ele>688.0</ele>
        <time>2026-09-09T18:01:20.000Z</time>
        <extensions><power>141</power></extensions>
      </trkpt>
      <trkpt lat="46.547304" lon="6.626345">
        <ele>687.4</ele>
        <time>2026-09-09T18:01:24.000Z</time>
        <extensions><power>142</power></extensions>
      </trkpt>
      <trkpt lat="46.547361" lon="6.626421">
        <ele>686.8</ele>
        <time>2026-09-09T18:01:28.000Z</time>
        <extensions><power>143</power></extensions>
      </trkpt>
      <trkpt lat="46.547419" lon="6.626497">
        <ele>686.2</ele>
        <time>2026-09-09T18:01:32.000Z</time>
        <extensions><power>144</power></extensions>
      </trkpt>
      <trkpt lat="46.547478" lon="6.626571">
        <ele>685.6</ele>
        <time>2026-09-09T18:01:36.000Z</time>
        <extensions><power>146</power></extensions>
      </trkpt>
      <trkpt lat="46.547538" lon="6.626645">
        <ele>684.9</ele>
        <time>2026-09-09T18:01:40.000Z</time>
        <extensions><power>147</power></extensions>
      </trkpt>
      <trkpt lat="46.547600" lon="6.626718">
        <ele>684.3</ele>
        <time>2026-09-09T18:01:44.000Z</time>
        <extensions><power>149</power></extensions>
      </trkpt>
      <trkpt lat="46.547662" lon="6.626790">
        <ele>683.7</ele>
        <time>2026-09-09T18:01:48.000Z</time>
        <extensions><power>152</power></extensions>
      </trkpt>
      <trkpt lat="46.547725" lon="6.626862">
        <ele>683.0</ele>
        <time>2026-09-09T18:01:52.000Z</time>
        <extensions><power>154</power></extensions>
      </trkpt>
      <trkpt lat="46.547788" lon="6.626934">
        <ele>682.4</ele>
        <time>2026-09-09T18:01:56.000Z</time>
        <extensions><power>158</power></extensions>
      </trkpt>
      <trkpt lat="46.547852" lon="6.627005">
        <ele>681.8</ele>
        <time>2026-09-09T18:02:00.000Z</time>
        <extensions><power>162</power></extensions>
      </trkpt>
      <trkpt lat="46.547916" lon="6.627076">
        <ele>681.1</ele>
        <time>2026-09-09T18:02:04.000Z</time>
        <extensions><power>166</power></extensions>
      </trkpt>
      <trkpt lat="46.547980" lon="6.627146">
        <ele>680.5</ele>
        <time>2026-09-09T18:02:08.000Z</time>
        <extensions><power>171</power></extensions>
      </trkpt>
      <trkpt lat="46.548044" lon="6.627217">
        <ele>679.8</ele>
        <time>2026-09-09T18:02:12.000Z</time>
        <extensions><power>178</power></extensions>
      </trkpt>
      <trkpt lat="46.548108" lon="6.627288">
        <ele>679.1</ele>
        <time>2026-09-09T18:02:16.000Z</time>
        <extensions><power>185</power></extensions>
      </trkpt>
      <trkpt lat="46.548172" lon="6.627359">
        <ele>678.5</ele>
        <time>2026-09-09T18:02:20.000Z</time>
        <extensions><power>193</power></extensions>
      </trkpt>
      <trkpt lat="46.548235" lon="6.627431">
        <ele>677.8</ele>
        <time>2026-09-09T18:02:24.000Z</time>
        <extensions><power>202</power></extensions>
      </trkpt>
      <trkpt lat="46.548298" lon="6.627503">
        <ele>677.1</ele>
        <time>2026-09-09T18:02:28.000Z</time>
        <extensions><power>212</power></extensions>
      </trkpt>
      <trkpt lat="46.548360" lon="6.627575">
        <ele>676.5</ele>
        <time>2026-09-09T18:02:32.000Z</time>
        <extensions><power>224</power></extensions>
      </trkpt>
      <trkpt lat="46.548422" lon="6.627648">
        <ele>675.8</ele>
        <time>2026-09-09T18:02:36.000Z</time>
        <extensions><power>237</power></extensions>
      </trkpt>
      <trkpt lat="46.548482" lon="6.627721">
        <ele>675.1</ele>
        <time>2026-09-09T18:02:40.000Z</time>
        <extensions><power>251</power></extensions>
      </trkpt>
      <trkpt lat="46.548542" lon="6.627796">
        <ele>674.4</ele>
        <time>2026-09-09T18:02:44.000Z</time>
        <extensions><power>266</power></extensions>
      </trkpt>
      <trkpt lat="46.548601" lon="6.627871">
        <ele>673.7</ele>
        <time>2026-09-09T18:02:48.000Z</time>
        <extensions><power>282</power></extensions>
      </trkpt>
      <trkpt lat="46.548658" lon="6.627946">
        <ele>673.0</ele>
        <time>2026-09-09T18:02:52.000Z</time>
        <extensions><power>299</power></extensions>
      </trkpt>
      <trkpt lat="46.548715" lon="6.628023">
        <ele>672.3</ele>
        <time>2026-09-09T18:02:56.000Z</time>
        <extensions><power>317</power></extensions>
      </trkpt>
      <trkpt lat="46.548770" lon="6.628101">
        <ele>671.6</ele>
        <time>2026-09-09T18:03:00.000Z</time>
        <extensions><power>335</power></extensions>
      </trkpt>
      <trkpt lat="46.548824" lon="6.628179">
        <ele>670.9</ele>
        <time>2026-09-09T18:03:04.000Z</time>
        <extensions><power>354</power></extensions>
      </trkpt>
      <trkpt lat="46.548877" lon="6.628259">
        <ele>670.2</ele>
        <time>2026-09-09T18:03:08.000Z</time>
        <extensions><power>373</power></extensions>
      </trkpt>
      <trkpt lat="46.548928" lon="6.628339">
        <ele>669.5</ele>
        <time>2026-09-09T18:03:12.000Z</time>
        <extensions><power>392</power></extensions>
      </trkpt>
      <trkpt lat="46.548978" lon="6.628421">
        <ele>668.8</ele>
        <time>2026-09-09T18:03:16.000Z</time>
        <extensions><power>410</power></extensions>
      </trkpt>
      <trkpt lat="46.549027" lon="6.628503">
        <ele>668.1</ele>
        <time>2026-09-09T18:03:20.000Z</time>
        <extensions><power>428</power></extensions>
      </trkpt>
      <trkpt lat="46.549074" lon="6.628587">
        <ele>667.4</ele>
        <time>2026-09-09T18:03:24.000Z</time>
        <extensions><power>444</power></extensions>
      </trkpt>
      <trkpt lat="46.549121" lon="6.628672">
        <ele>666.7</ele>
        <time>2026-09-09T18:03:28.000Z</time>
        <extensions><power>460</power></extensions>
      </trkpt>
      <trkpt lat="46.549165" lon="6.628757">
        <ele>665.9</ele>
        <time>2026-09-09T18:03:32.000Z</time>
        <extensions><power>473</power></extensions>
      </trkpt>
      <trkpt lat="46.549209" lon="6.628844">
        <ele>665.2</ele>
        <time>2026-09-09T18:03:36.000Z</time>
        <extensions><power>484</power></extensions>
      </trkpt>
      <trkpt lat="46.549251" lon="6.628931">
        <ele>664.5</ele>
        <time>2026-09-09T18:03:40.000Z</time>
        <extensions><power>494</power></extensions>
      </trkpt>
      <trkpt lat="46.549292" lon="6.629020">
        <ele>663.7</ele>
        <time>2026-09-09T18:03:44.000Z</time>
        <extensions><power>501</power></extensions>
      </trkpt>
      <trkpt lat="46.549332" lon="6.629109">
        <ele>663.0</ele>
        <time>2026-09-09T18:03:48.000Z</time>
        <extensions><power>505</power></extensions>
      </trkpt>
      <trkpt lat="46.549371" lon="6.629199">
        <ele>662.3</ele>
        <time>2026-09-09T18:03:52.000Z</time>
        <extensions><power>506</power></extensions>
      </trkpt>
      <trkpt lat="46.549409" lon="6.629290">
        <ele>661.5</ele>
        <time>2026-09-09T18:03:56.000Z</time>
        <extensions><power>505</power></extensions>
      </trkpt>
      <trkpt lat="46.549446" lon="6.629382">
        <ele>660.8</ele>
        <time>2026-09-09T18:04:00.000Z</time>
        <extensions><power>502</power></extensions>
      </trkpt>
      <trkpt lat="46.549482" lon="6.629474">
        <ele>660.0</ele>
        <time>2026-09-09T18:04:04.000Z</time>
        <extensions><power>495</power></extensions>
      </trkpt>
      <trkpt lat="46.549517" lon="6.629567">
        <ele>659.2</ele>
        <time>2026-09-09T18:04:08.000Z</time>
        <extensions><power>487</power></extensions>
      </trkpt>
      <trkpt lat="46.549552" lon="6.629660">
        <ele>658.5</ele>
        <time>2026-09-09T18:04:12.000Z</time>
        <extensions><power>476</power></extensions>
      </trkpt>
      <trkpt lat="46.549586" lon="6.629754">
        <ele>657.7</ele>
        <time>2026-09-09T18:04:16.000Z</time>
        <extensions><power>463</power></extensions>
      </trkpt>
      <trkpt lat="46.549620" lon="6.629848">
        <ele>657.0</ele>
        <time>2026-09-09T18:04:20.000Z</time>
        <extensions><power>449</power></extensions>
      </trkpt>
      <trkpt lat="46.549653" lon="6.629943">
        <ele>656.2</ele>
        <time>2026-09-09T18:04:24.000Z</time>
        <extensions><power>433</power></extensions>
      </trkpt>
      <trkpt lat="46.549686" lon="6.630037">
        <ele>655.4</ele>
        <time>2026-09-09T18:04:28.000Z</time>
        <extensions><power>416</power></extensions>
      </trkpt>
      <trkpt lat="46.549719" lon="6.630132">
        <ele>654.6</ele>
        <time>2026-09-09T18:04:32.000Z</time>
        <extensions><power>398</power></extensions>
      </trkpt>
      <trkpt lat="46.549752" lon="6.630227">
        <ele>653.9</ele>
        <time>2026-09-09T18:04:36.000Z</time>
        <extensions><power>380</power></extensions>
      </trkpt>
      <trkpt lat="46.549785" lon="6.630322">
        <ele>653.1</ele>
        <time>2026-09-09T18:04:40.000Z</time>
        <extensions><power>362</power></extensions>
      </trkpt>
      <trkpt lat="46.549818" lon="6.630416">
        <ele>652.3</ele>
        <time>2026-09-09T18:04:44.000Z</time>
        <extensions><power>344</power></extensions>
      </trkpt>
      <trkpt lat="46.549852" lon="6.630510">
        <ele>651.5</ele>
        <time>2026-09-09T18:04:48.000Z</time>
        <extensions><power>327</power></extensions>
      </trkpt>
      <trkpt lat="46.549886" lon="6.630604">
        <ele>650.7</ele>
        <time>2026-09-09T18:04:52.000Z</time>
        <extensions><power>310</power></extensions>
      </trkpt>
      <trkpt lat="46.549920" lon="6.630697">
        <ele>649.9</ele>
        <time>2026-09-09T18:04:56.000Z</time>
        <extensions><power>294</power></extensions>
      </trkpt>
      <trkpt lat="46.549956" lon="6.630790">
        <ele>649.1</ele>
        <time>2026-09-09T18:05:00.000Z</time>
        <extensions><power>279</power></extensions>
      </trkpt>
      <trkpt lat="46.549992" lon="6.630882">
        <ele>648.3</ele>
        <time>2026-09-09T18:05:04.000Z</time>
        <extensions><power>265</power></extensions>
      </trkpt>
      <trkpt lat="46.550029" lon="6.630974">
        <ele>647.5</ele>
        <time>2026-09-09T18:05:08.000Z</time>
        <extensions><power>252</power></extensions>
      </trkpt>
      <trkpt lat="46.550067" lon="6.631064">
        <ele>646.7</ele>
        <time>2026-09-09T18:05:12.000Z</time>
        <extensions><power>240</power></extensions>
      </trkpt>
      <trkpt lat="46.550107" lon="6.631154">
        <ele>645.9</ele>
        <time>2026-09-09T18:05:16.000Z</time>
        <extensions><power>229</power></extensions>
      </trkpt>
      <trkpt lat="46.550147" lon="6.631243">
        <ele>645.1</ele>
        <time>2026-09-09T18:05:20.000Z</time>
        <extensions><power>220</power></extensions>
      </trkpt>
      <trkpt lat="46.550189" lon="6.631331">
        <ele>644.3</ele>
        <time>2026-09-09T18:05:24.000Z</time>
        <extensions><power>212</power></extensions>
      </trkpt>
      <trkpt lat="46.550232" lon="6.631418">
        <ele>643.4</ele>
        <time>2026-09-09T18:05:28.000Z</time>
        <extensions><power>204</power></extensions>
      </trkpt>
      <trkpt lat="46.550277" lon="6.631503">
        <ele>642.6</ele>
        <time>2026-09-09T18:05:32.000Z</time>
        <extensions><power>198</power></extensions>
      </trkpt>
      <trkpt lat="46.550324" lon="6.631588">
        <ele>641.8</ele>
        <time>2026-09-09T18:05:36.000Z</time>
        <extensions><power>193</power></extensions>
      </trkpt>
      <trkpt lat="46.550372" lon="6.631671">
        <ele>641.0</ele>
        <time>2026-09-09T18:05:40.000Z</time>
        <extensions><power>188</power></extensions>
      </trkpt>
      <trkpt lat="46.550421" lon="6.631753">
        <ele>640.1</ele>
        <time>2026-09-09T18:05:44.000Z</time>
        <extensions><power>185</power></extensions>
      </trkpt>
      <trkpt lat="46.550473" lon="6.631833">
        <ele>639.3</ele>
        <time>2026-09-09T18:05:48.000Z</time>
        <extensions><power>181</power></extensions>
      </trkpt>
      <trkpt lat="46.550526" lon="6.631912">
        <ele>638.5</ele>
        <time>2026-09-09T18:05:52.000Z</time>
        <extensions><power>179</power></extensions>
      </trkpt>
      <trkpt lat="46.550581" lon="6.631990">
        <ele>637.6</ele>
        <time>2026-09-09T18:05:56.000Z</time>
        <extensions><power>177</power></extensions>
      </trkpt>
      <trkpt lat="46.550638" lon="6.632067">
        <ele>636.8</ele>
        <time>2026-09-09T18:06:00.000Z</time>
        <extensions><power>175</power></extensions>
      </trkpt>
      <trkpt lat="46.550696" lon="6.632142">
        <ele>635.9</ele>
        <time>2026-09-09T18:06:04.000Z</time>
        <extensions><power>174</power></extensions>
      </trkpt>
      <trkpt lat="46.550757" lon="6.632215">
        <ele>635.1</ele>
        <time>2026-09-09T18:06:08.000Z</time>
        <extensions><power>173</power></extensions>
      </trkpt>
      <trkpt lat="46.550819" lon="6.632288">
        <ele>634.2</ele>
        <time>2026-09-09T18:06:12.000Z</time>
        <extensions><power>172</power></extensions>
      </trkpt>
      <trkpt lat="46.550883" lon="6.632359">
        <ele>633.4</ele>
        <time>2026-09-09T18:06:16.000Z</time>
        <extensions><power>172</power></extensions>
      </trkpt>
      <trkpt lat="46.550949" lon="6.632428">
        <ele>632.5</ele>
        <time>2026-09-09T18:06:20.000Z</time>
        <extensions><power>172</power></extensions>
      </trkpt>
      <trkpt lat="46.551016" lon="6.632497">
        <ele>631.7</ele>
        <time>2026-09-09T18:06:24.000Z</time>
        <extensions><power>171</power></extensions>
      </trkpt>
      <trkpt lat="46.551085" lon="6.632563">
        <ele>630.8</ele>
        <time>2026-09-09T18:06:28.000Z</time>
        <extensions><power>171</power></extensions>
      </trkpt>
      <trkpt lat="46.551156" lon="6.632629">
        <ele>629.9</ele>
        <time>2026-09-09T18:06:32.000Z</time>
        <extensions><power>171</power></extensions>
      </trkpt>
      <trkpt lat="46.551228" lon="6.632694">
        <ele>629.1</ele>
        <time>2026-09-09T18:06:36.000Z</time>
        <extensions><power>171</power></extensions>
      </trkpt>
      <trkpt lat="46.551302" lon="6.632757">
        <ele>628.2</ele>
        <time>2026-09-09T18:06:40.000Z</time>
        <extensions><power>171</power></extensions>
      </trkpt>
      <trkpt lat="46.551378" lon="6.632819">
        <ele>627.3</ele>
        <time>2026-09-09T18:06:44.000Z</time>
        <extensions><power>171</power></extensions>
      </trkpt>
      <trkpt lat="46.551454" lon="6.632881">
        <ele>626.4</ele>
        <time>2026-09-09T18:06:48.000Z</time>
        <extensions><power>171</power></extensions>
      </trkpt>
      <trkpt lat="46.551532" lon="6.632941">
        <ele>625.6</ele>
        <time>2026-09-09T18:06:52.000Z</time>
        <extensions><power>172</power></extensions>
      </trkpt>
      <trkpt lat="46.551611" lon="6.633001">
        <ele>624.7</ele>
        <time>2026-09-09T18:06:56.000Z</time>
        <extensions><power>172</power></extensions>
      </trkpt>
      <trkpt lat="46.551691" lon="6.633060">
        <ele>623.8</ele>
        <time>2026-09-09T18:07:00.000Z</time>
        <extensions><power>172</power></extensions>
      </trkpt>
      <trkpt lat="46.551771" lon="6.633118">
        <ele>622.9</ele>
        <time>2026-09-09T18:07:04.000Z</time>
        <extensions><power>172</power></extensions>
      </trkpt>
      <trkpt lat="46.551853" lon="6.633175">
        <ele>622.0</ele>
        <time>2026-09-09T18:07:08.000Z</time>
        <extensions><power>172</power></extensions>
      </trkpt>
      <trkpt lat="46.551935" lon="6.633232">
        <ele>621.1</ele>
        <time>2026-09-09T18:07:12.000Z</time>
        <extensions><power>172</power></extensions>
      </trkpt>
      <trkpt lat="46.552017" lon="6.633289">
        <ele>620.2</ele>
        <time>2026-09-09T18:07:16.000Z</time>
        <extensions><power>172</power></extensions>
      </trkpt>
      <trkpt lat="46.552100" lon="6.633346">
        <ele>619.3</ele>
        <time>2026-09-09T18:07:20.000Z</time>
        <extensions><power>172</power></extensions>
      </trkpt>
      <trkpt lat="46.552183" lon="6.633402">
        <ele>618.4</ele>
        <time>2026-09-09T18:07:24.000Z</time>
        <extensions><power>173</power></extensions>
      </trkpt>
      <trkpt lat="46.552266" lon="6.633458">
        <ele>617.5</ele>
        <time>2026-09-09T18:07:28.000Z</time>
        <extensions><power>173</power></extensions>
      </trkpt>
      <trkpt lat="46.552349" lon="6.633515">
        <ele>616.6</ele>
        <time>2026-09-09T18:07:32.000Z</time>
        <extensions><power>173</power></extensions>
      </trkpt>
      <trkpt lat="46.552432" lon="6.633571">
        <ele>615.7</ele>
        <time>2026-09-09T18:07:36.000Z</time>
        <extensions><power>173</power></extensions>
      </trkpt>
      <trkpt lat="46.552514" lon="6.633628">
        <ele>614.8</ele>
        <time>2026-09-09T18:07:40.000Z</time>
        <extensions><power>173</power></extensions>
      </trkpt>
      <trkpt lat="46.552596" lon="6.633686">
        <ele>613.9</ele>
        <time>2026-09-09T18:07:44.000Z</time>
        <extensions><power>173</power></extensions>
      </trkpt>
      <trkpt lat="46.552677" lon="6.633744">
        <ele>613.0</ele>
        <time>2026-09-09T18:07:48.000Z</time>
        <extensions><power>173</power></extensions>
      </trkpt>
      <trkpt lat="46.552757" lon="6.633802">
        <ele>612.1</ele>
        <time>2026-09-09T18:07:52.000Z</time>
        <extensions><power>173</power></extensions>
      </trkpt>
      <trkpt lat="46.552837" lon="6.633861">
        <ele>611.1</ele>
        <time>2026-09-09T18:07:56.000Z</time>
        <extensions><power>173</power></extensions>
      </trkpt>
      <trkpt lat="46.552915" lon="6.633922">
        <ele>610.2</ele>
        <time>2026-09-09T18:08:00.000Z</time>
        <extensions><power>173</power></extensions>
      </trkpt>
      <trkpt lat="46.552991" lon="6.633983">
        <ele>609.3</ele>
        <time>2026-09-09T18:08:04.000Z</time>
        <extensions><power>173</power></extensions>
      </trkpt>
      <trkpt lat="46.553067" lon="6.634045">
        <ele>608.4</ele>
        <time>2026-09-09T18:08:08.000Z</time>
        <extensions><power>173</power></extensions>
      </trkpt>
      <trkpt lat="46.553141" lon="6.634108">
        <ele>607.4</ele>
        <time>2026-09-09T18:08:12.000Z</time>
        <extensions><power>173</power></extensions>
      </trkpt>
      <trkpt lat="46.553213" lon="6.634173">
        <ele>606.5</ele>
        <time>2026-09-09T18:08:16.000Z</time>
        <extensions><power>173</power></extensions>
      </trkpt>
      <trkpt lat="46.553283" lon="6.634239">
        <ele>605.6</ele>
        <time>2026-09-09T18:08:20.000Z</time>
        <extensions><power>173</power></extensions>
      </trkpt>
      <trkpt lat="46.553351" lon="6.634307">
        <ele>604.6</ele>
        <time>2026-09-09T18:08:24.000Z</time>
        <extensions><power>173</power></extensions>
      </trkpt>
      <trkpt lat="46.553418" lon="6.634376">
        <ele>603.7</ele>
        <time>2026-09-09T18:08:28.000Z</time>
        <extensions><power>173</power></extensions>
      </trkpt>
      <trkpt lat="46.553482" lon="6.634447">
        <ele>602.7</ele>
        <time>2026-09-09T18:08:32.000Z</time>
        <extensions><power>173</power></extensions>
      </trkpt>
      <trkpt lat="46.553544" lon="6.634519">
        <ele>601.8</ele>
        <time>2026-09-09T18:08:36.000Z</time>
        <extensions><power>173</power></extensions>
      </trkpt>
      <trkpt lat="46.553604" lon="6.634593">
        <ele>600.9</ele>
        <time>2026-09-09T18:08:40.000Z</time>
        <extensions><power>173</power></extensions>
      </trkpt>
      <trkpt lat="46.553661" lon="6.634669">
        <ele>599.9</ele>
        <time>2026-09-09T18:08:44.000Z</time>
        <extensions><power>173</power></extensions>
      </trkpt>
      <trkpt lat="46.553716" lon="6.634747">
        <ele>599.0</ele>
        <time>2026-09-09T18:08:48.000Z</time>
        <extensions><power>173</power></extensions>
      </trkpt>
      <trkpt lat="46.553769" lon="6.634827">
        <ele>598.0</ele>
        <time>2026-09-09T18:08:52.000Z</time>
        <extensions><power>173</power></extensions>
      </trkpt>
      <trkpt lat="46.553819" lon="6.634908">
        <ele>597.0</ele>
        <time>2026-09-09T18:08:56.000Z</time>
        <extensions><power>173</power></extensions>
      </trkpt>
      <trkpt lat="46.553866" lon="6.634992">
        <ele>596.1</ele>
        <time>2026-09-09T18:09:00.000Z</time>
        <extensions><power>173</power></extensions>
      </trkpt>
      <trkpt lat="46.553911" lon="6.635077">
        <ele>595.1</ele>
        <time>2026-09-09T18:09:04.000Z</time>
        <extensions><power>173</power></extensions>
      </trkpt>
      <trkpt lat="46.553954" lon="6.635165">
        <ele>594.2</ele>
        <time>2026-09-09T18:09:08.000Z</time>
        <extensions><power>173</power></extensions>
      </trkpt>
      <trkpt lat="46.553993" lon="6.635254">
        <ele>593.2</ele>
        <time>2026-09-09T18:09:12.000Z</time>
        <extensions><power>173</power></extensions>
      </trkpt>
      <trkpt lat="46.554031" lon="6.635346">
        <ele>592.2</ele>
        <time>2026-09-09T18:09:16.000Z</time>
        <extensions><power>173</power></extensions>
      </trkpt>
      <trkpt lat="46.554065" lon="6.635439">
        <ele>591.3</ele>
        <time>2026-09-09T18:09:20.000Z</time>
        <extensions><power>173</power></extensions>
      </trkpt>
      <trkpt lat="46.554098" lon="6.635534">
        <ele>590.3</ele>
        <time>2026-09-09T18:09:24.000Z</time>
        <extensions><power>173</power></extensions>
      </trkpt>
      <trkpt lat="46.554127" lon="6.635631">
        <ele>589.3</ele>
        <time>2026-09-09T18:09:28.000Z</time>
        <extensions><power>173</power></extensions>
      </trkpt>
      <trkpt lat="46.554155" lon="6.635730">
        <ele>588.3</ele>
        <time>2026-09-09T18:09:32.000Z</time>
        <extensions><power>173</power></extensions>
      </trkpt>
      <trkpt lat="46.554179" lon="6.635831">
        <ele>587.4</ele>
        <time>2026-09-09T18:09:36.000Z</time>
        <extensions><power>173</power></extensions>
      </trkpt>
      <trkpt lat="46.554202" lon="6.635934">
        <ele>586.4</ele>
        <time>2026-09-09T18:09:40.000Z</time>
        <extensions><power>173</power></extensions>
      </trkpt>
      <trkpt lat="46.554223" lon="6.636038">
        <ele>585.4</ele>
        <time>2026-09-09T18:09:44.000Z</time>
        <extensions><power>173</power></extensions>
      </trkpt>
      <trkpt lat="46.554241" lon="6.636144">
        <ele>584.4</ele>
        <time>2026-09-09T18:09:48.000Z</time>
        <extensions><power>173</power></extensions>
      </trkpt>
      <trkpt lat="46.554257" lon="6.636251">
        <ele>583.4</ele>
        <time>2026-09-09T18:09:52.000Z</time>
        <extensions><power>173</power></extensions>
      </trkpt>
      <trkpt lat="46.554272" lon="6.636360">
        <ele>582.5</ele>
        <time>2026-09-09T18:09:56.000Z</time>
        <extensions><power>173</power></extensions>
      </trkpt>
      <trkpt lat="46.554285" lon="6.636470">
        <ele>581.5</ele>
        <time>2026-09-09T18:10:00.000Z</time>
        <extensions><power>173</power></extensions>
      </trkpt>
      <trkpt lat="46.554296" lon="6.636581">
        <ele>580.5</ele>
        <time>2026-09-09T18:10:04.000Z</time>
        <extensions><power>173</power></extensions>
      </trkpt>
      <trkpt lat="46.554306" lon="6.636694">
        <ele>579.5</ele>
        <time>2026-09-09T18:10:08.000Z</time>
        <extensions><power>174</power></extensions>
      </trkpt>
      <trkpt lat="46.554314" lon="6.636807">
        <ele>578.5</ele>
        <time>2026-09-09T18:10:12.000Z</time>
        <extensions><power>174</power></extensions>
      </trkpt>
      <trkpt lat="46.554321" lon="6.636922">
        <ele>577.5</ele>
        <time>2026-09-09T18:10:16.000Z</time>
        <extensions><power>175</power></extensions>
      </trkpt>
      <trkpt lat="46.554327" lon="6.637037">
        <ele>576.5</ele>
        <time>2026-09-09T18:10:20.000Z</time>
        <extensions><power>176</power></extensions>
      </trkpt>
      <trkpt lat="46.554332" lon="6.637153">
        <ele>575.5</ele>
        <time>2026-09-09T18:10:24.000Z</time>
        <extensions><power>178</power></extensions>
      </trkpt>
      <trkpt lat="46.554336" lon="6.637270">
        <ele>574.5</ele>
        <time>2026-09-09T18:10:28.000Z</time>
        <extensions><power>179</power></extensions>
      </trkpt>
      <trkpt lat="46.554340" lon="6.637387">
        <ele>573.5</ele>
        <time>2026-09-09T18:10:32.000Z</time>
        <extensions><power>181</power></extensions>
      </trkpt>
      <trkpt lat="46.554343" lon="6.637504">
        <ele>572.5</ele>
        <time>2026-09-09T18:10:36.000Z</time>
        <extensions><power>184</power></extensions>
      </trkpt>
      <trkpt lat="46.554346" lon="6.637622">
        <ele>571.5</ele>
        <time>2026-09-09T18:10:40.000Z</time>
        <extensions><power>187</power></extensions>
      </trkpt>
      <trkpt lat="46.554349" lon="6.637739">
        <ele>570.5</ele>
        <time>2026-09-09T18:10:44.000Z</time>
        <extensions><power>191</power></extensions>
      </trkpt>
      <trkpt lat="46.554352" lon="6.637857">
        <ele>569.5</ele>
        <time>2026-09-09T18:10:48.000Z</time>
        <extensions><power>195</power></extensions>
      </trkpt>
      <trkpt lat="46.554356" lon="6.637974">
        <ele>568.4</ele>
        <time>2026-09-09T18:10:52.000Z</time>
        <extensions><power>201</power></extensions>
      </trkpt>
      <trkpt lat="46.554359" lon="6.638091">
        <ele>567.4</ele>
        <time>2026-09-09T18:10:56.000Z</time>
        <extensions><power>207</power></extensions>
      </trkpt>
      <trkpt lat="46.554364" lon="6.638208">
        <ele>566.4</ele>
        <time>2026-09-09T18:11:00.000Z</time>
        <extensions><power>214</power></extensions>
      </trkpt>
      <trkpt lat="46.554369" lon="6.638324">
        <ele>565.4</ele>
        <time>2026-09-09T18:11:04.000Z</time>
        <extensions><power>222</power></extensions>
      </trkpt>
      <trkpt lat="46.554374" lon="6.638439">
        <ele>564.4</ele>
        <time>2026-09-09T18:11:08.000Z</time>
        <extensions><power>232</power></extensions>
      </trkpt>
      <trkpt lat="46.554381" lon="6.638554">
        <ele>563.3</ele>
        <time>2026-09-09T18:11:12.000Z</time>
        <extensions><power>242</power></extensions>
      </trkpt>
      <trkpt lat="46.554390" lon="6.638667">
        <ele>562.3</ele>
        <time>2026-09-09T18:11:16.000Z</time>
        <extensions><power>254</power></extensions>
      </trkpt>
      <trkpt lat="46.554399" lon="6.638780">
        <ele>561.3</ele>
        <time>2026-09-09T18:11:20.000Z</time>
        <extensions><power>267</power></extensions>
      </trkpt>
      <trkpt lat="46.554410" lon="6.638892">
        <ele>560.3</ele>
        <time>2026-09-09T18:11:24.000Z</time>
        <extensions><power>281</power></extensions>
      </trkpt>
      <trkpt lat="46.554423" lon="6.639002">
        <ele>559.2</ele>
        <time>2026-09-09T18:11:28.000Z</time>
        <extensions><power>296</power></extensions>
      </trkpt>
      <trkpt lat="46.554437" lon="6.639111">
        <ele>558.2</ele>
        <time>2026-09-09T18:11:32.000Z</time>
        <extensions><power>312</power></extensions>
      </trkpt>
      <trkpt lat="46.554453" lon="6.639218">
        <ele>557.2</ele>
        <time>2026-09-09T18:11:36.000Z</time>
        <extensions><power>329</power></extensions>
      </trkpt>
      <trkpt lat="46.554471" lon="6.639324">
        <ele>556.2</ele>
        <time>2026-09-09T18:11:40.000Z</time>
        <extensions><power>347</power></extensions>
      </trkpt>
      <trkpt lat="46.554492" lon="6.639428">
        <ele>555.1</ele>
        <time>2026-09-09T18:11:44.000Z</time>
        <extensions><power>365</power></extensions>
      </trkpt>
      <trkpt lat="46.554514" lon="6.639531">
        <ele>554.1</ele>
        <time>2026-09-09T18:11:48.000Z</time>
        <extensions><power>384</power></extensions>
      </trkpt>
      <trkpt lat="46.554539" lon="6.639632">
        <ele>553.0</ele>
        <time>2026-09-09T18:11:52.000Z</time>
        <extensions><power>402</power></extensions>
      </trkpt>
      <trkpt lat="46.554566" lon="6.639731">
        <ele>552.0</ele>
        <time>2026-09-09T18:11:56.000Z</time>
        <extensions><power>420</power></extensions>
      </trkpt>
      <trkpt lat="46.554595" lon="6.639829">
        <ele>551.0</ele>
        <time>2026-09-09T18:12:00.000Z</time>
        <extensions><power>437</power></extensions>
      </trkpt>
      <trkpt lat="46.554627" lon="6.639924">
        <ele>549.9</ele>
        <time>2026-09-09T18:12:04.000Z</time>
        <extensions><power>454</power></extensions>
      </trkpt>
      <trkpt lat="46.554661" lon="6.640018">
        <ele>548.9</ele>
        <time>2026-09-09T18:12:08.000Z</time>
        <extensions><power>469</power></extensions>
      </trkpt>
      <trkpt lat="46.554698" lon="6.640110">
        <ele>547.8</ele>
        <time>2026-09-09T18:12:12.000Z</time>
        <extensions><power>482</power></extensions>
      </trkpt>
      <trkpt lat="46.554738" lon="6.640199">
        <ele>546.8</ele>
        <time>2026-09-09T18:12:16.000Z</time>
        <extensions><power>494</power></extensions>
      </trkpt>
      <trkpt lat="46.554780" lon="6.640287">
        <ele>545.7</ele>
        <time>2026-09-09T18:12:20.000Z</time>
        <extensions><power>504</power></extensions>
      </trkpt>
      <trkpt lat="46.554824" lon="6.640373">
        <ele>544.7</ele>
        <time>2026-09-09T18:12:24.000Z</time>
        <extensions><power>511</power></extensions>
      </trkpt>
      <trkpt lat="46.554871" lon="6.640457">
        <ele>543.6</ele>
        <time>2026-09-09T18:12:28.000Z</time>
        <extensions><power>515</power></extensions>
      </trkpt>
      <trkpt lat="46.554921" lon="6.640539">
        <ele>542.6</ele>
        <time>2026-09-09T18:12:32.000Z</time>
        <extensions><power>517</power></extensions>
      </trkpt>
      <trkpt lat="46.554973" lon="6.640619">
        <ele>541.5</ele>
        <time>2026-09-09T18:12:36.000Z</time>
        <extensions><power>517</power></extensions>
      </trkpt>
      <trkpt lat="46.555028" lon="6.640697">
        <ele>540.5</ele>
        <time>2026-09-09T18:12:40.000Z</time>
        <extensions><power>513</power></extensions>
      </trkpt>
      <trkpt lat="46.555085" lon="6.640773">
        <ele>539.4</ele>
        <time>2026-09-09T18:12:44.000Z</time>
        <extensions><power>508</power></extensions>
      </trkpt>
      <trkpt lat="46.555144" lon="6.640848">
        <ele>538.4</ele>
        <time>2026-09-09T18:12:48.000Z</time>
        <extensions><power>499</power></extensions>
      </trkpt>
      <trkpt lat="46.555206" lon="6.640920">
        <ele>537.3</ele>
        <time>2026-09-09T18:12:52.000Z</time>
        <extensions><power>489</power></extensions>
      </trkpt>
      <trkpt lat="46.555270" lon="6.640991">
        <ele>536.3</ele>
        <time>2026-09-09T18:12:56.000Z</time>
        <extensions><power>476</power></extensions>
      </trkpt>
      <trkpt lat="46.555336" lon="6.641060">
        <ele>535.2</ele>
        <time>2026-09-09T18:13:00.000Z</time>
        <extensions><power>462</power></extensions>
      </trkpt>
      <trkpt lat="46.555404" lon="6.641128">
        <ele>534.1</ele>
        <time>2026-09-09T18:13:04.000Z</time>
        <extensions><power>446</power></extensions>
      </trkpt>
      <trkpt lat="46.555474" lon="6.641194">
        <ele>533.1</ele>
        <time>2026-09-09T18:13:08.000Z</time>
        <extensions><power>429</power></extensions>
      </trkpt>
      <trkpt lat="46.555547" lon="6.641259">
        <ele>532.0</ele>
        <time>2026-09-09T18:13:12.000Z</time>
        <extensions><power>411</power></extensions>
      </trkpt>
      <trkpt lat="46.555621" lon="6.641322">
        <ele>531.0</ele>
        <time>2026-09-09T18:13:16.000Z</time>
        <extensions><power>393</power></extensions>
      </trkpt>
      <trkpt lat="46.555696" lon="6.641384">
        <ele>529.9</ele>
        <time>2026-09-09T18:13:20.000Z</time>
        <extensions><power>374</power></extensions>
      </trkpt>
      <trkpt lat="46.555773" lon="6.641445">
        <ele>528.8</ele>
        <time>2026-09-09T18:13:24.000Z</time>
        <extensions><power>356</power></extensions>
      </trkpt>
      <trkpt lat="46.555852" lon="6.641505">
        <ele>527.8</ele>
        <time>2026-09-09T18:13:28.000Z</time>
        <extensions><power>338</power></extensions>
      </trkpt>
      <trkpt lat="46.555932" lon="6.641564">
        <ele>526.7</ele>
        <time>2026-09-09T18:13:32.000Z</time>
        <extensions><power>320</power></extensions>
      </trkpt>
      <trkpt lat="46.556013" lon="6.641622">
        <ele>525.6</ele>
        <time>2026-09-09T18:13:36.000Z</time>
        <extensions><power>304</power></extensions>
      </trkpt>
      <trkpt lat="46.556095" lon="6.641679">
        <ele>524.5</ele>
        <time>2026-09-09T18:13:40.000Z</time>
        <extensions><power>288</power></extensions>
      </trkpt>
      <trkpt lat="46.556178" lon="6.641735">
        <ele>523.5</ele>
        <time>2026-09-09T18:13:44.000Z</time>
        <extensions><power>273</power></extensions>
      </trkpt>
      <trkpt lat="46.556262" lon="6.641790">
        <ele>522.4</ele>
        <time>2026-09-09T18:13:48.000Z</time>
        <extensions><power>259</power></extensions>
      </trkpt>
      <trkpt lat="46.556347" lon="6.641846">
        <ele>521.3</ele>
        <time>2026-09-09T18:13:52.000Z</time>
        <extensions><power>247</power></extensions>
      </trkpt>
      <trkpt lat="46.556432" lon="6.641900">
        <ele>520.3</ele>
        <time>2026-09-09T18:13:56.000Z</time>
        <extensions><power>235</power></extensions>
      </trkpt>
      <trkpt lat="46.556518" lon="6.641955">
        <ele>519.2</ele>
        <time>2026-09-09T18:14:00.000Z</time>
        <extensions><power>225</power></extensions>
      </trkpt>
      <trkpt lat="46.556604" lon="6.642009">
        <ele>518.1</ele>
        <time>2026-09-09T18:14:04.000Z</time>
        <extensions><power>216</power></extensions>
      </trkpt>
      <trkpt lat="46.556690" lon="6.642063">
        <ele>517.0</ele>
        <time>2026-09-09T18:14:08.000Z</time>
        <extensions><power>209</power></extensions>
      </trkpt>
      <trkpt lat="46.556776" lon="6.642117">
        <ele>516.0</ele>
        <time>2026-09-09T18:14:12.000Z</time>
        <extensions><power>202</power></extensions>
      </trkpt>
      <trkpt lat="46.556862" lon="6.642171">
        <ele>514.9</ele>
        <time>2026-09-09T18:14:16.000Z</time>
        <extensions><power>196</power></extensions>
      </trkpt>
      <trkpt lat="46.556949" lon="6.642225">
        <ele>513.8</ele>
        <time>2026-09-09T18:14:20.000Z</time>
        <extensions><power>191</power></extensions>
      </trkpt>
      <trkpt lat="46.557034" lon="6.642279">
        <ele>512.7</ele>
        <time>2026-09-09T18:14:24.000Z</time>
        <extensions><power>187</power></extensions>
      </trkpt>
      <trkpt lat="46.557120" lon="6.642333">
        <ele>511.6</ele>
        <time>2026-09-09T18:14:28.000Z</time>
        <extensions><power>183</power></extensions>
      </trkpt>
      <trkpt lat="46.557205" lon="6.642388">
        <ele>510.5</ele>
        <time>2026-09-09T18:14:32.000Z</time>
        <extensions><power>180</power></extensions>
      </trkpt>
      <trkpt lat="46.557290" lon="6.642443">
        <ele>509.5</ele>
        <time>2026-09-09T18:14:36.000Z</time>
        <extensions><power>178</power></extensions>
      </trkpt>
      <trkpt lat="46.557374" lon="6.642499">
        <ele>508.4</ele>
        <time>2026-09-09T18:14:40.000Z</time>
        <extensions><power>176</power></extensions>
      </trkpt>
      <trkpt lat="46.557457" lon="6.642555">
        <ele>507.3</ele>
        <time>2026-09-09T18:14:44.000Z</time>
        <extensions><power>175</power></extensions>
      </trkpt>
      <trkpt lat="46.557540" lon="6.642612">
        <ele>506.2</ele>
        <time>2026-09-09T18:14:48.000Z</time>
        <extensions><power>173</power></extensions>
      </trkpt>
      <trkpt lat="46.557621" lon="6.642669">
        <ele>505.1</ele>
        <time>2026-09-09T18:14:52.000Z</time>
        <extensions><power>173</power></extensions>
      </trkpt>
      <trkpt lat="46.557703" lon="6.642727">
        <ele>504.0</ele>
        <time>2026-09-09T18:14:56.000Z</time>
        <extensions><power>172</power></extensions>
      </trkpt>
      <trkpt lat="46.557783" lon="6.642785">
        <ele>503.0</ele>
        <time>2026-09-09T18:15:00.000Z</time>
        <extensions><power>171</power></extensions>
      </trkpt>
      <trkpt lat="46.557862" lon="6.642845">
        <ele>501.9</ele>
        <time>2026-09-09T18:15:04.000Z</time>
        <extensions><power>171</power></extensions>
      </trkpt>
      <trkpt lat="46.557941" lon="6.642904">
        <ele>500.8</ele>
        <time>2026-09-09T18:15:08.000Z</time>
        <extensions><power>171</power></extensions>
      </trkpt>
      <trkpt lat="46.558018" lon="6.642965">
        <ele>499.7</ele>
        <time>2026-09-09T18:15:12.000Z</time>
        <extensions><power>171</power></extensions>
      </trkpt>
      <trkpt lat="46.558095" lon="6.643026">
        <ele>498.6</ele>
        <time>2026-09-09T18:15:16.000Z</time>
        <extensions><power>171</power></extensions>
      </trkpt>
      <trkpt lat="46.558171" lon="6.643088">
        <ele>497.5</ele>
        <time>2026-09-09T18:15:20.000Z</time>
        <extensions><power>171</power></extensions>
      </trkpt>
      <trkpt lat="46.558246" lon="6.643151">
        <ele>496.4</ele>
        <time>2026-09-09T18:15:24.000Z</time>
        <extensions><power>171</power></extensions>
      </trkpt>
      <trkpt lat="46.558320" lon="6.643214">
        <ele>495.3</ele>
        <time>2026-09-09T18:15:28.000Z</time>
        <extensions><power>171</power></extensions>
      </trkpt>
      <trkpt lat="46.558393" lon="6.643277">
        <ele>494.2</ele>
        <time>2026-09-09T18:15:32.000Z</time>
        <extensions><power>171</power></extensions>
      </trkpt>
      <trkpt lat="46.558466" lon="6.643342">
        <ele>493.1</ele>
        <time>2026-09-09T18:15:36.000Z</time>
        <extensions><power>172</power></extensions>
      </trkpt>
      <trkpt lat="46.558538" lon="6.643407">
        <ele>492.1</ele>
        <time>2026-09-09T18:15:40.000Z</time>
        <extensions><power>172</power></extensions>
      </trkpt>
      <trkpt lat="46.558610" lon="6.643472">
        <ele>491.0</ele>
        <time>2026-09-09T18:15:44.000Z</time>
        <extensions><power>172</power></extensions>
      </trkpt>
      <trkpt lat="46.558680" lon="6.643538">
        <ele>489.9</ele>
        <time>2026-09-09T18:15:48.000Z</time>
        <extensions><power>172</power></extensions>
      </trkpt>
      <trkpt lat="46.558751" lon="6.643604">
        <ele>488.8</ele>
        <time>2026-09-09T18:15:52.000Z</time>
        <extensions><power>173</power></extensions>
      </trkpt>
      <trkpt lat="46.558821" lon="6.643670">
        <ele>487.7</ele>
        <time>2026-09-09T18:15:56.000Z</time>
        <extensions><power>173</power></extensions>
      </trkpt>
      <trkpt lat="46.558890" lon="6.643736">
        <ele>486.6</ele>
        <time>2026-09-09T18:16:00.000Z</time>
        <extensions><power>173</power></extensions>
      </trkpt>
      <trkpt lat="46.558960" lon="6.643803">
        <ele>485.5</ele>
        <time>2026-09-09T18:16:04.000Z</time>
        <extensions><power>173</power></extensions>
      </trkpt>
      <trkpt lat="46.559029" lon="6.643870">
        <ele>484.4</ele>
        <time>2026-09-09T18:16:08.000Z</time>
        <extensions><power>174</power></extensions>
      </trkpt>
      <trkpt lat="46.559099" lon="6.643937">
        <ele>483.3</ele>
        <time>2026-09-09T18:16:12.000Z</time>
        <extensions><power>174</power></extensions>
      </trkpt>
      <trkpt lat="46.559168" lon="6.644003">
        <ele>482.2</ele>
        <time>2026-09-09T18:16:16.000Z</time>
        <extensions><power>174</power></extensions>
      </trkpt>
      <trkpt lat="46.559238" lon="6.644070">
        <ele>481.1</ele>
        <time>2026-09-09T18:16:20.000Z</time>
        <extensions><power>175</power></extensions>
      </trkpt>
      <trkpt lat="46.559308" lon="6.644136">
        <ele>480.0</ele>
        <time>2026-09-09T18:16:24.000Z</time>
        <extensions><power>175</power></extensions>
      </trkpt>
      <trkpt lat="46.559379" lon="6.644202">
        <ele>478.9</ele>
        <time>2026-09-09T18:16:28.000Z</time>
        <extensions><power>175</power></extensions>
      </trkpt>
      <trkpt lat="46.559450" lon="6.644267">
        <ele>477.8</ele>
        <time>2026-09-09T18:16:32.000Z</time>
        <extensions><power>176</power></extensions>
      </trkpt>
      <trkpt lat="46.559523" lon="6.644332">
        <ele>476.7</ele>
        <time>2026-09-09T18:16:36.000Z</time>
        <extensions><power>176</power></extensions>
      </trkpt>
      <trkpt lat="46.559595" lon="6.644396">
        <ele>475.6</ele>
        <time>2026-09-09T18:16:40.000Z</time>
        <extensions><power>176</power></extensions>
      </trkpt>
      <trkpt lat="46.559669" lon="6.644459">
        <ele>474.5</ele>
        <time>2026-09-09T18:16:44.000Z</time>
        <extensions><power>177</power></extensions>
      </trkpt>
      <trkpt lat="46.559744" lon="6.644522">
        <ele>473.4</ele>
        <time>2026-09-09T18:16:48.000Z</time>
        <extensions><power>177</power></extensions>
      </trkpt>
      <trkpt lat="46.559821" lon="6.644583">
        <ele>472.3</ele>
        <time>2026-09-09T18:16:52.000Z</time>
        <extensions><power>177</power></extensions>
      </trkpt>
      <trkpt lat="46.559898" lon="6.644644">
        <ele>471.2</ele>
        <time>2026-09-09T18:16:56.000Z</time>
        <extensions><power>178</power></extensions>
      </trkpt>
      <trkpt lat="46.559977" lon="6.644703">
        <ele>470.2</ele>
        <time>2026-09-09T18:17:00.000Z</time>
        <extensions><power>178</power></extensions>
      </trkpt>
      <trkpt lat="46.560058" lon="6.644762">
        <ele>469.1</ele>
        <time>2026-09-09T18:17:04.000Z</time>
        <extensions><power>178</power></extensions>
      </trkpt>
      <trkpt lat="46.560140" lon="6.644818">
        <ele>468.0</ele>
        <time>2026-09-09T18:17:08.000Z</time>
        <extensions><power>179</power></extensions>
      </trkpt>
      <trkpt lat="46.560225" lon="6.644874">
        <ele>466.9</ele>
        <time>2026-09-09T18:17:12.000Z</time>
        <extensions><power>179</power></extensions>
      </trkpt>
      <trkpt lat="46.560311" lon="6.644928">
        <ele>465.8</ele>
        <time>2026-09-09T18:17:16.000Z</time>
        <extensions><power>180</power></extensions>
      </trkpt>
      <trkpt lat="46.560399" lon="6.644981">
        <ele>464.7</ele>
        <time>2026-09-09T18:17:20.000Z</time>
        <extensions><power>180</power></extensions>
      </trkpt>
      <trkpt lat="46.560489" lon="6.645032">
        <ele>463.6</ele>
        <time>2026-09-09T18:17:24.000Z</time>
        <extensions><power>180</power></extensions>
      </trkpt>
      <trkpt lat="46.560581" lon="6.645081">
        <ele>462.5</ele>
        <time>2026-09-09T18:17:28.000Z</time>
        <extensions><power>181</power></extensions>
      </trkpt>
      <trkpt lat="46.560675" lon="6.645129">
        <ele>461.4</ele>
        <time>2026-09-09T18:17:32.000Z</time>
        <extensions><power>181</power></extensions>
      </trkpt>
      <trkpt lat="46.560772" lon="6.645174">
        <ele>460.3</ele>
        <time>2026-09-09T18:17:36.000Z</time>
        <extensions><power>182</power></extensions>
      </trkpt>
      <trkpt lat="46.560871" lon="6.645219">
        <ele>459.2</ele>
        <time>2026-09-09T18:17:40.000Z</time>
        <extensions><power>182</power></extensions>
      </trkpt>
      <trkpt lat="46.560973" lon="6.645261">
        <ele>458.1</ele>
        <time>2026-09-09T18:17:44.000Z</time>
        <extensions><power>182</power></extensions>
      </trkpt>
      <trkpt lat="46.561077" lon="6.645301">
        <ele>457.0</ele>
        <time>2026-09-09T18:17:48.000Z</time>
        <extensions><power>183</power></extensions>
      </trkpt>
      <trkpt lat="46.561183" lon="6.645340">
        <ele>455.9</ele>
        <time>2026-09-09T18:17:52.000Z</time>
        <extensions><power>183</power></extensions>
      </trkpt>
      <trkpt lat="46.561291" lon="6.645377">
        <ele>454.8</ele>
        <time>2026-09-09T18:17:56.000Z</time>
        <extensions><power>184</power></extensions>
      </trkpt>
      <trkpt lat="46.561403" lon="6.645412">
        <ele>453.7</ele>
        <time>2026-09-09T18:18:00.000Z</time>
        <extensions><power>184</power></extensions>
      </trkpt>
      <trkpt lat="46.561516" lon="6.645445">
        <ele>452.6</ele>
        <time>2026-09-09T18:18:04.000Z</time>
        <extensions><power>185</power></extensions>
      </trkpt>
      <trkpt lat="46.561632" lon="6.645476">
        <ele>451.5</ele>
        <time>2026-09-09T18:18:08.000Z</time>
        <extensions><power>185</power></extensions>
      </trkpt>
      <trkpt lat="46.561751" lon="6.645505">
        <ele>450.4</ele>
        <time>2026-09-09T18:18:12.000Z</time>
        <extensions><power>185</power></extensions>
      </trkpt>
      <trkpt lat="46.561871" lon="6.645532">
        <ele>449.3</ele>
        <time>2026-09-09T18:18:16.000Z</time>
        <extensions><power>186</power></extensions>
      </trkpt>
      <trkpt lat="46.561995" lon="6.645558">
        <ele>448.2</ele>
        <time>2026-09-09T18:18:20.000Z</time>
        <extensions><power>186</power></extensions>
      </trkpt>
      <trkpt lat="46.562120" lon="6.645582">
        <ele>447.1</ele>
        <time>2026-09-09T18:18:24.000Z</time>
        <extensions><power>187</power></extensions>
      </trkpt>
      <trkpt lat="46.562248" lon="6.645605">
        <ele>446.0</ele>
        <time>2026-09-09T18:18:28.000Z</time>
        <extensions><power>187</power></extensions>
      </trkpt>
      <trkpt lat="46.562377" lon="6.645625">
        <ele>444.9</ele>
        <time>2026-09-09T18:18:32.000Z</time>
        <extensions><power>188</power></extensions>
      </trkpt>
      <trkpt lat="46.562509" lon="6.645644">
        <ele>443.9</ele>
        <time>2026-09-09T18:18:36.000Z</time>
        <extensions><power>189</power></extensions>
      </trkpt>
      <trkpt lat="46.562643" lon="6.645662">
        <ele>442.8</ele>
        <time>2026-09-09T18:18:40.000Z</time>
        <extensions><power>189</power></extensions>
      </trkpt>
      <trkpt lat="46.562778" lon="6.645678">
        <ele>441.7</ele>
        <time>2026-09-09T18:18:44.000Z</time>
        <extensions><power>190</power></extensions>
      </trkpt>
      <trkpt lat="46.562915" lon="6.645693">
        <ele>440.6</ele>
        <time>2026-09-09T18:18:48.000Z</time>
        <extensions><power>191</power></extensions>
      </trkpt>
      <trkpt lat="46.563054" lon="6.645707">
        <ele>439.5</ele>
        <time>2026-09-09T18:18:52.000Z</time>
        <extensions><power>192</power></extensions>
      </trkpt>
      <trkpt lat="46.563194" lon="6.645720">
        <ele>438.4</ele>
        <time>2026-09-09T18:18:56.000Z</time>
        <extensions><power>193</power></extensions>
      </trkpt>
      <trkpt lat="46.563336" lon="6.645731">
        <ele>437.3</ele>
        <time>2026-09-09T18:19:00.000Z</time>
        <extensions><power>195</power></extensions>
      </trkpt>
      <trkpt lat="46.563478" lon="6.645742">
        <ele>436.2</ele>
        <time>2026-09-09T18:19:04.000Z</time>
        <extensions><power>197</power></extensions>
      </trkpt>
      <trkpt lat="46.563622" lon="6.645752">
        <ele>435.1</ele>
        <time>2026-09-09T18:19:08.000Z</time>
        <extensions><power>199</power></extensions>
      </trkpt>
      <trkpt lat="46.563767" lon="6.645761">
        <ele>434.0</ele>
        <time>2026-09-09T18:19:12.000Z</time>
        <extensions><power>201</power></extensions>
      </trkpt>
      <trkpt lat="46.563912" lon="6.645770">
        <ele>433.0</ele>
        <time>2026-09-09T18:19:16.000Z</time>
        <extensions><power>204</power></extensions>
      </trkpt>
      <trkpt lat="46.564058" lon="6.645778">
        <ele>431.9</ele>
        <time>2026-09-09T18:19:20.000Z</time>
        <extensions><power>207</power></extensions>
      </trkpt>
      <trkpt lat="46.564204" lon="6.645786">
        <ele>430.8</ele>
        <time>2026-09-09T18:19:24.000Z</time>
        <extensions><power>211</power></extensions>
      </trkpt>
      <trkpt lat="46.564351" lon="6.645794">
        <ele>429.7</ele>
        <time>2026-09-09T18:19:28.000Z</time>
        <extensions><power>216</power></extensions>
      </trkpt>
      <trkpt lat="46.564498" lon="6.645802">
        <ele>428.6</ele>
        <time>2026-09-09T18:19:32.000Z</time>
        <extensions><power>222</power></extensions>
      </trkpt>
      <trkpt lat="46.564644" lon="6.645810">
        <ele>427.5</ele>
        <time>2026-09-09T18:19:36.000Z</time>
        <extensions><power>228</power></extensions>
      </trkpt>
      <trkpt lat="46.564790" lon="6.645818">
        <ele>426.4</ele>
        <time>2026-09-09T18:19:40.000Z</time>
        <extensions><power>235</power></extensions>
      </trkpt>
      <trkpt lat="46.564936" lon="6.645826">
        <ele>425.4</ele>
        <time>2026-09-09T18:19:44.000Z</time>
        <extensions><power>244</power></extensions>
      </trkpt>
      <trkpt lat="46.565081" lon="6.645835">
        <ele>424.3</ele>
        <time>2026-09-09T18:19:48.000Z</time>
        <extensions><power>253</power></extensions>
      </trkpt>
      <trkpt lat="46.565225" lon="6.645845">
        <ele>423.2</ele>
        <time>2026-09-09T18:19:52.000Z</time>
        <extensions><power>264</power></extensions>
      </trkpt>
      <trkpt lat="46.565368" lon="6.645855">
        <ele>422.1</ele>
        <time>2026-09-09T18:19:56.000Z</time>
        <extensions><power>276</power></extensions>
      </trkpt>
      <trkpt lat="46.565510" lon="6.645867">
        <ele>421.0</ele>
        <time>2026-09-09T18:20:00.000Z</time>
        <extensions><power>289</power></extensions>
      </trkpt>
      <trkpt lat="46.565651" lon="6.645879">
        <ele>419.9</ele>
        <time>2026-09-09T18:20:04.000Z</time>
        <extensions><power>303</power></extensions>
      </trkpt>
      <trkpt lat="46.565790" lon="6.645892">
        <ele>418.9</ele>
        <time>2026-09-09T18:20:08.000Z</time>
        <extensions><power>318</power></extensions>
      </trkpt>
      <trkpt lat="46.565928" lon="6.645907">
        <ele>417.8</ele>
        <time>2026-09-09T18:20:12.000Z</time>
        <extensions><power>334</power></extensions>
      </trkpt>
      <trkpt lat="46.566063" lon="6.645923">
        <ele>416.7</ele>
        <time>2026-09-09T18:20:16.000Z</time>
        <extensions><power>351</power></extensions>
      </trkpt>
      <trkpt lat="46.566197" lon="6.645941">
        <ele>415.6</ele>
        <time>2026-09-09T18:20:20.000Z</time>
        <extensions><power>369</power></extensions>
      </trkpt>
      <trkpt lat="46.566329" lon="6.645960">
        <ele>414.6</ele>
        <time>2026-09-09T18:20:24.000Z</time>
        <extensions><power>388</power></extensions>
      </trkpt>
      <trkpt lat="46.566459" lon="6.645980">
        <ele>413.5</ele>
        <time>2026-09-09T18:20:28.000Z</time>
        <extensions><power>406</power></extensions>
      </trkpt>
      <trkpt lat="46.566586" lon="6.646003">
        <ele>412.4</ele>
        <time>2026-09-09T18:20:32.000Z</time>
        <extensions><power>425</power></extensions>
      </trkpt>
      <trkpt lat="46.566711" lon="6.646027">
        <ele>411.3</ele>
        <time>2026-09-09T18:20:36.000Z</time>
        <extensions><power>444</power></extensions>
      </trkpt>
      <trkpt lat="46.566833" lon="6.646054">
        <ele>410.3</ele>
        <time>2026-09-09T18:20:40.000Z</time>
        <extensions><power>462</power></extensions>
      </trkpt>
      <trkpt lat="46.566953" lon="6.646082">
        <ele>409.2</ele>
        <time>2026-09-09T18:20:44.000Z</time>
        <extensions><power>479</power></extensions>
      </trkpt>
      <trkpt lat="46.567070" lon="6.646113">
        <ele>408.1</ele>
        <time>2026-09-09T18:20:48.000Z</time>
        <extensions><power>495</power></extensions>
      </trkpt>
      <trkpt lat="46.567184" lon="6.646145">
        <ele>407.1</ele>
        <time>2026-09-09T18:20:52.000Z</time>
        <extensions><power>509</power></extensions>
      </trkpt>
      <trkpt lat="46.567295" lon="6.646180">
        <ele>406.0</ele>
        <time>2026-09-09T18:20:56.000Z</time>
        <extensions><power>522</power></extensions>
      </trkpt>
      <trkpt lat="46.567404" lon="6.646217">
        <ele>404.9</ele>
        <time>2026-09-09T18:21:00.000Z</time>
        <extensions><power>533</power></extensions>
      </trkpt>
      <trkpt lat="46.567509" lon="6.646256">
        <ele>403.9</ele>
        <time>2026-09-09T18:21:04.000Z</time>
        <extensions><power>541</power></extensions>
      </trkpt>
      <trkpt lat="46.567612" lon="6.646297">
        <ele>402.8</ele>
        <time>2026-09-09T18:21:08.000Z</time>
        <extensions><power>547</power></extensions>
      </trkpt>
      <trkpt lat="46.567711" lon="6.646341">
        <ele>401.8</ele>
        <time>2026-09-09T18:21:12.000Z</time>
        <extensions><power>550</power></extensions>
      </trkpt>
      <trkpt lat="46.567808" lon="6.646387">
        <ele>400.7</ele>
        <time>2026-09-09T18:21:16.000Z</time>
        <extensions><power>551</power></extensions>
      </trkpt>
      <trkpt lat="46.567901" lon="6.646436">
        <ele>399.6</ele>
        <time>2026-09-09T18:21:20.000Z</time>
        <extensions><power>548</power></extensions>
      </trkpt>
      <trkpt lat="46.567992" lon="6.646486">
        <ele>398.6</ele>
        <time>2026-09-09T18:21:24.000Z</time>
        <extensions><power>544</power></extensions>
      </trkpt>
      <trkpt lat="46.568079" lon="6.646539">
        <ele>397.5</ele>
        <time>2026-09-09T18:21:28.000Z</time>
        <extensions><power>536</power></extensions>
      </trkpt>
      <trkpt lat="46.568164" lon="6.646595">
        <ele>396.5</ele>
        <time>2026-09-09T18:21:32.000Z</time>
        <extensions><power>527</power></extensions>
      </trkpt>
      <trkpt lat="46.568245" lon="6.646652">
        <ele>395.4</ele>
        <time>2026-09-09T18:21:36.000Z</time>
        <extensions><power>515</power></extensions>
      </trkpt>
      <trkpt lat="46.568324" lon="6.646712">
        <ele>394.4</ele>
        <time>2026-09-09T18:21:40.000Z</time>
        <extensions><power>502</power></extensions>
      </trkpt>
      <trkpt lat="46.568400" lon="6.646773">
        <ele>393.3</ele>
        <time>2026-09-09T18:21:44.000Z</time>
        <extensions><power>486</power></extensions>
      </trkpt>
      <trkpt lat="46.568473" lon="6.646837">
        <ele>392.2</ele>
        <time>2026-09-09T18:21:48.000Z</time>
        <extensions><power>470</power></extensions>
      </trkpt>
      <trkpt lat="46.568544" lon="6.646903">
        <ele>391.2</ele>
        <time>2026-09-09T18:21:52.000Z</time>
        <extensions><power>452</power></extensions>
      </trkpt>
      <trkpt lat="46.568612" lon="6.646971">
        <ele>390.2</ele>
        <time>2026-09-09T18:21:56.000Z</time>
        <extensions><power>434</power></extensions>
      </trkpt>
      <trkpt lat="46.568678" lon="6.647040">
        <ele>389.1</ele>
        <time>2026-09-09T18:22:00.000Z</time>
        <extensions><power>416</power></extensions>
      </trkpt>
      <trkpt lat="46.568741" lon="6.647112">
        <ele>388.1</ele>
        <time>2026-09-09T18:22:04.000Z</time>
        <extensions><power>397</power></extensions>
      </trkpt>
      <trkpt lat="46.568802" lon="6.647185">
        <ele>387.0</ele>
        <time>2026-09-09T18:22:08.000Z</time>
        <extensions><power>379</power></extensions>
      </trkpt>
      <trkpt lat="46.568861" lon="6.647260">
        <ele>386.0</ele>
        <time>2026-09-09T18:22:12.000Z</time>
        <extensions><power>361</power></extensions>
      </trkpt>
      <trkpt lat="46.568918" lon="6.647336">
        <ele>384.9</ele>
        <time>2026-09-09T18:22:16.000Z</time>
        <extensions><power>344</power></extensions>
      </trkpt>
      <trkpt lat="46.568973" lon="6.647414">
        <ele>383.9</ele>
        <time>2026-09-09T18:22:20.000Z</time>
        <extensions><power>328</power></extensions>
      </trkpt>
      <trkpt lat="46.569027" lon="6.647493">
        <ele>382.9</ele>
        <time>2026-09-09T18:22:24.000Z</time>
        <extensions><power>313</power></extensions>
      </trkpt>
      <trkpt lat="46.569078" lon="6.647573">
        <ele>381.8</ele>
        <time>2026-09-09T18:22:28.000Z</time>
        <extensions><power>299</power></extensions>
      </trkpt>
      <trkpt lat="46.569128" lon="6.647655">
        <ele>380.8</ele>
        <time>2026-09-09T18:22:32.000Z</time>
        <extensions><power>286</power></extensions>
      </trkpt>
      <trkpt lat="46.569177" lon="6.647737">
        <ele>379.8</ele>
        <time>2026-09-09T18:22:36.000Z</time>
        <extensions><power>274</power></extensions>
      </trkpt>
      <trkpt lat="46.569225" lon="6.647821">
        <ele>378.7</ele>
        <time>2026-09-09T18:22:40.000Z</time>
        <extensions><power>263</power></extensions>
      </trkpt>
      <trkpt lat="46.569272" lon="6.647905">
        <ele>377.7</ele>
        <time>2026-09-09T18:22:44.000Z</time>
        <extensions><power>254</power></extensions>
      </trkpt>
      <trkpt lat="46.569318" lon="6.647990">
        <ele>376.7</ele>
        <time>2026-09-09T18:22:48.000Z</time>
        <extensions><power>246</power></extensions>
      </trkpt>
      <trkpt lat="46.569363" lon="6.648075">
        <ele>375.6</ele>
        <time>2026-09-09T18:22:52.000Z</time>
        <extensions><power>238</power></extensions>
      </trkpt>
      <trkpt lat="46.569407" lon="6.648161">
        <ele>374.6</ele>
        <time>2026-09-09T18:22:56.000Z</time>
        <extensions><power>232</power></extensions>
      </trkpt>
      <trkpt lat="46.569451" lon="6.648247">
        <ele>373.6</ele>
        <time>2026-09-09T18:23:00.000Z</time>
        <extensions><power>226</power></extensions>
      </trkpt>
      <trkpt lat="46.569495" lon="6.648334">
        <ele>372.6</ele>
        <time>2026-09-09T18:23:04.000Z</time>
        <extensions><power>222</power></extensions>
      </trkpt>
      <trkpt lat="46.569538" lon="6.648420">
        <ele>371.5</ele>
        <time>2026-09-09T18:23:08.000Z</time>
        <extensions><power>218</power></extensions>
      </trkpt>
      <trkpt lat="46.569582" lon="6.648507">
        <ele>370.5</ele>
        <time>2026-09-09T18:23:12.000Z</time>
        <extensions><power>214</power></extensions>
      </trkpt>
      <trkpt lat="46.569625" lon="6.648593">
        <ele>369.5</ele>
        <time>2026-09-09T18:23:16.000Z</time>
        <extensions><power>212</power></extensions>
      </trkpt>
      <trkpt lat="46.569669" lon="6.648680">
        <ele>368.5</ele>
        <time>2026-09-09T18:23:20.000Z</time>
        <extensions><power>209</power></extensions>
      </trkpt>
      <trkpt lat="46.569713" lon="6.648766">
        <ele>367.5</ele>
        <time>2026-09-09T18:23:24.000Z</time>
        <extensions><power>207</power></extensions>
      </trkpt>
      <trkpt lat="46.569758" lon="6.648852">
        <ele>366.5</ele>
        <time>2026-09-09T18:23:28.000Z</time>
        <extensions><power>206</power></extensions>
      </trkpt>
      <trkpt lat="46.569803" lon="6.648937">
        <ele>365.5</ele>
        <time>2026-09-09T18:23:32.000Z</time>
        <extensions><power>204</power></extensions>
      </trkpt>
      <trkpt lat="46.569848" lon="6.649022">
        <ele>364.5</ele>
        <time>2026-09-09T18:23:36.000Z</time>
        <extensions><power>203</power></extensions>
      </trkpt>
      <trkpt lat="46.569894" lon="6.649107">
        <ele>363.5</ele>
        <time>2026-09-09T18:23:40.000Z</time>
        <extensions><power>202</power></extensions>
      </trkpt>
      <trkpt lat="46.569942" lon="6.649191">
        <ele>362.5</ele>
        <time>2026-09-09T18:23:44.000Z</time>
        <extensions><power>202</power></extensions>
      </trkpt>
      <trkpt lat="46.569990" lon="6.649274">
        <ele>361.5</ele>
        <time>2026-09-09T18:23:48.000Z</time>
        <extensions><power>201</power></extensions>
      </trkpt>
      <trkpt lat="46.570038" lon="6.649356">
        <ele>360.5</ele>
        <time>2026-09-09T18:23:52.000Z</time>
        <extensions><power>200</power></extensions>
      </trkpt>
      <trkpt lat="46.570088" lon="6.649438">
        <ele>359.5</ele>
        <time>2026-09-09T18:23:56.000Z</time>
        <extensions><power>200</power></extensions>
      </trkpt>
      <trkpt lat="46.570139" lon="6.649519">
        <ele>358.5</ele>
        <time>2026-09-09T18:24:00.000Z</time>
        <extensions><power>199</power></extensions>
      </trkpt>
      <trkpt lat="46.570191" lon="6.649599">
        <ele>357.5</ele>
        <time>2026-09-09T18:24:04.000Z</time>
        <extensions><power>199</power></extensions>
      </trkpt>
      <trkpt lat="46.570244" lon="6.649678">
        <ele>356.5</ele>
        <time>2026-09-09T18:24:08.000Z</time>
        <extensions><power>199</power></extensions>
      </trkpt>
      <trkpt lat="46.570299" lon="6.649757">
        <ele>355.5</ele>
        <time>2026-09-09T18:24:12.000Z</time>
        <extensions><power>198</power></extensions>
      </trkpt>
      <trkpt lat="46.570354" lon="6.649834">
        <ele>354.5</ele>
        <time>2026-09-09T18:24:16.000Z</time>
        <extensions><power>198</power></extensions>
      </trkpt>
      <trkpt lat="46.570411" lon="6.649911">
        <ele>353.5</ele>
        <time>2026-09-09T18:24:20.000Z</time>
        <extensions><power>198</power></extensions>
      </trkpt>
      <trkpt lat="46.570468" lon="6.649987">
        <ele>352.5</ele>
        <time>2026-09-09T18:24:24.000Z</time>
        <extensions><power>197</power></extensions>
      </trkpt>
      <trkpt lat="46.570527" lon="6.650062">
        <ele>351.6</ele>
        <time>2026-09-09T18:24:28.000Z</time>
        <extensions><power>197</power></extensions>
      </trkpt>
      <trkpt lat="46.570587" lon="6.650136">
        <ele>350.6</ele>
        <time>2026-09-09T18:24:32.000Z</time>
        <extensions><power>196</power></extensions>
      </trkpt>
      <trkpt lat="46.570647" lon="6.650209">
        <ele>349.6</ele>
        <time>2026-09-09T18:24:36.000Z</time>
        <extensions><power>196</power></extensions>
      </trkpt>
      <trkpt lat="46.570709" lon="6.650282">
        <ele>348.6</ele>
        <time>2026-09-09T18:24:40.000Z</time>
        <extensions><power>196</power></extensions>
      </trkpt>
      <trkpt lat="46.570772" lon="6.650354">
        <ele>347.7</ele>
        <time>2026-09-09T18:24:44.000Z</time>
        <extensions><power>195</power></extensions>
      </trkpt>
      <trkpt lat="46.570836" lon="6.650425">
        <ele>346.7</ele>
        <time>2026-09-09T18:24:48.000Z</time>
        <extensions><power>195</power></extensions>
      </trkpt>
      <trkpt lat="46.570900" lon="6.650496">
        <ele>345.7</ele>
        <time>2026-09-09T18:24:52.000Z</time>
        <extensions><power>195</power></extensions>
      </trkpt>
      <trkpt lat="46.570965" lon="6.650566">
        <ele>344.8</ele>
        <time>2026-09-09T18:24:56.000Z</time>
        <extensions><power>194</power></extensions>
      </trkpt>
      <trkpt lat="46.571031" lon="6.650635">
        <ele>343.8</ele>
        <time>2026-09-09T18:25:00.000Z</time>
        <extensions><power>194</power></extensions>
      </trkpt>
      <trkpt lat="46.571097" lon="6.650704">
        <ele>342.8</ele>
        <time>2026-09-09T18:25:04.000Z</time>
        <extensions><power>193</power></extensions>
      </trkpt>
      <trkpt lat="46.571164" lon="6.650773">
        <ele>341.9</ele>
        <time>2026-09-09T18:25:08.000Z</time>
        <extensions><power>193</power></extensions>
      </trkpt>
      <trkpt lat="46.571231" lon="6.650842">
        <ele>340.9</ele>
        <time>2026-09-09T18:25:12.000Z</time>
        <extensions><power>192</power></extensions>
      </trkpt>
      <trkpt lat="46.571299" lon="6.650910">
        <ele>340.0</ele>
        <time>2026-09-09T18:25:16.000Z</time>
        <extensions><power>192</power></extensions>
      </trkpt>
      <trkpt lat="46.571366" lon="6.650978">
        <ele>339.0</ele>
        <time>2026-09-09T18:25:20.000Z</time>
        <extensions><power>192</power></extensions>
      </trkpt>
      <trkpt lat="46.571434" lon="6.651046">
        <ele>338.1</ele>
        <time>2026-09-09T18:25:24.000Z</time>
        <extensions><power>191</power></extensions>
      </trkpt>
      <trkpt lat="46.571502" lon="6.651114">
        <ele>337.1</ele>
        <time>2026-09-09T18:25:28.000Z</time>
        <extensions><power>191</power></extensions>
      </trkpt>
      <trkpt lat="46.571569" lon="6.651183">
        <ele>336.2</ele>
        <time>2026-09-09T18:25:32.000Z</time>
        <extensions><power>190</power></extensions>
      </trkpt>
      <trkpt lat="46.571636" lon="6.651251">
        <ele>335.2</ele>
        <time>2026-09-09T18:25:36.000Z</time>
        <extensions><power>190</power></extensions>
      </trkpt>
      <trkpt lat="46.571703" lon="6.651320">
        <ele>334.3</ele>
        <time>2026-09-09T18:25:40.000Z</time>
        <extensions><power>189</power></extensions>
      </trkpt>
      <trkpt lat="46.571769" lon="6.651390">
        <ele>333.4</ele>
        <time>2026-09-09T18:25:44.000Z</time>
        <extensions><power>189</power></extensions>
      </trkpt>
      <trkpt lat="46.571834" lon="6.651459">
        <ele>332.4</ele>
        <time>2026-09-09T18:25:48.000Z</time>
        <extensions><power>188</power></extensions>
      </trkpt>
      <trkpt lat="46.571899" lon="6.651530">
        <ele>331.5</ele>
        <time>2026-09-09T18:25:52.000Z</time>
        <extensions><power>188</power></extensions>
      </trkpt>
      <trkpt lat="46.571963" lon="6.651601">
        <ele>330.6</ele>
        <time>2026-09-09T18:25:56.000Z</time>
        <extensions><power>187</power></extensions>
      </trkpt>
      <trkpt lat="46.572026" lon="6.651673">
        <ele>329.6</ele>
        <time>2026-09-09T18:26:00.000Z</time>
        <extensions><power>187</power></extensions>
      </trkpt>
      <trkpt lat="46.572087" lon="6.651745">
        <ele>328.7</ele>
        <time>2026-09-09T18:26:04.000Z</time>
        <extensions><power>186</power></extensions>
      </trkpt>
      <trkpt lat="46.572148" lon="6.651819">
        <ele>327.8</ele>
        <time>2026-09-09T18:26:08.000Z</time>
        <extensions><power>186</power></extensions>
      </trkpt>
      <trkpt lat="46.572207" lon="6.651894">
        <ele>326.9</ele>
        <time>2026-09-09T18:26:12.000Z</time>
        <extensions><power>185</power></extensions>
      </trkpt>
      <trkpt lat="46.572265" lon="6.651969">
        <ele>326.0</ele>
        <time>2026-09-09T18:26:16.000Z</time>
        <extensions><power>185</power></extensions>
      </trkpt>
      <trkpt lat="46.572321" lon="6.652046">
        <ele>325.0</ele>
        <time>2026-09-09T18:26:20.000Z</time>
        <extensions><power>184</power></extensions>
      </trkpt>
      <trkpt lat="46.572376" lon="6.652124">
        <ele>324.1</ele>
        <time>2026-09-09T18:26:24.000Z</time>
        <extensions><power>184</power></extensions>
      </trkpt>
      <trkpt lat="46.572429" lon="6.652203">
        <ele>323.2</ele>
        <time>2026-09-09T18:26:28.000Z</time>
        <extensions><power>183</power></extensions>
      </trkpt>
      <trkpt lat="46.572480" lon="6.652284">
        <ele>322.3</ele>
        <time>2026-09-09T18:26:32.000Z</time>
        <extensions><power>182</power></extensions>
      </trkpt>
      <trkpt lat="46.572530" lon="6.652366">
        <ele>321.4</ele>
        <time>2026-09-09T18:26:36.000Z</time>
        <extensions><power>182</power></extensions>
      </trkpt>
      <trkpt lat="46.572578" lon="6.652449">
        <ele>320.5</ele>
        <time>2026-09-09T18:26:40.000Z</time>
        <extensions><power>181</power></extensions>
      </trkpt>
      <trkpt lat="46.572624" lon="6.652534">
        <ele>319.6</ele>
        <time>2026-09-09T18:26:44.000Z</time>
        <extensions><power>181</power></extensions>
      </trkpt>
      <trkpt lat="46.572668" lon="6.652620">
        <ele>318.7</ele>
        <time>2026-09-09T18:26:48.000Z</time>
        <extensions><power>180</power></extensions>
      </trkpt>
      <trkpt lat="46.572710" lon="6.652708">
        <ele>317.8</ele>
        <time>2026-09-09T18:26:52.000Z</time>
        <extensions><power>180</power></extensions>
      </trkpt>
      <trkpt lat="46.572750" lon="6.652797">
        <ele>317.0</ele>
        <time>2026-09-09T18:26:56.000Z</time>
        <extensions><power>179</power></extensions>
      </trkpt>
      <trkpt lat="46.572788" lon="6.652888">
        <ele>316.1</ele>
        <time>2026-09-09T18:27:00.000Z</time>
        <extensions><power>179</power></extensions>
      </trkpt>
      <trkpt lat="46.572825" lon="6.652980">
        <ele>315.2</ele>
        <time>2026-09-09T18:27:04.000Z</time>
        <extensions><power>178</power></extensions>
      </trkpt>
      <trkpt lat="46.572859" lon="6.653073">
        <ele>314.3</ele>
        <time>2026-09-09T18:27:08.000Z</time>
        <extensions><power>177</power></extensions>
      </trkpt>
      <trkpt lat="46.572892" lon="6.653168">
        <ele>313.4</ele>
        <time>2026-09-09T18:27:12.000Z</time>
        <extensions><power>177</power></extensions>
      </trkpt>
      <trkpt lat="46.572922" lon="6.653265">
        <ele>312.6</ele>
        <time>2026-09-09T18:27:16.000Z</time>
        <extensions><power>176</power></extensions>
      </trkpt>
      <trkpt lat="46.572951" lon="6.653362">
        <ele>311.7</ele>
        <time>2026-09-09T18:27:20.000Z</time>
        <extensions><power>176</power></extensions>
      </trkpt>
      <trkpt lat="46.572978" lon="6.653462">
        <ele>310.8</ele>
        <time>2026-09-09T18:27:24.000Z</time>
        <extensions><power>175</power></extensions>
      </trkpt>
      <trkpt lat="46.573004" lon="6.653562">
        <ele>310.0</ele>
        <time>2026-09-09T18:27:28.000Z</time>
        <extensions><power>175</power></extensions>
      </trkpt>
      <trkpt lat="46.573027" lon="6.653664">
        <ele>309.1</ele>
        <time>2026-09-09T18:27:32.000Z</time>
        <extensions><power>174</power></extensions>
      </trkpt>
      <trkpt lat="46.573049" lon="6.653767">
        <ele>308.2</ele>
        <time>2026-09-09T18:27:36.000Z</time>
        <extensions><power>173</power></extensions>
      </trkpt>
      <trkpt lat="46.573070" lon="6.653871">
        <ele>307.4</ele>
        <time>2026-09-09T18:27:40.000Z</time>
        <extensions><power>173</power></extensions>
      </trkpt>
      <trkpt lat="46.573090" lon="6.653976">
        <ele>306.5</ele>
        <time>2026-09-09T18:27:44.000Z</time>
        <extensions><power>172</power></extensions>
      </trkpt>
      <trkpt lat="46.573108" lon="6.654082">
        <ele>305.7</ele>
        <time>2026-09-09T18:27:48.000Z</time>
        <extensions><power>172</power></extensions>
      </trkpt>
      <trkpt lat="46.573125" lon="6.654189">
        <ele>304.8</ele>
        <time>2026-09-09T18:27:52.000Z</time>
        <extensions><power>171</power></extensions>
      </trkpt>
      <trkpt lat="46.573141" lon="6.654296">
        <ele>304.0</ele>
        <time>2026-09-09T18:27:56.000Z</time>
        <extensions><power>171</power></extensions>
      </trkpt>
      <trkpt lat="46.573156" lon="6.654405">
        <ele>303.2</ele>
        <time>2026-09-09T18:28:00.000Z</time>
        <extensions><power>170</power></extensions>
      </trkpt>
      <trkpt lat="46.573170" lon="6.654514">
        <ele>302.3</ele>
        <time>2026-09-09T18:28:04.000Z</time>
        <extensions><power>170</power></extensions>
      </trkpt>
      <trkpt lat="46.573183" lon="6.654623">
        <ele>301.5</ele>
        <time>2026-09-09T18:28:08.000Z</time>
        <extensions><power>169</power></extensions>
      </trkpt>
      <trkpt lat="46.573196" lon="6.654733">
        <ele>300.7</ele>
        <time>2026-09-09T18:28:12.000Z</time>
        <extensions><power>168</power></extensions>
      </trkpt>
      <trkpt lat="46.573209" lon="6.654843">
        <ele>299.8</ele>
        <time>2026-09-09T18:28:16.000Z</time>
        <extensions><power>168</power></extensions>
      </trkpt>
      <trkpt lat="46.573222" lon="6.654954">
        <ele>299.0</ele>
        <time>2026-09-09T18:28:20.000Z</time>
        <extensions><power>167</power></extensions>
      </trkpt>
      <trkpt lat="46.573234" lon="6.655064">
        <ele>298.2</ele>
        <time>2026-09-09T18:28:24.000Z</time>
        <extensions><power>167</power></extensions>
      </trkpt>
      <trkpt lat="46.573246" lon="6.655174">
        <ele>297.4</ele>
        <time>2026-09-09T18:28:28.000Z</time>
        <extensions><power>166</power></extensions>
      </trkpt>
      <trkpt lat="46.573259" lon="6.655285">
        <ele>296.5</ele>
        <time>2026-09-09T18:28:32.000Z</time>
        <extensions><power>166</power></extensions>
      </trkpt>
      <trkpt lat="46.573272" lon="6.655394">
        <ele>295.7</ele>
        <time>2026-09-09T18:28:36.000Z</time>
        <extensions><power>165</power></extensions>
      </trkpt>
      <trkpt lat="46.573286" lon="6.655504">
        <ele>294.9</ele>
        <time>2026-09-09T18:28:40.000Z</time>
        <extensions><power>165</power></extensions>
      </trkpt>
      <trkpt lat="46.573300" lon="6.655613">
        <ele>294.1</ele>
        <time>2026-09-09T18:28:44.000Z</time>
        <extensions><power>164</power></extensions>
      </trkpt>
      <trkpt lat="46.573316" lon="6.655721">
        <ele>293.3</ele>
        <time>2026-09-09T18:28:48.000Z</time>
        <extensions><power>164</power></extensions>
      </trkpt>
      <trkpt lat="46.573332" lon="6.655828">
        <ele>292.5</ele>
        <time>2026-09-09T18:28:52.000Z</time>
        <extensions><power>163</power></extensions>
      </trkpt>
      <trkpt lat="46.573349" lon="6.655935">
        <ele>291.7</ele>
        <time>2026-09-09T18:28:56.000Z</time>
        <extensions><power>163</power></extensions>
      </trkpt>
      <trkpt lat="46.573368" lon="6.656041">
        <ele>290.9</ele>
        <time>2026-09-09T18:29:00.000Z</time>
        <extensions><power>162</power></extensions>
      </trkpt>
      <trkpt lat="46.573388" lon="6.656145">
        <ele>290.2</ele>
        <time>2026-09-09T18:29:04.000Z</time>
        <extensions><power>162</power></extensions>
      </trkpt>
      <trkpt lat="46.573409" lon="6.656248">
        <ele>289.4</ele>
        <time>2026-09-09T18:29:08.000Z</time>
        <extensions><power>161</power></extensions>
      </trkpt>
      <trkpt lat="46.573433" lon="6.656350">
        <ele>288.6</ele>
        <time>2026-09-09T18:29:12.000Z</time>
        <extensions><power>161</power></extensions>
      </trkpt>
      <trkpt lat="46.573458" lon="6.656451">
        <ele>287.8</ele>
        <time>2026-09-09T18:29:16.000Z</time>
        <extensions><power>160</power></extensions>
      </trkpt>
      <trkpt lat="46.573485" lon="6.656550">
        <ele>287.0</ele>
        <time>2026-09-09T18:29:20.000Z</time>
        <extensions><power>160</power></extensions>
      </trkpt>
      <trkpt lat="46.573514" lon="6.656648">
        <ele>286.3</ele>
        <time>2026-09-09T18:29:24.000Z</time>
        <extensions><power>159</power></extensions>
      </trkpt>
      <trkpt lat="46.573545" lon="6.656744">
        <ele>285.5</ele>
        <time>2026-09-09T18:29:28.000Z</time>
        <extensions><power>159</power></extensions>
      </trkpt>
      <trkpt lat="46.573579" lon="6.656838">
        <ele>284.7</ele>
        <time>2026-09-09T18:29:32.000Z</time>
        <extensions><power>158</power></extensions>
      </trkpt>
      <trkpt lat="46.573614" lon="6.656931">
        <ele>284.0</ele>
        <time>2026-09-09T18:29:36.000Z</time>
        <extensions><power>158</power></extensions>
      </trkpt>
      <trkpt lat="46.573653" lon="6.657022">
        <ele>283.2</ele>
        <time>2026-09-09T18:29:40.000Z</time>
        <extensions><power>158</power></extensions>
      </trkpt>
      <trkpt lat="46.573693" lon="6.657110">
        <ele>282.5</ele>
        <time>2026-09-09T18:29:44.000Z</time>
        <extensions><power>157</power></extensions>
      </trkpt>
      <trkpt lat="46.573736" lon="6.657197">
        <ele>281.7</ele>
        <time>2026-09-09T18:29:48.000Z</time>
        <extensions><power>157</power></extensions>
      </trkpt>
      <trkpt lat="46.573782" lon="6.657282">
        <ele>281.0</ele>
        <time>2026-09-09T18:29:52.000Z</time>
        <extensions><power>156</power></extensions>
      </trkpt>
      <trkpt lat="46.573000" lon="6.658000">
        <ele>280.2</ele>
        <time>2026-09-09T18:29:56.000Z</time>
        <extensions><power>156</power></extensions>
      </trkpt>
    </trkseg>
  </trk>
</gpx>
