<?xml version="1.0" encoding="UTF-8"?>
<gpx creator="strava-studio" version="1.1"
     xmlns="http://www.topografix.com/GPX/1/1"
     xmlns:gpxtpx="http://www.garmin.com/xmlschemas/TrackPointExtension/v1">
  <metadata><time>2026-09-15T08:00:00.000Z</time></metadata>
  <trk>
    <name>Boucle à cadence et pauses</name>
    <type>ride</type>
    <trkseg>
      <trkpt lat="46.579931" lon="6.561349">
        <ele>531.8</ele>
        <time>2026-09-15T08:00:00.000Z</time>
        <extensions><power>210</power><gpxtpx:TrackPointExtension><gpxtpx:hr>135</gpxtpx:hr><gpxtpx:cad>72</gpxtpx:cad></gpxtpx:TrackPointExtension></extensions>
      </trkpt>
      <trkpt lat="46.580035" lon="6.561370">
        <ele>531.8</ele>
        <time>2026-09-15T08:00:04.000Z</time>
        <extensions><power>211</power><gpxtpx:TrackPointExtension><gpxtpx:hr>135</gpxtpx:hr><gpxtpx:cad>88</gpxtpx:cad></gpxtpx:TrackPointExtension></extensions>
      </trkpt>
      <trkpt lat="46.580138" lon="6.561385">
        <ele>531.9</ele>
        <time>2026-09-15T08:00:08.000Z</time>
        <extensions><power>213</power><gpxtpx:TrackPointExtension><gpxtpx:hr>136</gpxtpx:hr><gpxtpx:cad>88</gpxtpx:cad></gpxtpx:TrackPointExtension></extensions>
      </trkpt>
      <trkpt lat="46.580241" lon="6.561393">
        <ele>531.9</ele>
        <time>2026-09-15T08:00:12.000Z</time>
        <extensions><power>214</power><gpxtpx:TrackPointExtension><gpxtpx:hr>136</gpxtpx:hr><gpxtpx:cad>88</gpxtpx:cad></gpxtpx:TrackPointExtension></extensions>
      </trkpt>
      <trkpt lat="46.580345" lon="6.561394">
        <ele>531.9</ele>
        <time>2026-09-15T08:00:16.000Z</time>
        <extensions><power>215</power><gpxtpx:TrackPointExtension><gpxtpx:hr>136</gpxtpx:hr><gpxtpx:cad>88</gpxtpx:cad></gpxtpx:TrackPointExtension></extensions>
      </trkpt>
      <trkpt lat="46.580447" lon="6.561388">
        <ele>531.9</ele>
        <time>2026-09-15T08:00:20.000Z</time>
        <extensions><power>216</power><gpxtpx:TrackPointExtension><gpxtpx:hr>136</gpxtpx:hr><gpxtpx:cad>88</gpxtpx:cad></gpxtpx:TrackPointExtension></extensions>
      </trkpt>
      <trkpt lat="46.580550" lon="6.561376">
        <ele>531.9</ele>
        <time>2026-09-15T08:00:24.000Z</time>
        <extensions><power>218</power><gpxtpx:TrackPointExtension><gpxtpx:hr>136</gpxtpx:hr><gpxtpx:cad>89</gpxtpx:cad></gpxtpx:TrackPointExtension></extensions>
      </trkpt>
      <trkpt lat="46.580652" lon="6.561358">
        <ele>532.0</ele>
        <time>2026-09-15T08:00:28.000Z</time>
        <extensions><power>219</power><gpxtpx:TrackPointExtension><gpxtpx:hr>136</gpxtpx:hr><gpxtpx:cad>89</gpxtpx:cad></gpxtpx:TrackPointExtension></extensions>
      </trkpt>
      <trkpt lat="46.580754" lon="6.561336">
        <ele>532.0</ele>
        <time>2026-09-15T08:00:32.000Z</time>
        <extensions><power>220</power><gpxtpx:TrackPointExtension><gpxtpx:hr>136</gpxtpx:hr><gpxtpx:cad>89</gpxtpx:cad></gpxtpx:TrackPointExtension></extensions>
      </trkpt>
      <trkpt lat="46.580855" lon="6.561309">
        <ele>532.0</ele>
        <time>2026-09-15T08:00:36.000Z</time>
        <extensions><power>222</power><gpxtpx:TrackPointExtension><gpxtpx:hr>136</gpxtpx:hr><gpxtpx:cad>89</gpxtpx:cad></gpxtpx:TrackPointExtension></extensions>
      </trkpt>
      <trkpt lat="46.580956" lon="6.561279">
        <ele>532.1</ele>
        <time>2026-09-15T08:00:40.000Z</time>
        <extensions><power>223</power><gpxtpx:TrackPointExtension><gpxtpx:hr>136</gpxtpx:hr><gpxtpx:cad>89</gpxtpx:cad></gpxtpx:TrackPointExtension></extensions>
      </trkpt>
      <trkpt lat="46.581056" lon="6.561247">
        <ele>532.1</ele>
        <time>2026-09-15T08:00:44.000Z</time>
        <extensions><power>224</power><gpxtpx:TrackPointExtension><gpxtpx:hr>136</gpxtpx:hr><gpxtpx:cad>89</gpxtpx:cad></gpxtpx:TrackPointExtension></extensions>
      </trkpt>
      <trkpt lat="46.581156" lon="6.561214">
        <ele>532.2</ele>
        <time>2026-09-15T08:00:48.000Z</time>
        <extensions><power>226</power><gpxtpx:TrackPointExtension><gpxtpx:hr>136</gpxtpx:hr><gpxtpx:cad>89</gpxtpx:cad></gpxtpx:TrackPointExtension></extensions>
      </trkpt>
      <trkpt lat="46.581256" lon="6.561180">
        <ele>532.2</ele>
        <time>2026-09-15T08:00:52.000Z</time>
        <extensions><power>227</power><gpxtpx:TrackPointExtension><gpxtpx:hr>136</gpxtpx:hr><gpxtpx:cad>89</gpxtpx:cad></gpxtpx:TrackPointExtension></extensions>
      </trkpt>
      <trkpt lat="46.581355" lon="6.561148">
        <ele>532.3</ele>
        <time>2026-09-15T08:00:56.000Z</time>
        <extensions><power>228</power><gpxtpx:TrackPointExtension><gpxtpx:hr>136</gpxtpx:hr><gpxtpx:cad>89</gpxtpx:cad></gpxtpx:TrackPointExtension></extensions>
      </trkpt>
      <trkpt lat="46.581455" lon="6.561118">
        <ele>532.3</ele>
        <time>2026-09-15T08:01:00.000Z</time>
        <extensions><power>229</power><gpxtpx:TrackPointExtension><gpxtpx:hr>136</gpxtpx:hr><gpxtpx:cad>89</gpxtpx:cad></gpxtpx:TrackPointExtension></extensions>
      </trkpt>
      <trkpt lat="46.581555" lon="6.561091">
        <ele>532.4</ele>
        <time>2026-09-15T08:01:04.000Z</time>
        <extensions><power>231</power><gpxtpx:TrackPointExtension><gpxtpx:hr>136</gpxtpx:hr><gpxtpx:cad>89</gpxtpx:cad></gpxtpx:TrackPointExtension></extensions>
      </trkpt>
      <trkpt lat="46.581655" lon="6.561069">
        <ele>532.4</ele>
        <time>2026-09-15T08:01:08.000Z</time>
        <extensions><power>232</power><gpxtpx:TrackPointExtension><gpxtpx:hr>136</gpxtpx:hr><gpxtpx:cad>89</gpxtpx:cad></gpxtpx:TrackPointExtension></extensions>
      </trkpt>
      <trkpt lat="46.581756" lon="6.561053">
        <ele>532.5</ele>
        <time>2026-09-15T08:01:12.000Z</time>
        <extensions><power>233</power><gpxtpx:TrackPointExtension><gpxtpx:hr>136</gpxtpx:hr><gpxtpx:cad>90</gpxtpx:cad></gpxtpx:TrackPointExtension></extensions>
      </trkpt>
      <trkpt lat="46.581858" lon="6.561043">
        <ele>532.6</ele>
        <time>2026-09-15T08:01:16.000Z</time>
        <extensions><power>235</power><gpxtpx:TrackPointExtension><gpxtpx:hr>137</gpxtpx:hr><gpxtpx:cad>90</gpxtpx:cad></gpxtpx:TrackPointExtension></extensions>
      </trkpt>
      <trkpt lat="46.581961" lon="6.561041">
        <ele>532.6</ele>
        <time>2026-09-15T08:01:20.000Z</time>
        <extensions><power>236</power><gpxtpx:TrackPointExtension><gpxtpx:hr>137</gpxtpx:hr><gpxtpx:cad>90</gpxtpx:cad></gpxtpx:TrackPointExtension></extensions>
      </trkpt>
      <trkpt lat="46.582065" lon="6.561046">
        <ele>532.7</ele>
        <time>2026-09-15T08:01:24.000Z</time>
        <extensions><power>237</power><gpxtpx:TrackPointExtension><gpxtpx:hr>137</gpxtpx:hr><gpxtpx:cad>90</gpxtpx:cad></gpxtpx:TrackPointExtension></extensions>
      </trkpt>
      <trkpt lat="46.582171" lon="6.561060">
        <ele>532.8</ele>
        <time>2026-09-15T08:01:28.000Z</time>
        <extensions><power>238</power><gpxtpx:TrackPointExtension><gpxtpx:hr>137</gpxtpx:hr><gpxtpx:cad>90</gpxtpx:cad></gpxtpx:TrackPointExtension></extensions>
      </trkpt>
      <trkpt lat="46.582279" lon="6.561083">
        <ele>532.9</ele>
        <time>2026-09-15T08:01:32.000Z</time>
        <extensions><power>240</power><gpxtpx:TrackPointExtension><gpxtpx:hr>137</gpxtpx:hr><gpxtpx:cad>90</gpxtpx:cad></gpxtpx:TrackPointExtension></extensions>
      </trkpt>
      <trkpt lat="46.582390" lon="6.561116">
        <ele>532.9</ele>
        <time>2026-09-15T08:01:36.000Z</time>
        <extensions><power>241</power><gpxtpx:TrackPointExtension><gpxtpx:hr>137</gpxtpx:hr><gpxtpx:cad>90</gpxtpx:cad></gpxtpx:TrackPointExtension></extensions>
      </trkpt>
      <trkpt lat="46.582502" lon="6.561158">
        <ele>533.0</ele>
        <time>2026-09-15T08:01:40.000Z</time>
        <extensions><power>242</power><gpxtpx:TrackPointExtension><gpxtpx:hr>137</gpxtpx:hr><gpxtpx:cad>90</gpxtpx:cad></gpxtpx:TrackPointExtension></extensions>
      </trkpt>
      <trkpt lat="46.582617" lon="6.561209">
        <ele>533.1</ele>
        <time>2026-09-15T08:01:44.000Z</time>
        <extensions><power>243</power><gpxtpx:TrackPointExtension><gpxtpx:hr>137</gpxtpx:hr><gpxtpx:cad>90</gpxtpx:cad></gpxtpx:TrackPointExtension></extensions>
      </trkpt>
      <trkpt lat="46.582735" lon="6.561269">
        <ele>533.2</ele>
        <time>2026-09-15T08:01:48.000Z</time>
        <extensions><power>245</power><gpxtpx:TrackPointExtension><gpxtpx:hr>137</gpxtpx:hr><gpxtpx:cad>90</gpxtpx:cad></gpxtpx:TrackPointExtension></extensions>
      </trkpt>
      <trkpt lat="46.582856" lon="6.561338">
        <ele>533.3</ele>
        <time>2026-09-15T08:01:52.000Z</time>
        <extensions><power>246</power><gpxtpx:TrackPointExtension><gpxtpx:hr>137</gpxtpx:hr><gpxtpx:cad>90</gpxtpx:cad></gpxtpx:TrackPointExtension></extensions>
      </trkpt>
      <trkpt lat="46.582979" lon="6.561415">
        <ele>533.4</ele>
        <time>2026-09-15T08:01:56.000Z</time>
        <extensions><power>247</power><gpxtpx:TrackPointExtension><gpxtpx:hr>137</gpxtpx:hr><gpxtpx:cad>90</gpxtpx:cad></gpxtpx:TrackPointExtension></extensions>
      </trkpt>
      <trkpt lat="46.583106" lon="6.561498">
        <ele>533.5</ele>
        <time>2026-09-15T08:02:00.000Z</time>
        <extensions><power>248</power><gpxtpx:TrackPointExtension><gpxtpx:hr>137</gpxtpx:hr><gpxtpx:cad>91</gpxtpx:cad></gpxtpx:TrackPointExtension></extensions>
      </trkpt>
      <trkpt lat="46.583235" lon="6.561589">
        <ele>533.6</ele>
        <time>2026-09-15T08:02:04.000Z</time>
        <extensions><power>250</power><gpxtpx:TrackPointExtension><gpxtpx:hr>137</gpxtpx:hr><gpxtpx:cad>91</gpxtpx:cad></gpxtpx:TrackPointExtension></extensions>
      </trkpt>
      <trkpt lat="46.583367" lon="6.561684">
        <ele>533.7</ele>
        <time>2026-09-15T08:02:08.000Z</time>
        <extensions><power>251</power><gpxtpx:TrackPointExtension><gpxtpx:hr>137</gpxtpx:hr><gpxtpx:cad>91</gpxtpx:cad></gpxtpx:TrackPointExtension></extensions>
      </trkpt>
      <trkpt lat="46.583501" lon="6.561783">
        <ele>533.8</ele>
        <time>2026-09-15T08:02:12.000Z</time>
        <extensions><power>252</power><gpxtpx:TrackPointExtension><gpxtpx:hr>137</gpxtpx:hr><gpxtpx:cad>91</gpxtpx:cad></gpxtpx:TrackPointExtension></extensions>
      </trkpt>
      <trkpt lat="46.583638" lon="6.561886">
        <ele>533.9</ele>
        <time>2026-09-15T08:02:16.000Z</time>
        <extensions><power>253</power><gpxtpx:TrackPointExtension><gpxtpx:hr>137</gpxtpx:hr><gpxtpx:cad>91</gpxtpx:cad></gpxtpx:TrackPointExtension></extensions>
      </trkpt>
      <trkpt lat="46.583776" lon="6.561989">
        <ele>534.0</ele>
        <time>2026-09-15T08:02:20.000Z</time>
        <extensions><power>255</power><gpxtpx:TrackPointExtension><gpxtpx:hr>138</gpxtpx:hr><gpxtpx:cad>91</gpxtpx:cad></gpxtpx:TrackPointExtension></extensions>
      </trkpt>
      <trkpt lat="46.583917" lon="6.562093">
        <ele>534.2</ele>
        <time>2026-09-15T08:02:24.000Z</time>
        <extensions><power>256</power><gpxtpx:TrackPointExtension><gpxtpx:hr>138</gpxtpx:hr><gpxtpx:cad>91</gpxtpx:cad></gpxtpx:TrackPointExtension></extensions>
      </trkpt>
      <trkpt lat="46.584059" lon="6.562195">
        <ele>534.3</ele>
        <time>2026-09-15T08:02:28.000Z</time>
        <extensions><power>257</power><gpxtpx:TrackPointExtension><gpxtpx:hr>138</gpxtpx:hr><gpxtpx:cad>91</gpxtpx:cad></gpxtpx:TrackPointExtension></extensions>
      </trkpt>
      <trkpt lat="46.584202" lon="6.562294">
        <ele>534.4</ele>
        <time>2026-09-15T08:02:32.000Z</time>
        <extensions><power>258</power><gpxtpx:TrackPointExtension><gpxtpx:hr>138</gpxtpx:hr><gpxtpx:cad>91</gpxtpx:cad></gpxtpx:TrackPointExtension></extensions>
      </trkpt>
      <trkpt lat="46.584346" lon="6.562388">
        <ele>534.5</ele>
        <time>2026-09-15T08:02:36.000Z</time>
        <extensions><power>259</power><gpxtpx:TrackPointExtension><gpxtpx:hr>138</gpxtpx:hr><gpxtpx:cad>91</gpxtpx:cad></gpxtpx:TrackPointExtension></extensions>
      </trkpt>
      <trkpt lat="46.584489" lon="6.562477">
        <ele>534.7</ele>
        <time>2026-09-15T08:02:40.000Z</time>
        <extensions><power>261</power><gpxtpx:TrackPointExtension><gpxtpx:hr>138</gpxtpx:hr><gpxtpx:cad>91</gpxtpx:cad></gpxtpx:TrackPointExtension></extensions>
      </trkpt>
      <trkpt lat="46.584633" lon="6.562559">
        <ele>534.8</ele>
        <time>2026-09-15T08:02:44.000Z</time>
        <extensions><power>262</power><gpxtpx:TrackPointExtension><gpxtpx:hr>138</gpxtpx:hr><gpxtpx:cad>91</gpxtpx:cad></gpxtpx:TrackPointExtension></extensions>
      </trkpt>
      <trkpt lat="46.584775" lon="6.562631">
        <ele>534.9</ele>
        <time>2026-09-15T08:02:48.000Z</time>
        <extensions><power>263</power><gpxtpx:TrackPointExtension><gpxtpx:hr>138</gpxtpx:hr><gpxtpx:cad>92</gpxtpx:cad></gpxtpx:TrackPointExtension></extensions>
      </trkpt>
      <trkpt lat="46.584916" lon="6.562695">
        <ele>535.1</ele>
        <time>2026-09-15T08:02:52.000Z</time>
        <extensions><power>264</power><gpxtpx:TrackPointExtension><gpxtpx:hr>138</gpxtpx:hr><gpxtpx:cad>92</gpxtpx:cad></gpxtpx:TrackPointExtension></extensions>
      </trkpt>
      <trkpt lat="46.585056" lon="6.562747">
        <ele>535.2</ele>
        <time>2026-09-15T08:02:56.000Z</time>
        <extensions><power>266</power><gpxtpx:TrackPointExtension><gpxtpx:hr>138</gpxtpx:hr><gpxtpx:cad>92</gpxtpx:cad></gpxtpx:TrackPointExtension></extensions>
      </trkpt>
      <trkpt lat="46.585192" lon="6.562787">
        <ele>535.4</ele>
        <time>2026-09-15T08:03:00.000Z</time>
        <extensions><power>267</power><gpxtpx:TrackPointExtension><gpxtpx:hr>138</gpxtpx:hr><gpxtpx:cad>92</gpxtpx:cad></gpxtpx:TrackPointExtension></extensions>
      </trkpt>
      <trkpt lat="46.585326" lon="6.562815">
        <ele>535.5</ele>
        <time>2026-09-15T08:03:04.000Z</time>
        <extensions><power>268</power><gpxtpx:TrackPointExtension><gpxtpx:hr>138</gpxtpx:hr><gpxtpx:cad>92</gpxtpx:cad></gpxtpx:TrackPointExtension></extensions>
      </trkpt>
      <trkpt lat="46.585457" lon="6.562830">
        <ele>535.7</ele>
        <time>2026-09-15T08:03:08.000Z</time>
        <extensions><power>269</power><gpxtpx:TrackPointExtension><gpxtpx:hr>138</gpxtpx:hr><gpxtpx:cad>92</gpxtpx:cad></gpxtpx:TrackPointExtension></extensions>
      </trkpt>
      <trkpt lat="46.585585" lon="6.562831">
        <ele>535.8</ele>
        <time>2026-09-15T08:03:12.000Z</time>
        <extensions><power>270</power><gpxtpx:TrackPointExtension><gpxtpx:hr>138</gpxtpx:hr><gpxtpx:cad>92</gpxtpx:cad></gpxtpx:TrackPointExtension></extensions>
      </trkpt>
      <trkpt lat="46.585708" lon="6.562818">
        <ele>536.0</ele>
        <time>2026-09-15T08:03:16.000Z</time>
        <extensions><power>271</power><gpxtpx:TrackPointExtension><gpxtpx:hr>138</gpxtpx:hr><gpxtpx:cad>92</gpxtpx:cad></gpxtpx:TrackPointExtension></extensions>
      </trkpt>
      <trkpt lat="46.585827" lon="6.562791">
        <ele>536.1</ele>
        <time>2026-09-15T08:03:20.000Z</time>
        <extensions><power>273</power><gpxtpx:TrackPointExtension><gpxtpx:hr>139</gpxtpx:hr><gpxtpx:cad>92</gpxtpx:cad></gpxtpx:TrackPointExtension></extensions>
      </trkpt>
      <trkpt lat="46.585941" lon="6.562750">
        <ele>536.3</ele>
        <time>2026-09-15T08:03:24.000Z</time>
        <extensions><power>274</power><gpxtpx:TrackPointExtension><gpxtpx:hr>139</gpxtpx:hr><gpxtpx:cad>92</gpxtpx:cad></gpxtpx:TrackPointExtension></extensions>
      </trkpt>
      <trkpt lat="46.586051" lon="6.562696">
        <ele>536.5</ele>
        <time>2026-09-15T08:03:28.000Z</time>
        <extensions><power>275</power><gpxtpx:TrackPointExtension><gpxtpx:hr>139</gpxtpx:hr><gpxtpx:cad>92</gpxtpx:cad></gpxtpx:TrackPointExtension></extensions>
      </trkpt>
      <trkpt lat="46.586156" lon="6.562628">
        <ele>536.6</ele>
        <time>2026-09-15T08:03:32.000Z</time>
        <extensions><power>276</power><gpxtpx:TrackPointExtension><gpxtpx:hr>139</gpxtpx:hr><gpxtpx:cad>92</gpxtpx:cad></gpxtpx:TrackPointExtension></extensions>
      </trkpt>
      <trkpt lat="46.586256" lon="6.562548">
        <ele>536.8</ele>
        <time>2026-09-15T08:03:36.000Z</time>
        <extensions><power>277</power><gpxtpx:TrackPointExtension><gpxtpx:hr>139</gpxtpx:hr><gpxtpx:cad>93</gpxtpx:cad></gpxtpx:TrackPointExtension></extensions>
      </trkpt>
      <trkpt lat="46.586352" lon="6.562457">
        <ele>537.0</ele>
        <time>2026-09-15T08:03:40.000Z</time>
        <extensions><power>278</power><gpxtpx:TrackPointExtension><gpxtpx:hr>139</gpxtpx:hr><gpxtpx:cad>93</gpxtpx:cad></gpxtpx:TrackPointExtension></extensions>
      </trkpt>
      <trkpt lat="46.586443" lon="6.562354">
        <ele>537.1</ele>
        <time>2026-09-15T08:03:44.000Z</time>
        <extensions><power>279</power><gpxtpx:TrackPointExtension><gpxtpx:hr>139</gpxtpx:hr><gpxtpx:cad>93</gpxtpx:cad></gpxtpx:TrackPointExtension></extensions>
      </trkpt>
      <trkpt lat="46.586529" lon="6.562242">
        <ele>537.3</ele>
        <time>2026-09-15T08:03:48.000Z</time>
        <extensions><power>281</power><gpxtpx:TrackPointExtension><gpxtpx:hr>139</gpxtpx:hr><gpxtpx:cad>93</gpxtpx:cad></gpxtpx:TrackPointExtension></extensions>
      </trkpt>
      <trkpt lat="46.586612" lon="6.562122">
        <ele>537.5</ele>
        <time>2026-09-15T08:03:52.000Z</time>
        <extensions><power>282</power><gpxtpx:TrackPointExtension><gpxtpx:hr>139</gpxtpx:hr><gpxtpx:cad>93</gpxtpx:cad></gpxtpx:TrackPointExtension></extensions>
      </trkpt>
      <trkpt lat="46.586691" lon="6.561995">
        <ele>537.7</ele>
        <time>2026-09-15T08:03:56.000Z</time>
        <extensions><power>283</power><gpxtpx:TrackPointExtension><gpxtpx:hr>139</gpxtpx:hr><gpxtpx:cad>93</gpxtpx:cad></gpxtpx:TrackPointExtension></extensions>
      </trkpt>
      <trkpt lat="46.586767" lon="6.561862">
        <ele>537.9</ele>
        <time>2026-09-15T08:04:00.000Z</time>
        <extensions><power>284</power><gpxtpx:TrackPointExtension><gpxtpx:hr>139</gpxtpx:hr><gpxtpx:cad>93</gpxtpx:cad></gpxtpx:TrackPointExtension></extensions>
      </trkpt>
      <trkpt lat="46.586840" lon="6.561725">
        <ele>538.1</ele>
        <time>2026-09-15T08:04:04.000Z</time>
        <extensions><power>285</power><gpxtpx:TrackPointExtension><gpxtpx:hr>139</gpxtpx:hr><gpxtpx:cad>93</gpxtpx:cad></gpxtpx:TrackPointExtension></extensions>
      </trkpt>
      <trkpt lat="46.586911" lon="6.561585">
        <ele>538.3</ele>
        <time>2026-09-15T08:04:08.000Z</time>
        <extensions><power>286</power><gpxtpx:TrackPointExtension><gpxtpx:hr>139</gpxtpx:hr><gpxtpx:cad>93</gpxtpx:cad></gpxtpx:TrackPointExtension></extensions>
      </trkpt>
      <trkpt lat="46.586980" lon="6.561444">
        <ele>538.5</ele>
        <time>2026-09-15T08:04:12.000Z</time>
        <extensions><power>287</power><gpxtpx:TrackPointExtension><gpxtpx:hr>139</gpxtpx:hr><gpxtpx:cad>93</gpxtpx:cad></gpxtpx:TrackPointExtension></extensions>
      </trkpt>
      <trkpt lat="46.587049" lon="6.561303">
        <ele>538.7</ele>
        <time>2026-09-15T08:04:16.000Z</time>
        <extensions><power>288</power><gpxtpx:TrackPointExtension><gpxtpx:hr>139</gpxtpx:hr><gpxtpx:cad>93</gpxtpx:cad></gpxtpx:TrackPointExtension></extensions>
      </trkpt>
      <trkpt lat="46.587117" lon="6.561164">
        <ele>538.9</ele>
        <time>2026-09-15T08:04:20.000Z</time>
        <extensions><power>289</power><gpxtpx:TrackPointExtension><gpxtpx:hr>140</gpxtpx:hr><gpxtpx:cad>93</gpxtpx:cad></gpxtpx:TrackPointExtension></extensions>
      </trkpt>
      <trkpt lat="46.587185" lon="6.561028">
        <ele>539.1</ele>
        <time>2026-09-15T08:04:24.000Z</time>
        <extensions><power>290</power><gpxtpx:TrackPointExtension><gpxtpx:hr>140</gpxtpx:hr><gpxtpx:cad>93</gpxtpx:cad></gpxtpx:TrackPointExtension></extensions>
      </trkpt>
      <trkpt lat="46.587254" lon="6.560897">
        <ele>539.3</ele>
        <time>2026-09-15T08:04:28.000Z</time>
        <extensions><power>291</power><gpxtpx:TrackPointExtension><gpxtpx:hr>140</gpxtpx:hr><gpxtpx:cad>93</gpxtpx:cad></gpxtpx:TrackPointExtension></extensions>
      </trkpt>
      <trkpt lat="46.587325" lon="6.560771">
        <ele>539.5</ele>
        <time>2026-09-15T08:04:32.000Z</time>
        <extensions><power>293</power><gpxtpx:TrackPointExtension><gpxtpx:hr>140</gpxtpx:hr><gpxtpx:cad>94</gpxtpx:cad></gpxtpx:TrackPointExtension></extensions>
      </trkpt>
      <trkpt lat="46.587399" lon="6.560652">
        <ele>539.7</ele>
        <time>2026-09-15T08:04:36.000Z</time>
        <extensions><power>294</power><gpxtpx:TrackPointExtension><gpxtpx:hr>140</gpxtpx:hr><gpxtpx:cad>94</gpxtpx:cad></gpxtpx:TrackPointExtension></extensions>
      </trkpt>
      <trkpt lat="46.587475" lon="6.560541">
        <ele>540.0</ele>
        <time>2026-09-15T08:04:40.000Z</time>
        <extensions><power>295</power><gpxtpx:TrackPointExtension><gpxtpx:hr>140</gpxtpx:hr><gpxtpx:cad>94</gpxtpx:cad></gpxtpx:TrackPointExtension></extensions>
      </trkpt>
      <trkpt lat="46.587555" lon="6.560438">
        <ele>540.2</ele>
        <time>2026-09-15T08:04:44.000Z</time>
        <extensions><power>296</power><gpxtpx:TrackPointExtension><gpxtpx:hr>140</gpxtpx:hr><gpxtpx:cad>94</gpxtpx:cad></gpxtpx:TrackPointExtension></extensions>
      </trkpt>
      <trkpt lat="46.587638" lon="6.560344">
        <ele>540.4</ele>
        <time>2026-09-15T08:04:48.000Z</time>
        <extensions><power>297</power><gpxtpx:TrackPointExtension><gpxtpx:hr>140</gpxtpx:hr><gpxtpx:cad>94</gpxtpx:cad></gpxtpx:TrackPointExtension></extensions>
      </trkpt>
      <trkpt lat="46.587726" lon="6.560260">
        <ele>540.6</ele>
        <time>2026-09-15T08:04:52.000Z</time>
        <extensions><power>298</power><gpxtpx:TrackPointExtension><gpxtpx:hr>140</gpxtpx:hr><gpxtpx:cad>94</gpxtpx:cad></gpxtpx:TrackPointExtension></extensions>
      </trkpt>
      <trkpt lat="46.587819" lon="6.560186">
        <ele>540.9</ele>
        <time>2026-09-15T08:04:56.000Z</time>
        <extensions><power>299</power><gpxtpx:TrackPointExtension><gpxtpx:hr>140</gpxtpx:hr><gpxtpx:cad>94</gpxtpx:cad></gpxtpx:TrackPointExtension></extensions>
      </trkpt>
      <trkpt lat="46.587917" lon="6.560123">
        <ele>541.1</ele>
        <time>2026-09-15T08:05:00.000Z</time>
        <extensions><power>300</power><gpxtpx:TrackPointExtension><gpxtpx:hr>140</gpxtpx:hr><gpxtpx:cad>94</gpxtpx:cad></gpxtpx:TrackPointExtension></extensions>
      </trkpt>
      <trkpt lat="46.588021" lon="6.560069">
        <ele>541.3</ele>
        <time>2026-09-15T08:05:04.000Z</time>
        <extensions><power>301</power><gpxtpx:TrackPointExtension><gpxtpx:hr>140</gpxtpx:hr><gpxtpx:cad>94</gpxtpx:cad></gpxtpx:TrackPointExtension></extensions>
      </trkpt>
      <trkpt lat="46.588130" lon="6.560026">
        <ele>541.6</ele>
        <time>2026-09-15T08:05:08.000Z</time>
        <extensions><power>302</power><gpxtpx:TrackPointExtension><gpxtpx:hr>140</gpxtpx:hr><gpxtpx:cad>94</gpxtpx:cad></gpxtpx:TrackPointExtension></extensions>
      </trkpt>
      <trkpt lat="46.588244" lon="6.559992">
        <ele>541.8</ele>
        <time>2026-09-15T08:05:12.000Z</time>
        <extensions><power>303</power><gpxtpx:TrackPointExtension><gpxtpx:hr>140</gpxtpx:hr><gpxtpx:cad>94</gpxtpx:cad></gpxtpx:TrackPointExtension></extensions>
      </trkpt>
      <trkpt lat="46.588364" lon="6.559967">
        <ele>542.1</ele>
        <time>2026-09-15T08:05:16.000Z</time>
        <extensions><power>304</power><gpxtpx:TrackPointExtension><gpxtpx:hr>140</gpxtpx:hr><gpxtpx:cad>94</gpxtpx:cad></gpxtpx:TrackPointExtension></extensions>
      </trkpt>
      <trkpt lat="46.588489" lon="6.559951">
        <ele>542.3</ele>
        <time>2026-09-15T08:05:20.000Z</time>
        <extensions><power>305</power><gpxtpx:TrackPointExtension><gpxtpx:hr>141</gpxtpx:hr><gpxtpx:cad>94</gpxtpx:cad></gpxtpx:TrackPointExtension></extensions>
      </trkpt>
      <trkpt lat="46.588620" lon="6.559943">
        <ele>542.6</ele>
        <time>2026-09-15T08:05:24.000Z</time>
        <extensions><power>306</power><gpxtpx:TrackPointExtension><gpxtpx:hr>141</gpxtpx:hr><gpxtpx:cad>94</gpxtpx:cad></gpxtpx:TrackPointExtension></extensions>
      </trkpt>
      <trkpt lat="46.588755" lon="6.559942">
        <ele>542.8</ele>
        <time>2026-09-15T08:05:28.000Z</time>
        <extensions><power>307</power><gpxtpx:TrackPointExtension><gpxtpx:hr>141</gpxtpx:hr><gpxtpx:cad>95</gpxtpx:cad></gpxtpx:TrackPointExtension></extensions>
      </trkpt>
      <trkpt lat="46.588895" lon="6.559947">
        <ele>543.1</ele>
        <time>2026-09-15T08:05:32.000Z</time>
        <extensions><power>307</power><gpxtpx:TrackPointExtension><gpxtpx:hr>141</gpxtpx:hr><gpxtpx:cad>95</gpxtpx:cad></gpxtpx:TrackPointExtension></extensions>
      </trkpt>
      <trkpt lat="46.589039" lon="6.559957">
        <ele>543.3</ele>
        <time>2026-09-15T08:05:36.000Z</time>
        <extensions><power>308</power><gpxtpx:TrackPointExtension><gpxtpx:hr>141</gpxtpx:hr><gpxtpx:cad>95</gpxtpx:cad></gpxtpx:TrackPointExtension></extensions>
      </trkpt>
      <trkpt lat="46.589187" lon="6.559971">
        <ele>543.6</ele>
        <time>2026-09-15T08:05:40.000Z</time>
        <extensions><power>309</power><gpxtpx:TrackPointExtension><gpxtpx:hr>141</gpxtpx:hr><gpxtpx:cad>95</gpxtpx:cad></gpxtpx:TrackPointExtension></extensions>
      </trkpt>
      <trkpt lat="46.589337" lon="6.559988">
        <ele>543.9</ele>
        <time>2026-09-15T08:05:44.000Z</time>
        <extensions><power>310</power><gpxtpx:TrackPointExtension><gpxtpx:hr>141</gpxtpx:hr><gpxtpx:cad>95</gpxtpx:cad></gpxtpx:TrackPointExtension></extensions>
      </trkpt>
      <trkpt lat="46.589491" lon="6.560007">
        <ele>544.1</ele>
        <time>2026-09-15T08:05:48.000Z</time>
        <extensions><power>311</power><gpxtpx:TrackPointExtension><gpxtpx:hr>141</gpxtpx:hr><gpxtpx:cad>95</gpxtpx:cad></gpxtpx:TrackPointExtension></extensions>
      </trkpt>
      <trkpt lat="46.589646" lon="6.560027">
        <ele>544.4</ele>
        <time>2026-09-15T08:05:52.000Z</time>
        <extensions><power>312</power><gpxtpx:TrackPointExtension><gpxtpx:hr>141</gpxtpx:hr><gpxtpx:cad>95</gpxtpx:cad></gpxtpx:TrackPointExtension></extensions>
      </trkpt>
      <trkpt lat="46.589802" lon="6.560046">
        <ele>544.7</ele>
        <time>2026-09-15T08:05:56.000Z</time>
        <extensions><power>313</power><gpxtpx:TrackPointExtension><gpxtpx:hr>141</gpxtpx:hr><gpxtpx:cad>95</gpxtpx:cad></gpxtpx:TrackPointExtension></extensions>
      </trkpt>
      <trkpt lat="46.589959" lon="6.560064">
        <ele>544.9</ele>
        <time>2026-09-15T08:06:00.000Z</time>
        <extensions><power>314</power><gpxtpx:TrackPointExtension><gpxtpx:hr>141</gpxtpx:hr><gpxtpx:cad>95</gpxtpx:cad></gpxtpx:TrackPointExtension></extensions>
      </trkpt>
      <trkpt lat="46.590116" lon="6.560079">
        <ele>545.2</ele>
        <time>2026-09-15T08:06:04.000Z</time>
        <extensions><power>315</power><gpxtpx:TrackPointExtension><gpxtpx:hr>141</gpxtpx:hr><gpxtpx:cad>95</gpxtpx:cad></gpxtpx:TrackPointExtension></extensions>
      </trkpt>
      <trkpt lat="46.590272" lon="6.560092">
        <ele>545.5</ele>
        <time>2026-09-15T08:06:08.000Z</time>
        <extensions><power>316</power><gpxtpx:TrackPointExtension><gpxtpx:hr>141</gpxtpx:hr><gpxtpx:cad>95</gpxtpx:cad></gpxtpx:TrackPointExtension></extensions>
      </trkpt>
      <trkpt lat="46.590428" lon="6.560100">
        <ele>545.8</ele>
        <time>2026-09-15T08:06:12.000Z</time>
        <extensions><power>316</power><gpxtpx:TrackPointExtension><gpxtpx:hr>141</gpxtpx:hr><gpxtpx:cad>95</gpxtpx:cad></gpxtpx:TrackPointExtension></extensions>
      </trkpt>
      <trkpt lat="46.590581" lon="6.560104">
        <ele>546.1</ele>
        <time>2026-09-15T08:06:16.000Z</time>
        <extensions><power>317</power><gpxtpx:TrackPointExtension><gpxtpx:hr>142</gpxtpx:hr><gpxtpx:cad>95</gpxtpx:cad></gpxtpx:TrackPointExtension></extensions>
      </trkpt>
      <trkpt lat="46.590733" lon="6.560102">
        <ele>546.4</ele>
        <time>2026-09-15T08:06:20.000Z</time>
        <extensions><power>318</power><gpxtpx:TrackPointExtension><gpxtpx:hr>142</gpxtpx:hr><gpxtpx:cad>95</gpxtpx:cad></gpxtpx:TrackPointExtension></extensions>
      </trkpt>
      <trkpt lat="46.590882" lon="6.560095">
        <ele>546.7</ele>
        <time>2026-09-15T08:06:24.000Z</time>
        <extensions><power>319</power><gpxtpx:TrackPointExtension><gpxtpx:hr>142</gpxtpx:hr><gpxtpx:cad>95</gpxtpx:cad></gpxtpx:TrackPointExtension></extensions>
      </trkpt>
      <trkpt lat="46.591029" lon="6.560081">
        <ele>547.0</ele>
        <time>2026-09-15T08:06:28.000Z</time>
        <extensions><power>320</power><gpxtpx:TrackPointExtension><gpxtpx:hr>142</gpxtpx:hr><gpxtpx:cad>95</gpxtpx:cad></gpxtpx:TrackPointExtension></extensions>
      </trkpt>
      <trkpt lat="46.591172" lon="6.560062">
        <ele>547.3</ele>
        <time>2026-09-15T08:06:32.000Z</time>
        <extensions><power>321</power><gpxtpx:TrackPointExtension><gpxtpx:hr>142</gpxtpx:hr><gpxtpx:cad>96</gpxtpx:cad></gpxtpx:TrackPointExtension></extensions>
      </trkpt>
      <trkpt lat="46.591313" lon="6.560037">
        <ele>547.6</ele>
        <time>2026-09-15T08:06:36.000Z</time>
        <extensions><power>321</power><gpxtpx:TrackPointExtension><gpxtpx:hr>142</gpxtpx:hr><gpxtpx:cad>96</gpxtpx:cad></gpxtpx:TrackPointExtension></extensions>
      </trkpt>
      <trkpt lat="46.591450" lon="6.560006">
        <ele>547.9</ele>
        <time>2026-09-15T08:06:40.000Z</time>
        <extensions><power>322</power><gpxtpx:TrackPointExtension><gpxtpx:hr>142</gpxtpx:hr><gpxtpx:cad>96</gpxtpx:cad></gpxtpx:TrackPointExtension></extensions>
      </trkpt>
      <trkpt lat="46.591585" lon="6.559969">
        <ele>548.2</ele>
        <time>2026-09-15T08:06:44.000Z</time>
        <extensions><power>323</power><gpxtpx:TrackPointExtension><gpxtpx:hr>142</gpxtpx:hr><gpxtpx:cad>96</gpxtpx:cad></gpxtpx:TrackPointExtension></extensions>
      </trkpt>
      <trkpt lat="46.591717" lon="6.559927">
        <ele>548.5</ele>
        <time>2026-09-15T08:06:48.000Z</time>
        <extensions><power>324</power><gpxtpx:TrackPointExtension><gpxtpx:hr>142</gpxtpx:hr><gpxtpx:cad>96</gpxtpx:cad></gpxtpx:TrackPointExtension></extensions>
      </trkpt>
      <trkpt lat="46.591846" lon="6.559880">
        <ele>548.8</ele>
        <time>2026-09-15T08:06:52.000Z</time>
        <extensions><power>325</power><gpxtpx:TrackPointExtension><gpxtpx:hr>142</gpxtpx:hr><gpxtpx:cad>96</gpxtpx:cad></gpxtpx:TrackPointExtension></extensions>
      </trkpt>
      <trkpt lat="46.591973" lon="6.559829">
        <ele>549.1</ele>
        <time>2026-09-15T08:06:56.000Z</time>
        <extensions><power>325</power><gpxtpx:TrackPointExtension><gpxtpx:hr>142</gpxtpx:hr><gpxtpx:cad>96</gpxtpx:cad></gpxtpx:TrackPointExtension></extensions>
      </trkpt>
      <trkpt lat="46.592098" lon="6.559775">
        <ele>549.4</ele>
        <time>2026-09-15T08:07:00.000Z</time>
        <extensions><power>326</power><gpxtpx:TrackPointExtension><gpxtpx:hr>142</gpxtpx:hr><gpxtpx:cad>96</gpxtpx:cad></gpxtpx:TrackPointExtension></extensions>
      </trkpt>
      <trkpt lat="46.592222" lon="6.559718">
        <ele>549.8</ele>
        <time>2026-09-15T08:07:04.000Z</time>
        <extensions><power>327</power><gpxtpx:TrackPointExtension><gpxtpx:hr>142</gpxtpx:hr><gpxtpx:cad>96</gpxtpx:cad></gpxtpx:TrackPointExtension></extensions>
      </trkpt>
      <trkpt lat="46.592346" lon="6.559660">
        <ele>550.1</ele>
        <time>2026-09-15T08:07:08.000Z</time>
        <extensions><power>328</power><gpxtpx:TrackPointExtension><gpxtpx:hr>142</gpxtpx:hr><gpxtpx:cad>96</gpxtpx:cad></gpxtpx:TrackPointExtension></extensions>
      </trkpt>
      <trkpt lat="46.592470" lon="6.559602">
        <ele>550.4</ele>
        <time>2026-09-15T08:07:12.000Z</time>
        <extensions><power>328</power><gpxtpx:TrackPointExtension><gpxtpx:hr>143</gpxtpx:hr><gpxtpx:cad>96</gpxtpx:cad></gpxtpx:TrackPointExtension></extensions>
      </trkpt>
      <trkpt lat="46.592594" lon="6.559543">
        <ele>550.8</ele>
        <time>2026-09-15T08:07:16.000Z</time>
        <extensions><power>329</power><gpxtpx:TrackPointExtension><gpxtpx:hr>143</gpxtpx:hr><gpxtpx:cad>96</gpxtpx:cad></gpxtpx:TrackPointExtension></extensions>
      </trkpt>
      <trkpt lat="46.592721" lon="6.559486">
        <ele>551.1</ele>
        <time>2026-09-15T08:07:20.000Z</time>
        <extensions><power>330</power><gpxtpx:TrackPointExtension><gpxtpx:hr>143</gpxtpx:hr><gpxtpx:cad>96</gpxtpx:cad></gpxtpx:TrackPointExtension></extensions>
      </trkpt>
      <trkpt lat="46.592850" lon="6.559431">
        <ele>551.4</ele>
        <time>2026-09-15T08:07:24.000Z</time>
        <extensions><power>330</power><gpxtpx:TrackPointExtension><gpxtpx:hr>143</gpxtpx:hr><gpxtpx:cad>96</gpxtpx:cad></gpxtpx:TrackPointExtension></extensions>
      </trkpt>
      <trkpt lat="46.592982" lon="6.559380">
        <ele>551.8</ele>
        <time>2026-09-15T08:07:28.000Z</time>
        <extensions><power>331</power><gpxtpx:TrackPointExtension><gpxtpx:hr>143</gpxtpx:hr><gpxtpx:cad>96</gpxtpx:cad></gpxtpx:TrackPointExtension></extensions>
      </trkpt>
      <trkpt lat="46.593118" lon="6.559333">
        <ele>552.1</ele>
        <time>2026-09-15T08:07:32.000Z</time>
        <extensions><power>332</power><gpxtpx:TrackPointExtension><gpxtpx:hr>143</gpxtpx:hr><gpxtpx:cad>96</gpxtpx:cad></gpxtpx:TrackPointExtension></extensions>
      </trkpt>
      <trkpt lat="46.593260" lon="6.559290">
        <ele>552.4</ele>
        <time>2026-09-15T08:07:36.000Z</time>
        <extensions><power>332</power><gpxtpx:TrackPointExtension><gpxtpx:hr>143</gpxtpx:hr><gpxtpx:cad>96</gpxtpx:cad></gpxtpx:TrackPointExtension></extensions>
      </trkpt>
      <trkpt lat="46.593407" lon="6.559254">
        <ele>552.8</ele>
        <time>2026-09-15T08:07:40.000Z</time>
        <extensions><power>333</power><gpxtpx:TrackPointExtension><gpxtpx:hr>143</gpxtpx:hr><gpxtpx:cad>96</gpxtpx:cad></gpxtpx:TrackPointExtension></extensions>
      </trkpt>
      <trkpt lat="46.593561" lon="6.559224">
        <ele>553.1</ele>
        <time>2026-09-15T08:07:44.000Z</time>
        <extensions><power>334</power><gpxtpx:TrackPointExtension><gpxtpx:hr>143</gpxtpx:hr><gpxtpx:cad>96</gpxtpx:cad></gpxtpx:TrackPointExtension></extensions>
      </trkpt>
      <trkpt lat="46.593721" lon="6.559201">
        <ele>553.5</ele>
        <time>2026-09-15T08:07:48.000Z</time>
        <extensions><power>334</power><gpxtpx:TrackPointExtension><gpxtpx:hr>143</gpxtpx:hr><gpxtpx:cad>96</gpxtpx:cad></gpxtpx:TrackPointExtension></extensions>
      </trkpt>
      <trkpt lat="46.593889" lon="6.559186">
        <ele>553.8</ele>
        <time>2026-09-15T08:07:52.000Z</time>
        <extensions><power>335</power><gpxtpx:TrackPointExtension><gpxtpx:hr>143</gpxtpx:hr><gpxtpx:cad>97</gpxtpx:cad></gpxtpx:TrackPointExtension></extensions>
      </trkpt>
      <trkpt lat="46.594066" lon="6.559178">
        <ele>554.2</ele>
        <time>2026-09-15T08:07:56.000Z</time>
        <extensions><power>336</power><gpxtpx:TrackPointExtension><gpxtpx:hr>143</gpxtpx:hr><gpxtpx:cad>97</gpxtpx:cad></gpxtpx:TrackPointExtension></extensions>
      </trkpt>
      <trkpt lat="46.594251" lon="6.559179">
        <ele>554.6</ele>
        <time>2026-09-15T08:08:00.000Z</time>
        <extensions><power>336</power><gpxtpx:TrackPointExtension><gpxtpx:hr>143</gpxtpx:hr><gpxtpx:cad>97</gpxtpx:cad></gpxtpx:TrackPointExtension></extensions>
      </trkpt>
      <trkpt lat="46.594445" lon="6.559188">
        <ele>554.9</ele>
        <time>2026-09-15T08:08:04.000Z</time>
        <extensions><power>337</power><gpxtpx:TrackPointExtension><gpxtpx:hr>143</gpxtpx:hr><gpxtpx:cad>97</gpxtpx:cad></gpxtpx:TrackPointExtension></extensions>
      </trkpt>
      <trkpt lat="46.594648" lon="6.559205">
        <ele>555.3</ele>
        <time>2026-09-15T08:08:08.000Z</time>
        <extensions><power>338</power><gpxtpx:TrackPointExtension><gpxtpx:hr>143</gpxtpx:hr><gpxtpx:cad>97</gpxtpx:cad></gpxtpx:TrackPointExtension></extensions>
      </trkpt>
      <trkpt lat="46.594860" lon="6.559229">
        <ele>555.7</ele>
        <time>2026-09-15T08:08:12.000Z</time>
        <extensions><power>338</power><gpxtpx:TrackPointExtension><gpxtpx:hr>144</gpxtpx:hr><gpxtpx:cad>97</gpxtpx:cad></gpxtpx:TrackPointExtension></extensions>
      </trkpt>
      <trkpt lat="46.595081" lon="6.559262">
        <ele>556.0</ele>
        <time>2026-09-15T08:08:16.000Z</time>
        <extensions><power>339</power><gpxtpx:TrackPointExtension><gpxtpx:hr>144</gpxtpx:hr><gpxtpx:cad>97</gpxtpx:cad></gpxtpx:TrackPointExtension></extensions>
      </trkpt>
      <trkpt lat="46.595310" lon="6.559301">
        <ele>556.4</ele>
        <time>2026-09-15T08:08:20.000Z</time>
        <extensions><power>339</power><gpxtpx:TrackPointExtension><gpxtpx:hr>144</gpxtpx:hr><gpxtpx:cad>97</gpxtpx:cad></gpxtpx:TrackPointExtension></extensions>
      </trkpt>
      <trkpt lat="46.595548" lon="6.559346">
        <ele>556.8</ele>
        <time>2026-09-15T08:08:24.000Z</time>
        <extensions><power>340</power><gpxtpx:TrackPointExtension><gpxtpx:hr>144</gpxtpx:hr><gpxtpx:cad>97</gpxtpx:cad></gpxtpx:TrackPointExtension></extensions>
      </trkpt>
      <trkpt lat="46.595794" lon="6.559397">
        <ele>557.2</ele>
        <time>2026-09-15T08:08:28.000Z</time>
        <extensions><power>340</power><gpxtpx:TrackPointExtension><gpxtpx:hr>144</gpxtpx:hr><gpxtpx:cad>97</gpxtpx:cad></gpxtpx:TrackPointExtension></extensions>
      </trkpt>
      <trkpt lat="46.596047" lon="6.559453">
        <ele>557.5</ele>
        <time>2026-09-15T08:08:32.000Z</time>
        <extensions><power>341</power><gpxtpx:TrackPointExtension><gpxtpx:hr>144</gpxtpx:hr><gpxtpx:cad>97</gpxtpx:cad></gpxtpx:TrackPointExtension></extensions>
      </trkpt>
      <trkpt lat="46.596306" lon="6.559513">
        <ele>557.9</ele>
        <time>2026-09-15T08:08:36.000Z</time>
        <extensions><power>341</power><gpxtpx:TrackPointExtension><gpxtpx:hr>144</gpxtpx:hr><gpxtpx:cad>97</gpxtpx:cad></gpxtpx:TrackPointExtension></extensions>
      </trkpt>
      <trkpt lat="46.596572" lon="6.559575">
        <ele>558.3</ele>
        <time>2026-09-15T08:08:40.000Z</time>
        <extensions><power>342</power><gpxtpx:TrackPointExtension><gpxtpx:hr>144</gpxtpx:hr><gpxtpx:cad>97</gpxtpx:cad></gpxtpx:TrackPointExtension></extensions>
      </trkpt>
      <trkpt lat="46.596842" lon="6.559639">
        <ele>558.7</ele>
        <time>2026-09-15T08:08:44.000Z</time>
        <extensions><power>342</power><gpxtpx:TrackPointExtension><gpxtpx:hr>144</gpxtpx:hr><gpxtpx:cad>97</gpxtpx:cad></gpxtpx:TrackPointExtension></extensions>
      </trkpt>
      <trkpt lat="46.597115" lon="6.559704">
        <ele>559.1</ele>
        <time>2026-09-15T08:08:48.000Z</time>
        <extensions><power>343</power><gpxtpx:TrackPointExtension><gpxtpx:hr>144</gpxtpx:hr><gpxtpx:cad>97</gpxtpx:cad></gpxtpx:TrackPointExtension></extensions>
      </trkpt>
      <trkpt lat="46.597391" lon="6.559767">
        <ele>559.5</ele>
        <time>2026-09-15T08:08:52.000Z</time>
        <extensions><power>343</power><gpxtpx:TrackPointExtension><gpxtpx:hr>144</gpxtpx:hr><gpxtpx:cad>97</gpxtpx:cad></gpxtpx:TrackPointExtension></extensions>
      </trkpt>
      <trkpt lat="46.597669" lon="6.559829">
        <ele>559.9</ele>
        <time>2026-09-15T08:08:56.000Z</time>
        <extensions><power>344</power><gpxtpx:TrackPointExtension><gpxtpx:hr>144</gpxtpx:hr><gpxtpx:cad>97</gpxtpx:cad></gpxtpx:TrackPointExtension></extensions>
      </trkpt>
      <trkpt lat="46.597947" lon="6.559887">
        <ele>560.3</ele>
        <time>2026-09-15T08:09:00.000Z</time>
        <extensions><power>344</power><gpxtpx:TrackPointExtension><gpxtpx:hr>144</gpxtpx:hr><gpxtpx:cad>97</gpxtpx:cad></gpxtpx:TrackPointExtension></extensions>
      </trkpt>
      <trkpt lat="46.598224" lon="6.559942">
        <ele>560.7</ele>
        <time>2026-09-15T08:09:04.000Z</time>
        <extensions><power>345</power><gpxtpx:TrackPointExtension><gpxtpx:hr>144</gpxtpx:hr><gpxtpx:cad>97</gpxtpx:cad></gpxtpx:TrackPointExtension></extensions>
      </trkpt>
      <trkpt lat="46.598498" lon="6.559990">
        <ele>561.1</ele>
        <time>2026-09-15T08:09:08.000Z</time>
        <extensions><power>345</power><gpxtpx:TrackPointExtension><gpxtpx:hr>145</gpxtpx:hr><gpxtpx:cad>97</gpxtpx:cad></gpxtpx:TrackPointExtension></extensions>
      </trkpt>
      <trkpt lat="46.598770" lon="6.560032">
        <ele>561.5</ele>
        <time>2026-09-15T08:09:12.000Z</time>
        <extensions><power>346</power><gpxtpx:TrackPointExtension><gpxtpx:hr>145</gpxtpx:hr><gpxtpx:cad>97</gpxtpx:cad></gpxtpx:TrackPointExtension></extensions>
      </trkpt>
      <trkpt lat="46.599036" lon="6.560066">
        <ele>561.9</ele>
        <time>2026-09-15T08:09:16.000Z</time>
        <extensions><power>346</power><gpxtpx:TrackPointExtension><gpxtpx:hr>145</gpxtpx:hr><gpxtpx:cad>97</gpxtpx:cad></gpxtpx:TrackPointExtension></extensions>
      </trkpt>
      <trkpt lat="46.599297" lon="6.560092">
        <ele>562.3</ele>
        <time>2026-09-15T08:09:20.000Z</time>
        <extensions><power>346</power><gpxtpx:TrackPointExtension><gpxtpx:hr>145</gpxtpx:hr><gpxtpx:cad>97</gpxtpx:cad></gpxtpx:TrackPointExtension></extensions>
      </trkpt>
      <trkpt lat="46.599551" lon="6.560108">
        <ele>562.7</ele>
        <time>2026-09-15T08:09:24.000Z</time>
        <extensions><power>347</power><gpxtpx:TrackPointExtension><gpxtpx:hr>145</gpxtpx:hr><gpxtpx:cad>97</gpxtpx:cad></gpxtpx:TrackPointExtension></extensions>
      </trkpt>
      <trkpt lat="46.599797" lon="6.560114">
        <ele>563.2</ele>
        <time>2026-09-15T08:09:28.000Z</time>
        <extensions><power>347</power><gpxtpx:TrackPointExtension><gpxtpx:hr>145</gpxtpx:hr><gpxtpx:cad>97</gpxtpx:cad></gpxtpx:TrackPointExtension></extensions>
      </trkpt>
      <trkpt lat="46.600034" lon="6.560110">
        <ele>563.6</ele>
        <time>2026-09-15T08:09:32.000Z</time>
        <extensions><power>348</power><gpxtpx:TrackPointExtension><gpxtpx:hr>145</gpxtpx:hr><gpxtpx:cad>97</gpxtpx:cad></gpxtpx:TrackPointExtension></extensions>
      </trkpt>
      <trkpt lat="46.600262" lon="6.560093">
        <ele>564.0</ele>
        <time>2026-09-15T08:09:36.000Z</time>
        <extensions><power>348</power><gpxtpx:TrackPointExtension><gpxtpx:hr>145</gpxtpx:hr><gpxtpx:cad>97</gpxtpx:cad></gpxtpx:TrackPointExtension></extensions>
      </trkpt>
      <trkpt lat="46.600480" lon="6.560066">
        <ele>564.4</ele>
        <time>2026-09-15T08:09:40.000Z</time>
        <extensions><power>348</power><gpxtpx:TrackPointExtension><gpxtpx:hr>145</gpxtpx:hr><gpxtpx:cad>98</gpxtpx:cad></gpxtpx:TrackPointExtension></extensions>
      </trkpt>
      <trkpt lat="46.600686" lon="6.560026">
        <ele>564.9</ele>
        <time>2026-09-15T08:09:44.000Z</time>
        <extensions><power>349</power><gpxtpx:TrackPointExtension><gpxtpx:hr>145</gpxtpx:hr><gpxtpx:cad>98</gpxtpx:cad></gpxtpx:TrackPointExtension></extensions>
      </trkpt>
      <trkpt lat="46.600882" lon="6.559974">
        <ele>565.3</ele>
        <time>2026-09-15T08:09:48.000Z</time>
        <extensions><power>349</power><gpxtpx:TrackPointExtension><gpxtpx:hr>145</gpxtpx:hr><gpxtpx:cad>98</gpxtpx:cad></gpxtpx:TrackPointExtension></extensions>
      </trkpt>
      <trkpt lat="46.601066" lon="6.559911">
        <ele>565.7</ele>
        <time>2026-09-15T08:09:52.000Z</time>
        <extensions><power>349</power><gpxtpx:TrackPointExtension><gpxtpx:hr>145</gpxtpx:hr><gpxtpx:cad>98</gpxtpx:cad></gpxtpx:TrackPointExtension></extensions>
      </trkpt>
      <trkpt lat="46.601239" lon="6.559835">
        <ele>566.1</ele>
        <time>2026-09-15T08:09:56.000Z</time>
        <extensions><power>350</power><gpxtpx:TrackPointExtension><gpxtpx:hr>145</gpxtpx:hr><gpxtpx:cad>98</gpxtpx:cad></gpxtpx:TrackPointExtension></extensions>
      </trkpt>
      <trkpt lat="46.601400" lon="6.559748">
        <ele>566.6</ele>
        <time>2026-09-15T08:10:00.000Z</time>
        <extensions><power>350</power><gpxtpx:TrackPointExtension><gpxtpx:hr>145</gpxtpx:hr><gpxtpx:cad>98</gpxtpx:cad></gpxtpx:TrackPointExtension></extensions>
      </trkpt>
      <trkpt lat="46.601549" lon="6.559651">
        <ele>567.0</ele>
        <time>2026-09-15T08:10:04.000Z</time>
        <extensions><power>350</power><gpxtpx:TrackPointExtension><gpxtpx:hr>146</gpxtpx:hr><gpxtpx:cad>98</gpxtpx:cad></gpxtpx:TrackPointExtension></extensions>
      </trkpt>
      <trkpt lat="46.601688" lon="6.559542">
        <ele>567.5</ele>
        <time>2026-09-15T08:10:08.000Z</time>
        <extensions><power>351</power><gpxtpx:TrackPointExtension><gpxtpx:hr>146</gpxtpx:hr><gpxtpx:cad>98</gpxtpx:cad></gpxtpx:TrackPointExtension></extensions>
      </trkpt>
      <trkpt lat="46.601815" lon="6.559424">
        <ele>567.9</ele>
        <time>2026-09-15T08:10:12.000Z</time>
        <extensions><power>351</power><gpxtpx:TrackPointExtension><gpxtpx:hr>146</gpxtpx:hr><gpxtpx:cad>98</gpxtpx:cad></gpxtpx:TrackPointExtension></extensions>
      </trkpt>
      <trkpt lat="46.601933" lon="6.559296">
        <ele>568.4</ele>
        <time>2026-09-15T08:10:16.000Z</time>
        <extensions><power>351</power><gpxtpx:TrackPointExtension><gpxtpx:hr>146</gpxtpx:hr><gpxtpx:cad>98</gpxtpx:cad></gpxtpx:TrackPointExtension></extensions>
      </trkpt>
      <trkpt lat="46.602041" lon="6.559161">
        <ele>568.8</ele>
        <time>2026-09-15T08:10:20.000Z</time>
        <extensions><power>351</power><gpxtpx:TrackPointExtension><gpxtpx:hr>146</gpxtpx:hr><gpxtpx:cad>98</gpxtpx:cad></gpxtpx:TrackPointExtension></extensions>
      </trkpt>
      <trkpt lat="46.602141" lon="6.559017">
        <ele>569.3</ele>
        <time>2026-09-15T08:10:24.000Z</time>
        <extensions><power>352</power><gpxtpx:TrackPointExtension><gpxtpx:hr>146</gpxtpx:hr><gpxtpx:cad>98</gpxtpx:cad></gpxtpx:TrackPointExtension></extensions>
      </trkpt>
      <trkpt lat="46.602233" lon="6.558867">
        <ele>569.7</ele>
        <time>2026-09-15T08:10:28.000Z</time>
        <extensions><power>352</power><gpxtpx:TrackPointExtension><gpxtpx:hr>146</gpxtpx:hr><gpxtpx:cad>98</gpxtpx:cad></gpxtpx:TrackPointExtension></extensions>
      </trkpt>
      <trkpt lat="46.602318" lon="6.558712">
        <ele>570.2</ele>
        <time>2026-09-15T08:10:32.000Z</time>
        <extensions><power>352</power><gpxtpx:TrackPointExtension><gpxtpx:hr>146</gpxtpx:hr><gpxtpx:cad>98</gpxtpx:cad></gpxtpx:TrackPointExtension></extensions>
      </trkpt>
      <trkpt lat="46.602397" lon="6.558552">
        <ele>570.6</ele>
        <time>2026-09-15T08:10:36.000Z</time>
        <extensions><power>352</power><gpxtpx:TrackPointExtension><gpxtpx:hr>146</gpxtpx:hr><gpxtpx:cad>98</gpxtpx:cad></gpxtpx:TrackPointExtension></extensions>
      </trkpt>
      <trkpt lat="46.602471" lon="6.558387">
        <ele>571.1</ele>
        <time>2026-09-15T08:10:40.000Z</time>
        <extensions><power>353</power><gpxtpx:TrackPointExtension><gpxtpx:hr>146</gpxtpx:hr><gpxtpx:cad>98</gpxtpx:cad></gpxtpx:TrackPointExtension></extensions>
      </trkpt>
      <trkpt lat="46.602542" lon="6.558221">
        <ele>571.6</ele>
        <time>2026-09-15T08:10:44.000Z</time>
        <extensions><power>353</power><gpxtpx:TrackPointExtension><gpxtpx:hr>146</gpxtpx:hr><gpxtpx:cad>98</gpxtpx:cad></gpxtpx:TrackPointExtension></extensions>
      </trkpt>
      <trkpt lat="46.602609" lon="6.558052">
        <ele>572.0</ele>
        <time>2026-09-15T08:10:48.000Z</time>
        <extensions><power>353</power><gpxtpx:TrackPointExtension><gpxtpx:hr>146</gpxtpx:hr><gpxtpx:cad>98</gpxtpx:cad></gpxtpx:TrackPointExtension></extensions>
      </trkpt>
      <trkpt lat="46.602675" lon="6.557882">
        <ele>572.5</ele>
        <time>2026-09-15T08:10:52.000Z</time>
        <extensions><power>353</power><gpxtpx:TrackPointExtension><gpxtpx:hr>146</gpxtpx:hr><gpxtpx:cad>98</gpxtpx:cad></gpxtpx:TrackPointExtension></extensions>
      </trkpt>
      <trkpt lat="46.602740" lon="6.557711">
        <ele>573.0</ele>
        <time>2026-09-15T08:10:56.000Z</time>
        <extensions><power>353</power><gpxtpx:TrackPointExtension><gpxtpx:hr>146</gpxtpx:hr><gpxtpx:cad>98</gpxtpx:cad></gpxtpx:TrackPointExtension></extensions>
      </trkpt>
      <trkpt lat="46.602805" lon="6.557541">
        <ele>573.4</ele>
        <time>2026-09-15T08:11:00.000Z</time>
        <extensions><power>353</power><gpxtpx:TrackPointExtension><gpxtpx:hr>147</gpxtpx:hr><gpxtpx:cad>98</gpxtpx:cad></gpxtpx:TrackPointExtension></extensions>
      </trkpt>
      <trkpt lat="46.602871" lon="6.557373">
        <ele>573.9</ele>
        <time>2026-09-15T08:11:04.000Z</time>
        <extensions><power>354</power><gpxtpx:TrackPointExtension><gpxtpx:hr>147</gpxtpx:hr><gpxtpx:cad>98</gpxtpx:cad></gpxtpx:TrackPointExtension></extensions>
      </trkpt>
      <trkpt lat="46.602939" lon="6.557205">
        <ele>574.4</ele>
        <time>2026-09-15T08:11:08.000Z</time>
        <extensions><power>354</power><gpxtpx:TrackPointExtension><gpxtpx:hr>147</gpxtpx:hr><gpxtpx:cad>98</gpxtpx:cad></gpxtpx:TrackPointExtension></extensions>
      </trkpt>
      <trkpt lat="46.603009" lon="6.557040">
        <ele>574.9</ele>
        <time>2026-09-15T08:11:12.000Z</time>
        <extensions><power>354</power><gpxtpx:TrackPointExtension><gpxtpx:hr>147</gpxtpx:hr><gpxtpx:cad>98</gpxtpx:cad></gpxtpx:TrackPointExtension></extensions>
      </trkpt>
      <trkpt lat="46.603081" lon="6.556877">
        <ele>575.4</ele>
        <time>2026-09-15T08:11:16.000Z</time>
        <extensions><power>354</power><gpxtpx:TrackPointExtension><gpxtpx:hr>147</gpxtpx:hr><gpxtpx:cad>98</gpxtpx:cad></gpxtpx:TrackPointExtension></extensions>
      </trkpt>
      <trkpt lat="46.603157" lon="6.556717">
        <ele>575.8</ele>
        <time>2026-09-15T08:11:20.000Z</time>
        <extensions><power>354</power><gpxtpx:TrackPointExtension><gpxtpx:hr>147</gpxtpx:hr><gpxtpx:cad>98</gpxtpx:cad></gpxtpx:TrackPointExtension></extensions>
      </trkpt>
      <trkpt lat="46.603237" lon="6.556559">
        <ele>576.3</ele>
        <time>2026-09-15T08:11:24.000Z</time>
        <extensions><power>354</power><gpxtpx:TrackPointExtension><gpxtpx:hr>147</gpxtpx:hr><gpxtpx:cad>98</gpxtpx:cad></gpxtpx:TrackPointExtension></extensions>
      </trkpt>
      <trkpt lat="46.603320" lon="6.556405">
        <ele>576.8</ele>
        <time>2026-09-15T08:11:28.000Z</time>
        <extensions><power>354</power><gpxtpx:TrackPointExtension><gpxtpx:hr>147</gpxtpx:hr><gpxtpx:cad>98</gpxtpx:cad></gpxtpx:TrackPointExtension></extensions>
      </trkpt>
      <trkpt lat="46.603407" lon="6.556253">
        <ele>577.3</ele>
        <time>2026-09-15T08:11:32.000Z</time>
        <extensions><power>354</power><gpxtpx:TrackPointExtension><gpxtpx:hr>147</gpxtpx:hr><gpxtpx:cad>98</gpxtpx:cad></gpxtpx:TrackPointExtension></extensions>
      </trkpt>
      <trkpt lat="46.603498" lon="6.556103">
        <ele>577.8</ele>
        <time>2026-09-15T08:11:36.000Z</time>
        <extensions><power>354</power><gpxtpx:TrackPointExtension><gpxtpx:hr>147</gpxtpx:hr><gpxtpx:cad>98</gpxtpx:cad></gpxtpx:TrackPointExtension></extensions>
      </trkpt>
      <trkpt lat="46.603592" lon="6.555956">
        <ele>578.3</ele>
        <time>2026-09-15T08:11:40.000Z</time>
        <extensions><power>354</power><gpxtpx:TrackPointExtension><gpxtpx:hr>147</gpxtpx:hr><gpxtpx:cad>98</gpxtpx:cad></gpxtpx:TrackPointExtension></extensions>
      </trkpt>
      <trkpt lat="46.603689" lon="6.555811">
        <ele>578.8</ele>
        <time>2026-09-15T08:11:44.000Z</time>
        <extensions><power>354</power><gpxtpx:TrackPointExtension><gpxtpx:hr>147</gpxtpx:hr><gpxtpx:cad>98</gpxtpx:cad></gpxtpx:TrackPointExtension></extensions>
      </trkpt>
      <trkpt lat="46.603788" lon="6.555667">
        <ele>579.3</ele>
        <time>2026-09-15T08:11:48.000Z</time>
        <extensions><power>355</power><gpxtpx:TrackPointExtension><gpxtpx:hr>147</gpxtpx:hr><gpxtpx:cad>98</gpxtpx:cad></gpxtpx:TrackPointExtension></extensions>
      </trkpt>
      <trkpt lat="46.603889" lon="6.555525">
        <ele>579.8</ele>
        <time>2026-09-15T08:11:52.000Z</time>
        <extensions><power>355</power><gpxtpx:TrackPointExtension><gpxtpx:hr>147</gpxtpx:hr><gpxtpx:cad>98</gpxtpx:cad></gpxtpx:TrackPointExtension></extensions>
      </trkpt>
      <trkpt lat="46.603991" lon="6.555383">
        <ele>580.3</ele>
        <time>2026-09-15T08:11:56.000Z</time>
        <extensions><power>355</power><gpxtpx:TrackPointExtension><gpxtpx:hr>148</gpxtpx:hr><gpxtpx:cad>98</gpxtpx:cad></gpxtpx:TrackPointExtension></extensions>
      </trkpt>
      <trkpt lat="46.604094" lon="6.555241">
        <ele>580.8</ele>
        <time>2026-09-15T08:12:00.000Z</time>
        <extensions><power>355</power><gpxtpx:TrackPointExtension><gpxtpx:hr>148</gpxtpx:hr><gpxtpx:cad>98</gpxtpx:cad></gpxtpx:TrackPointExtension></extensions>
      </trkpt>
      <trkpt lat="46.604195" lon="6.555098">
        <ele>581.3</ele>
        <time>2026-09-15T08:12:04.000Z</time>
        <extensions><power>355</power><gpxtpx:TrackPointExtension><gpxtpx:hr>148</gpxtpx:hr><gpxtpx:cad>98</gpxtpx:cad></gpxtpx:TrackPointExtension></extensions>
      </trkpt>
      <trkpt lat="46.604296" lon="6.554954">
        <ele>581.9</ele>
        <time>2026-09-15T08:12:08.000Z</time>
        <extensions><power>355</power><gpxtpx:TrackPointExtension><gpxtpx:hr>148</gpxtpx:hr><gpxtpx:cad>98</gpxtpx:cad></gpxtpx:TrackPointExtension></extensions>
      </trkpt>
      <trkpt lat="46.604393" lon="6.554807">
        <ele>582.4</ele>
        <time>2026-09-15T08:12:12.000Z</time>
        <extensions><power>355</power><gpxtpx:TrackPointExtension><gpxtpx:hr>148</gpxtpx:hr><gpxtpx:cad>98</gpxtpx:cad></gpxtpx:TrackPointExtension></extensions>
      </trkpt>
      <trkpt lat="46.604487" lon="6.554659">
        <ele>582.9</ele>
        <time>2026-09-15T08:12:16.000Z</time>
        <extensions><power>355</power><gpxtpx:TrackPointExtension><gpxtpx:hr>148</gpxtpx:hr><gpxtpx:cad>98</gpxtpx:cad></gpxtpx:TrackPointExtension></extensions>
      </trkpt>
      <trkpt lat="46.604577" lon="6.554507">
        <ele>583.4</ele>
        <time>2026-09-15T08:12:20.000Z</time>
        <extensions><power>354</power><gpxtpx:TrackPointExtension><gpxtpx:hr>148</gpxtpx:hr><gpxtpx:cad>98</gpxtpx:cad></gpxtpx:TrackPointExtension></extensions>
      </trkpt>
      <trkpt lat="46.604661" lon="6.554351">
        <ele>583.9</ele>
        <time>2026-09-15T08:12:24.000Z</time>
        <extensions><power>354</power><gpxtpx:TrackPointExtension><gpxtpx:hr>148</gpxtpx:hr><gpxtpx:cad>98</gpxtpx:cad></gpxtpx:TrackPointExtension></extensions>
      </trkpt>
      <trkpt lat="46.604739" lon="6.554191">
        <ele>584.4</ele>
        <time>2026-09-15T08:12:28.000Z</time>
        <extensions><power>354</power><gpxtpx:TrackPointExtension><gpxtpx:hr>148</gpxtpx:hr><gpxtpx:cad>98</gpxtpx:cad></gpxtpx:TrackPointExtension></extensions>
      </trkpt>
      <trkpt lat="46.604810" lon="6.554026">
        <ele>585.0</ele>
        <time>2026-09-15T08:12:32.000Z</time>
        <extensions><power>354</power><gpxtpx:TrackPointExtension><gpxtpx:hr>148</gpxtpx:hr><gpxtpx:cad>98</gpxtpx:cad></gpxtpx:TrackPointExtension></extensions>
      </trkpt>
      <trkpt lat="46.604872" lon="6.553856">
        <ele>585.5</ele>
        <time>2026-09-15T08:12:36.000Z</time>
        <extensions><power>354</power><gpxtpx:TrackPointExtension><gpxtpx:hr>148</gpxtpx:hr><gpxtpx:cad>98</gpxtpx:cad></gpxtpx:TrackPointExtension></extensions>
      </trkpt>
      <trkpt lat="46.604926" lon="6.553681">
        <ele>586.0</ele>
        <time>2026-09-15T08:12:40.000Z</time>
        <extensions><power>354</power><gpxtpx:TrackPointExtension><gpxtpx:hr>148</gpxtpx:hr><gpxtpx:cad>98</gpxtpx:cad></gpxtpx:TrackPointExtension></extensions>
      </trkpt>
      <trkpt lat="46.604970" lon="6.553500">
        <ele>586.6</ele>
        <time>2026-09-15T08:12:44.000Z</time>
        <extensions><power>354</power><gpxtpx:TrackPointExtension><gpxtpx:hr>148</gpxtpx:hr><gpxtpx:cad>98</gpxtpx:cad></gpxtpx:TrackPointExtension></extensions>
      </trkpt>
      <trkpt lat="46.605005" lon="6.553314">
        <ele>587.1</ele>
        <time>2026-09-15T08:12:48.000Z</time>
        <extensions><power>354</power><gpxtpx:TrackPointExtension><gpxtpx:hr>148</gpxtpx:hr><gpxtpx:cad>98</gpxtpx:cad></gpxtpx:TrackPointExtension></extensions>
      </trkpt>
      <trkpt lat="46.605030" lon="6.553121">
        <ele>587.6</ele>
        <time>2026-09-15T08:12:52.000Z</time>
        <extensions><power>354</power><gpxtpx:TrackPointExtension><gpxtpx:hr>149</gpxtpx:hr><gpxtpx:cad>98</gpxtpx:cad></gpxtpx:TrackPointExtension></extensions>
      </trkpt>
      <trkpt lat="46.605044" lon="6.552923">
        <ele>588.2</ele>
        <time>2026-09-15T08:12:56.000Z</time>
        <extensions><power>354</power><gpxtpx:TrackPointExtension><gpxtpx:hr>149</gpxtpx:hr><gpxtpx:cad>98</gpxtpx:cad></gpxtpx:TrackPointExtension></extensions>
      </trkpt>
      <trkpt lat="46.605048" lon="6.552718">
        <ele>588.7</ele>
        <time>2026-09-15T08:13:00.000Z</time>
        <extensions><power>354</power><gpxtpx:TrackPointExtension><gpxtpx:hr>149</gpxtpx:hr><gpxtpx:cad>98</gpxtpx:cad></gpxtpx:TrackPointExtension></extensions>
      </trkpt>
      <trkpt lat="46.605042" lon="6.552509">
        <ele>589.3</ele>
        <time>2026-09-15T08:13:04.000Z</time>
        <extensions><power>354</power><gpxtpx:TrackPointExtension><gpxtpx:hr>149</gpxtpx:hr><gpxtpx:cad>98</gpxtpx:cad></gpxtpx:TrackPointExtension></extensions>
      </trkpt>
      <trkpt lat="46.605026" lon="6.552294">
        <ele>589.8</ele>
        <time>2026-09-15T08:13:08.000Z</time>
        <extensions><power>353</power><gpxtpx:TrackPointExtension><gpxtpx:hr>149</gpxtpx:hr><gpxtpx:cad>98</gpxtpx:cad></gpxtpx:TrackPointExtension></extensions>
      </trkpt>
      <trkpt lat="46.605001" lon="6.552074">
        <ele>590.3</ele>
        <time>2026-09-15T08:13:12.000Z</time>
        <extensions><power>353</power><gpxtpx:TrackPointExtension><gpxtpx:hr>149</gpxtpx:hr><gpxtpx:cad>98</gpxtpx:cad></gpxtpx:TrackPointExtension></extensions>
      </trkpt>
      <trkpt lat="46.604966" lon="6.551851">
        <ele>590.9</ele>
        <time>2026-09-15T08:13:16.000Z</time>
        <extensions><power>353</power><gpxtpx:TrackPointExtension><gpxtpx:hr>149</gpxtpx:hr><gpxtpx:cad>98</gpxtpx:cad></gpxtpx:TrackPointExtension></extensions>
      </trkpt>
      <trkpt lat="46.604924" lon="6.551623">
        <ele>591.4</ele>
        <time>2026-09-15T08:13:20.000Z</time>
        <extensions><power>353</power><gpxtpx:TrackPointExtension><gpxtpx:hr>149</gpxtpx:hr><gpxtpx:cad>98</gpxtpx:cad></gpxtpx:TrackPointExtension></extensions>
      </trkpt>
      <trkpt lat="46.604874" lon="6.551392">
        <ele>592.0</ele>
        <time>2026-09-15T08:13:24.000Z</time>
        <extensions><power>353</power><gpxtpx:TrackPointExtension><gpxtpx:hr>149</gpxtpx:hr><gpxtpx:cad>98</gpxtpx:cad></gpxtpx:TrackPointExtension></extensions>
      </trkpt>
      <trkpt lat="46.604819" lon="6.551159">
        <ele>592.6</ele>
        <time>2026-09-15T08:13:28.000Z</time>
        <extensions><power>353</power><gpxtpx:TrackPointExtension><gpxtpx:hr>149</gpxtpx:hr><gpxtpx:cad>98</gpxtpx:cad></gpxtpx:TrackPointExtension></extensions>
      </trkpt>
      <trkpt lat="46.604758" lon="6.550924">
        <ele>593.1</ele>
        <time>2026-09-15T08:13:32.000Z</time>
        <extensions><power>352</power><gpxtpx:TrackPointExtension><gpxtpx:hr>149</gpxtpx:hr><gpxtpx:cad>98</gpxtpx:cad></gpxtpx:TrackPointExtension></extensions>
      </trkpt>
      <trkpt lat="46.604693" lon="6.550688">
        <ele>593.7</ele>
        <time>2026-09-15T08:13:36.000Z</time>
        <extensions><power>352</power><gpxtpx:TrackPointExtension><gpxtpx:hr>149</gpxtpx:hr><gpxtpx:cad>98</gpxtpx:cad></gpxtpx:TrackPointExtension></extensions>
      </trkpt>
      <trkpt lat="46.604626" lon="6.550452">
        <ele>594.2</ele>
        <time>2026-09-15T08:13:40.000Z</time>
        <extensions><power>352</power><gpxtpx:TrackPointExtension><gpxtpx:hr>149</gpxtpx:hr><gpxtpx:cad>98</gpxtpx:cad></gpxtpx:TrackPointExtension></extensions>
      </trkpt>
      <trkpt lat="46.604557" lon="6.550216">
        <ele>594.8</ele>
        <time>2026-09-15T08:13:44.000Z</time>
        <extensions><power>352</power><gpxtpx:TrackPointExtension><gpxtpx:hr>149</gpxtpx:hr><gpxtpx:cad>98</gpxtpx:cad></gpxtpx:TrackPointExtension></extensions>
      </trkpt>
      <trkpt lat="46.604489" lon="6.549981">
        <ele>595.4</ele>
        <time>2026-09-15T08:13:48.000Z</time>
        <extensions><power>351</power><gpxtpx:TrackPointExtension><gpxtpx:hr>149</gpxtpx:hr><gpxtpx:cad>98</gpxtpx:cad></gpxtpx:TrackPointExtension></extensions>
      </trkpt>
      <trkpt lat="46.604422" lon="6.549749">
        <ele>595.9</ele>
        <time>2026-09-15T08:13:52.000Z</time>
        <extensions><power>351</power><gpxtpx:TrackPointExtension><gpxtpx:hr>150</gpxtpx:hr><gpxtpx:cad>98</gpxtpx:cad></gpxtpx:TrackPointExtension></extensions>
      </trkpt>
      <trkpt lat="46.604358" lon="6.549519">
        <ele>596.5</ele>
        <time>2026-09-15T08:13:56.000Z</time>
        <extensions><power>351</power><gpxtpx:TrackPointExtension><gpxtpx:hr>150</gpxtpx:hr><gpxtpx:cad>98</gpxtpx:cad></gpxtpx:TrackPointExtension></extensions>
      </trkpt>
      <trkpt lat="46.604298" lon="6.549292">
        <ele>597.1</ele>
        <time>2026-09-15T08:14:00.000Z</time>
        <extensions><power>351</power><gpxtpx:TrackPointExtension><gpxtpx:hr>150</gpxtpx:hr><gpxtpx:cad>98</gpxtpx:cad></gpxtpx:TrackPointExtension></extensions>
      </trkpt>
      <trkpt lat="46.604243" lon="6.549070">
        <ele>597.6</ele>
        <time>2026-09-15T08:14:04.000Z</time>
        <extensions><power>350</power><gpxtpx:TrackPointExtension><gpxtpx:hr>150</gpxtpx:hr><gpxtpx:cad>98</gpxtpx:cad></gpxtpx:TrackPointExtension></extensions>
      </trkpt>
      <trkpt lat="46.604196" lon="6.548852">
        <ele>598.2</ele>
        <time>2026-09-15T08:14:08.000Z</time>
        <extensions><power>350</power><gpxtpx:TrackPointExtension><gpxtpx:hr>150</gpxtpx:hr><gpxtpx:cad>98</gpxtpx:cad></gpxtpx:TrackPointExtension></extensions>
      </trkpt>
      <trkpt lat="46.604157" lon="6.548639">
        <ele>598.8</ele>
        <time>2026-09-15T08:14:12.000Z</time>
        <extensions><power>350</power><gpxtpx:TrackPointExtension><gpxtpx:hr>150</gpxtpx:hr><gpxtpx:cad>98</gpxtpx:cad></gpxtpx:TrackPointExtension></extensions>
      </trkpt>
      <trkpt lat="46.604126" lon="6.548432">
        <ele>599.4</ele>
        <time>2026-09-15T08:14:16.000Z</time>
        <extensions><power>350</power><gpxtpx:TrackPointExtension><gpxtpx:hr>150</gpxtpx:hr><gpxtpx:cad>98</gpxtpx:cad></gpxtpx:TrackPointExtension></extensions>
      </trkpt>
      <trkpt lat="46.604106" lon="6.548231">
        <ele>600.0</ele>
        <time>2026-09-15T08:14:20.000Z</time>
        <extensions><power>349</power><gpxtpx:TrackPointExtension><gpxtpx:hr>150</gpxtpx:hr><gpxtpx:cad>98</gpxtpx:cad></gpxtpx:TrackPointExtension></extensions>
      </trkpt>
      <trkpt lat="46.604097" lon="6.548036">
        <ele>600.5</ele>
        <time>2026-09-15T08:14:24.000Z</time>
        <extensions><power>349</power><gpxtpx:TrackPointExtension><gpxtpx:hr>150</gpxtpx:hr><gpxtpx:cad>98</gpxtpx:cad></gpxtpx:TrackPointExtension></extensions>
      </trkpt>
      <trkpt lat="46.604099" lon="6.547847">
        <ele>601.1</ele>
        <time>2026-09-15T08:14:28.000Z</time>
        <extensions><power>349</power><gpxtpx:TrackPointExtension><gpxtpx:hr>150</gpxtpx:hr><gpxtpx:cad>98</gpxtpx:cad></gpxtpx:TrackPointExtension></extensions>
      </trkpt>
      <trkpt lat="46.604112" lon="6.547664">
        <ele>601.7</ele>
        <time>2026-09-15T08:14:32.000Z</time>
        <extensions><power>348</power><gpxtpx:TrackPointExtension><gpxtpx:hr>150</gpxtpx:hr><gpxtpx:cad>97</gpxtpx:cad></gpxtpx:TrackPointExtension></extensions>
      </trkpt>
      <trkpt lat="46.604139" lon="6.547488">
        <ele>602.3</ele>
        <time>2026-09-15T08:14:36.000Z</time>
        <extensions><power>348</power><gpxtpx:TrackPointExtension><gpxtpx:hr>150</gpxtpx:hr><gpxtpx:cad>97</gpxtpx:cad></gpxtpx:TrackPointExtension></extensions>
      </trkpt>
      <trkpt lat="46.604177" lon="6.547318">
        <ele>602.9</ele>
        <time>2026-09-15T08:14:40.000Z</time>
        <extensions><power>348</power><gpxtpx:TrackPointExtension><gpxtpx:hr>150</gpxtpx:hr><gpxtpx:cad>97</gpxtpx:cad></gpxtpx:TrackPointExtension></extensions>
      </trkpt>
      <trkpt lat="46.604228" lon="6.547154">
        <ele>603.5</ele>
        <time>2026-09-15T08:14:44.000Z</time>
        <extensions><power>347</power><gpxtpx:TrackPointExtension><gpxtpx:hr>150</gpxtpx:hr><gpxtpx:cad>97</gpxtpx:cad></gpxtpx:TrackPointExtension></extensions>
      </trkpt>
      <trkpt lat="46.604291" lon="6.546996">
        <ele>604.1</ele>
        <time>2026-09-15T08:14:48.000Z</time>
        <extensions><power>347</power><gpxtpx:TrackPointExtension><gpxtpx:hr>151</gpxtpx:hr><gpxtpx:cad>97</gpxtpx:cad></gpxtpx:TrackPointExtension></extensions>
      </trkpt>
      <trkpt lat="46.604366" lon="6.546843">
        <ele>604.7</ele>
        <time>2026-09-15T08:14:52.000Z</time>
        <extensions><power>347</power><gpxtpx:TrackPointExtension><gpxtpx:hr>151</gpxtpx:hr><gpxtpx:cad>97</gpxtpx:cad></gpxtpx:TrackPointExtension></extensions>
      </trkpt>
      <trkpt lat="46.604452" lon="6.546696">
        <ele>605.3</ele>
        <time>2026-09-15T08:14:56.000Z</time>
        <extensions><power>346</power><gpxtpx:TrackPointExtension><gpxtpx:hr>151</gpxtpx:hr><gpxtpx:cad>97</gpxtpx:cad></gpxtpx:TrackPointExtension></extensions>
      </trkpt>
      <trkpt lat="46.604548" lon="6.546553">
        <ele>605.9</ele>
        <time>2026-09-15T08:15:00.000Z</time>
        <extensions><power>346</power><gpxtpx:TrackPointExtension><gpxtpx:hr>151</gpxtpx:hr><gpxtpx:cad>97</gpxtpx:cad></gpxtpx:TrackPointExtension></extensions>
      </trkpt>
      <trkpt lat="46.604654" lon="6.546414">
        <ele>606.5</ele>
        <time>2026-09-15T08:15:04.000Z</time>
        <extensions><power>346</power><gpxtpx:TrackPointExtension><gpxtpx:hr>151</gpxtpx:hr><gpxtpx:cad>97</gpxtpx:cad></gpxtpx:TrackPointExtension></extensions>
      </trkpt>
      <trkpt lat="46.604769" lon="6.546279">
        <ele>607.1</ele>
        <time>2026-09-15T08:15:08.000Z</time>
        <extensions><power>345</power><gpxtpx:TrackPointExtension><gpxtpx:hr>151</gpxtpx:hr><gpxtpx:cad>97</gpxtpx:cad></gpxtpx:TrackPointExtension></extensions>
      </trkpt>
      <trkpt lat="46.604891" lon="6.546146">
        <ele>607.7</ele>
        <time>2026-09-15T08:15:12.000Z</time>
        <extensions><power>345</power><gpxtpx:TrackPointExtension><gpxtpx:hr>151</gpxtpx:hr><gpxtpx:cad>97</gpxtpx:cad></gpxtpx:TrackPointExtension></extensions>
      </trkpt>
      <trkpt lat="46.605019" lon="6.546016">
        <ele>608.3</ele>
        <time>2026-09-15T08:15:16.000Z</time>
        <extensions><power>345</power><gpxtpx:TrackPointExtension><gpxtpx:hr>151</gpxtpx:hr><gpxtpx:cad>97</gpxtpx:cad></gpxtpx:TrackPointExtension></extensions>
      </trkpt>
      <trkpt lat="46.605152" lon="6.545887">
        <ele>608.9</ele>
        <time>2026-09-15T08:15:20.000Z</time>
        <extensions><power>344</power><gpxtpx:TrackPointExtension><gpxtpx:hr>151</gpxtpx:hr><gpxtpx:cad>97</gpxtpx:cad></gpxtpx:TrackPointExtension></extensions>
      </trkpt>
      <trkpt lat="46.605289" lon="6.545759">
        <ele>609.5</ele>
        <time>2026-09-15T08:15:24.000Z</time>
        <extensions><power>344</power><gpxtpx:TrackPointExtension><gpxtpx:hr>151</gpxtpx:hr><gpxtpx:cad>97</gpxtpx:cad></gpxtpx:TrackPointExtension></extensions>
      </trkpt>
      <trkpt lat="46.605428" lon="6.545631">
        <ele>610.1</ele>
        <time>2026-09-15T08:15:28.000Z</time>
        <extensions><power>343</power><gpxtpx:TrackPointExtension><gpxtpx:hr>151</gpxtpx:hr><gpxtpx:cad>97</gpxtpx:cad></gpxtpx:TrackPointExtension></extensions>
      </trkpt>
      <trkpt lat="46.605568" lon="6.545502">
        <ele>610.7</ele>
        <time>2026-09-15T08:15:32.000Z</time>
        <extensions><power>343</power><gpxtpx:TrackPointExtension><gpxtpx:hr>151</gpxtpx:hr><gpxtpx:cad>97</gpxtpx:cad></gpxtpx:TrackPointExtension></extensions>
      </trkpt>
      <trkpt lat="46.605707" lon="6.545373">
        <ele>611.3</ele>
        <time>2026-09-15T08:15:36.000Z</time>
        <extensions><power>343</power><gpxtpx:TrackPointExtension><gpxtpx:hr>151</gpxtpx:hr><gpxtpx:cad>97</gpxtpx:cad></gpxtpx:TrackPointExtension></extensions>
      </trkpt>
      <trkpt lat="46.605844" lon="6.545242">
        <ele>611.9</ele>
        <time>2026-09-15T08:15:40.000Z</time>
        <extensions><power>342</power><gpxtpx:TrackPointExtension><gpxtpx:hr>151</gpxtpx:hr><gpxtpx:cad>97</gpxtpx:cad></gpxtpx:TrackPointExtension></extensions>
      </trkpt>
      <trkpt lat="46.605977" lon="6.545108">
        <ele>612.6</ele>
        <time>2026-09-15T08:15:44.000Z</time>
        <extensions><power>342</power><gpxtpx:TrackPointExtension><gpxtpx:hr>151</gpxtpx:hr><gpxtpx:cad>97</gpxtpx:cad></gpxtpx:TrackPointExtension></extensions>
      </trkpt>
      <trkpt lat="46.606106" lon="6.544972">
        <ele>613.2</ele>
        <time>2026-09-15T08:15:48.000Z</time>
        <extensions><power>341</power><gpxtpx:TrackPointExtension><gpxtpx:hr>152</gpxtpx:hr><gpxtpx:cad>97</gpxtpx:cad></gpxtpx:TrackPointExtension></extensions>
      </trkpt>
      <trkpt lat="46.606230" lon="6.544833">
        <ele>613.8</ele>
        <time>2026-09-15T08:15:52.000Z</time>
        <extensions><power>341</power><gpxtpx:TrackPointExtension><gpxtpx:hr>152</gpxtpx:hr><gpxtpx:cad>97</gpxtpx:cad></gpxtpx:TrackPointExtension></extensions>
      </trkpt>
      <trkpt lat="46.606346" lon="6.544691">
        <ele>614.4</ele>
        <time>2026-09-15T08:15:56.000Z</time>
        <extensions><power>340</power><gpxtpx:TrackPointExtension><gpxtpx:hr>152</gpxtpx:hr><gpxtpx:cad>97</gpxtpx:cad></gpxtpx:TrackPointExtension></extensions>
      </trkpt>
      <trkpt lat="46.606454" lon="6.544544">
        <ele>615.1</ele>
        <time>2026-09-15T08:16:00.000Z</time>
        <extensions><power>340</power><gpxtpx:TrackPointExtension><gpxtpx:hr>152</gpxtpx:hr><gpxtpx:cad>97</gpxtpx:cad></gpxtpx:TrackPointExtension></extensions>
      </trkpt>
      <trkpt lat="46.606554" lon="6.544394">
        <ele>615.7</ele>
        <time>2026-09-15T08:16:04.000Z</time>
        <extensions><power>339</power><gpxtpx:TrackPointExtension><gpxtpx:hr>152</gpxtpx:hr><gpxtpx:cad>97</gpxtpx:cad></gpxtpx:TrackPointExtension></extensions>
      </trkpt>
      <trkpt lat="46.606644" lon="6.544239">
        <ele>616.3</ele>
        <time>2026-09-15T08:16:08.000Z</time>
        <extensions><power>339</power><gpxtpx:TrackPointExtension><gpxtpx:hr>152</gpxtpx:hr><gpxtpx:cad>97</gpxtpx:cad></gpxtpx:TrackPointExtension></extensions>
      </trkpt>
      <trkpt lat="46.606725" lon="6.544080">
        <ele>616.9</ele>
        <time>2026-09-15T08:16:12.000Z</time>
        <extensions><power>339</power><gpxtpx:TrackPointExtension><gpxtpx:hr>152</gpxtpx:hr><gpxtpx:cad>97</gpxtpx:cad></gpxtpx:TrackPointExtension></extensions>
      </trkpt>
      <trkpt lat="46.606795" lon="6.543916">
        <ele>617.6</ele>
        <time>2026-09-15T08:16:16.000Z</time>
        <extensions><power>338</power><gpxtpx:TrackPointExtension><gpxtpx:hr>152</gpxtpx:hr><gpxtpx:cad>97</gpxtpx:cad></gpxtpx:TrackPointExtension></extensions>
      </trkpt>
      <trkpt lat="46.606855" lon="6.543749">
        <ele>618.2</ele>
        <time>2026-09-15T08:16:20.000Z</time>
        <extensions><power>338</power><gpxtpx:TrackPointExtension><gpxtpx:hr>152</gpxtpx:hr><gpxtpx:cad>97</gpxtpx:cad></gpxtpx:TrackPointExtension></extensions>
      </trkpt>
      <trkpt lat="46.606905" lon="6.543577">
        <ele>618.8</ele>
        <time>2026-09-15T08:16:24.000Z</time>
        <extensions><power>337</power><gpxtpx:TrackPointExtension><gpxtpx:hr>152</gpxtpx:hr><gpxtpx:cad>96</gpxtpx:cad></gpxtpx:TrackPointExtension></extensions>
      </trkpt>
      <trkpt lat="46.606945" lon="6.543401">
        <ele>619.5</ele>
        <time>2026-09-15T08:16:28.000Z</time>
        <extensions><power>337</power><gpxtpx:TrackPointExtension><gpxtpx:hr>152</gpxtpx:hr><gpxtpx:cad>96</gpxtpx:cad></gpxtpx:TrackPointExtension></extensions>
      </trkpt>
      <trkpt lat="46.606975" lon="6.543221">
        <ele>620.1</ele>
        <time>2026-09-15T08:16:32.000Z</time>
        <extensions><power>336</power><gpxtpx:TrackPointExtension><gpxtpx:hr>152</gpxtpx:hr><gpxtpx:cad>96</gpxtpx:cad></gpxtpx:TrackPointExtension></extensions>
      </trkpt>
      <trkpt lat="46.606995" lon="6.543038">
        <ele>620.8</ele>
        <time>2026-09-15T08:16:36.000Z</time>
        <extensions><power>336</power><gpxtpx:TrackPointExtension><gpxtpx:hr>152</gpxtpx:hr><gpxtpx:cad>96</gpxtpx:cad></gpxtpx:TrackPointExtension></extensions>
      </trkpt>
      <trkpt lat="46.607007" lon="6.542852">
        <ele>621.4</ele>
        <time>2026-09-15T08:16:40.000Z</time>
        <extensions><power>335</power><gpxtpx:TrackPointExtension><gpxtpx:hr>152</gpxtpx:hr><gpxtpx:cad>96</gpxtpx:cad></gpxtpx:TrackPointExtension></extensions>
      </trkpt>
      <trkpt lat="46.607011" lon="6.542663">
        <ele>622.0</ele>
        <time>2026-09-15T08:16:44.000Z</time>
        <extensions><power>335</power><gpxtpx:TrackPointExtension><gpxtpx:hr>152</gpxtpx:hr><gpxtpx:cad>96</gpxtpx:cad></gpxtpx:TrackPointExtension></extensions>
      </trkpt>
      <trkpt lat="46.607008" lon="6.542472">
        <ele>622.7</ele>
        <time>2026-09-15T08:16:48.000Z</time>
        <extensions><power>334</power><gpxtpx:TrackPointExtension><gpxtpx:hr>152</gpxtpx:hr><gpxtpx:cad>96</gpxtpx:cad></gpxtpx:TrackPointExtension></extensions>
      </trkpt>
      <trkpt lat="46.606999" lon="6.542278">
        <ele>623.3</ele>
        <time>2026-09-15T08:16:52.000Z</time>
        <extensions><power>334</power><gpxtpx:TrackPointExtension><gpxtpx:hr>153</gpxtpx:hr><gpxtpx:cad>96</gpxtpx:cad></gpxtpx:TrackPointExtension></extensions>
      </trkpt>
      <trkpt lat="46.606984" lon="6.542083">
        <ele>624.0</ele>
        <time>2026-09-15T08:16:56.000Z</time>
        <extensions><power>333</power><gpxtpx:TrackPointExtension><gpxtpx:hr>153</gpxtpx:hr><gpxtpx:cad>96</gpxtpx:cad></gpxtpx:TrackPointExtension></extensions>
      </trkpt>
      <trkpt lat="46.606966" lon="6.541887">
        <ele>624.6</ele>
        <time>2026-09-15T08:17:00.000Z</time>
        <extensions><power>332</power><gpxtpx:TrackPointExtension><gpxtpx:hr>153</gpxtpx:hr><gpxtpx:cad>96</gpxtpx:cad></gpxtpx:TrackPointExtension></extensions>
      </trkpt>
      <trkpt lat="46.606945" lon="6.541691">
        <ele>625.3</ele>
        <time>2026-09-15T08:17:04.000Z</time>
        <extensions><power>332</power><gpxtpx:TrackPointExtension><gpxtpx:hr>153</gpxtpx:hr><gpxtpx:cad>96</gpxtpx:cad></gpxtpx:TrackPointExtension></extensions>
      </trkpt>
      <trkpt lat="46.606922" lon="6.541494">
        <ele>625.9</ele>
        <time>2026-09-15T08:17:08.000Z</time>
        <extensions><power>331</power><gpxtpx:TrackPointExtension><gpxtpx:hr>153</gpxtpx:hr><gpxtpx:cad>96</gpxtpx:cad></gpxtpx:TrackPointExtension></extensions>
      </trkpt>
      <trkpt lat="46.606899" lon="6.541298">
        <ele>626.6</ele>
        <time>2026-09-15T08:17:12.000Z</time>
        <extensions><power>331</power><gpxtpx:TrackPointExtension><gpxtpx:hr>153</gpxtpx:hr><gpxtpx:cad>96</gpxtpx:cad></gpxtpx:TrackPointExtension></extensions>
      </trkpt>
      <trkpt lat="46.606876" lon="6.541102">
        <ele>627.2</ele>
        <time>2026-09-15T08:17:16.000Z</time>
        <extensions><power>330</power><gpxtpx:TrackPointExtension><gpxtpx:hr>153</gpxtpx:hr><gpxtpx:cad>96</gpxtpx:cad></gpxtpx:TrackPointExtension></extensions>
      </trkpt>
      <trkpt lat="46.606854" lon="6.540906">
        <ele>627.9</ele>
        <time>2026-09-15T08:17:20.000Z</time>
        <extensions><power>330</power><gpxtpx:TrackPointExtension><gpxtpx:hr>153</gpxtpx:hr><gpxtpx:cad>96</gpxtpx:cad></gpxtpx:TrackPointExtension></extensions>
      </trkpt>
      <trkpt lat="46.606836" lon="6.540713">
        <ele>628.5</ele>
        <time>2026-09-15T08:17:24.000Z</time>
        <extensions><power>329</power><gpxtpx:TrackPointExtension><gpxtpx:hr>153</gpxtpx:hr><gpxtpx:cad>96</gpxtpx:cad></gpxtpx:TrackPointExtension></extensions>
      </trkpt>
      <trkpt lat="46.606821" lon="6.540520">
        <ele>629.2</ele>
        <time>2026-09-15T08:17:28.000Z</time>
        <extensions><power>329</power><gpxtpx:TrackPointExtension><gpxtpx:hr>153</gpxtpx:hr><gpxtpx:cad>96</gpxtpx:cad></gpxtpx:TrackPointExtension></extensions>
      </trkpt>
      <trkpt lat="46.606810" lon="6.540330">
        <ele>629.9</ele>
        <time>2026-09-15T08:17:32.000Z</time>
        <extensions><power>328</power><gpxtpx:TrackPointExtension><gpxtpx:hr>153</gpxtpx:hr><gpxtpx:cad>96</gpxtpx:cad></gpxtpx:TrackPointExtension></extensions>
      </trkpt>
      <trkpt lat="46.606804" lon="6.540141">
        <ele>630.5</ele>
        <time>2026-09-15T08:17:36.000Z</time>
        <extensions><power>328</power><gpxtpx:TrackPointExtension><gpxtpx:hr>153</gpxtpx:hr><gpxtpx:cad>96</gpxtpx:cad></gpxtpx:TrackPointExtension></extensions>
      </trkpt>
      <trkpt lat="46.606803" lon="6.539954">
        <ele>631.2</ele>
        <time>2026-09-15T08:17:40.000Z</time>
        <extensions><power>327</power><gpxtpx:TrackPointExtension><gpxtpx:hr>153</gpxtpx:hr><gpxtpx:cad>95</gpxtpx:cad></gpxtpx:TrackPointExtension></extensions>
      </trkpt>
      <trkpt lat="46.606809" lon="6.539769">
        <ele>631.8</ele>
        <time>2026-09-15T08:17:44.000Z</time>
        <extensions><power>326</power><gpxtpx:TrackPointExtension><gpxtpx:hr>153</gpxtpx:hr><gpxtpx:cad>95</gpxtpx:cad></gpxtpx:TrackPointExtension></extensions>
      </trkpt>
      <trkpt lat="46.606820" lon="6.539586">
        <ele>632.5</ele>
        <time>2026-09-15T08:17:48.000Z</time>
        <extensions><power>326</power><gpxtpx:TrackPointExtension><gpxtpx:hr>153</gpxtpx:hr><gpxtpx:cad>95</gpxtpx:cad></gpxtpx:TrackPointExtension></extensions>
      </trkpt>
      <trkpt lat="46.606838" lon="6.539406">
        <ele>633.2</ele>
        <time>2026-09-15T08:17:52.000Z</time>
        <extensions><power>325</power><gpxtpx:TrackPointExtension><gpxtpx:hr>153</gpxtpx:hr><gpxtpx:cad>95</gpxtpx:cad></gpxtpx:TrackPointExtension></extensions>
      </trkpt>
      <trkpt lat="46.606862" lon="6.539227">
        <ele>633.8</ele>
        <time>2026-09-15T08:17:56.000Z</time>
        <extensions><power>325</power><gpxtpx:TrackPointExtension><gpxtpx:hr>154</gpxtpx:hr><gpxtpx:cad>95</gpxtpx:cad></gpxtpx:TrackPointExtension></extensions>
      </trkpt>
      <trkpt lat="46.606892" lon="6.539050">
        <ele>634.5</ele>
        <time>2026-09-15T08:18:00.000Z</time>
        <extensions><power>324</power><gpxtpx:TrackPointExtension><gpxtpx:hr>154</gpxtpx:hr><gpxtpx:cad>95</gpxtpx:cad></gpxtpx:TrackPointExtension></extensions>
      </trkpt>
      <trkpt lat="46.606927" lon="6.538874">
        <ele>635.2</ele>
        <time>2026-09-15T08:18:04.000Z</time>
        <extensions><power>324</power><gpxtpx:TrackPointExtension><gpxtpx:hr>154</gpxtpx:hr><gpxtpx:cad>95</gpxtpx:cad></gpxtpx:TrackPointExtension></extensions>
      </trkpt>
      <trkpt lat="46.606966" lon="6.538700">
        <ele>635.9</ele>
        <time>2026-09-15T08:18:08.000Z</time>
        <extensions><power>323</power><gpxtpx:TrackPointExtension><gpxtpx:hr>154</gpxtpx:hr><gpxtpx:cad>95</gpxtpx:cad></gpxtpx:TrackPointExtension></extensions>
      </trkpt>
      <trkpt lat="46.607010" lon="6.538527">
        <ele>636.5</ele>
        <time>2026-09-15T08:18:12.000Z</time>
        <extensions><power>322</power><gpxtpx:TrackPointExtension><gpxtpx:hr>154</gpxtpx:hr><gpxtpx:cad>95</gpxtpx:cad></gpxtpx:TrackPointExtension></extensions>
      </trkpt>
      <trkpt lat="46.607057" lon="6.538355">
        <ele>637.2</ele>
        <time>2026-09-15T08:18:16.000Z</time>
        <extensions><power>322</power><gpxtpx:TrackPointExtension><gpxtpx:hr>154</gpxtpx:hr><gpxtpx:cad>95</gpxtpx:cad></gpxtpx:TrackPointExtension></extensions>
      </trkpt>
      <trkpt lat="46.607107" lon="6.538183">
        <ele>637.9</ele>
        <time>2026-09-15T08:18:20.000Z</time>
        <extensions><power>321</power><gpxtpx:TrackPointExtension><gpxtpx:hr>154</gpxtpx:hr><gpxtpx:cad>95</gpxtpx:cad></gpxtpx:TrackPointExtension></extensions>
      </trkpt>
      <trkpt lat="46.607157" lon="6.538012">
        <ele>638.6</ele>
        <time>2026-09-15T08:18:24.000Z</time>
        <extensions><power>321</power><gpxtpx:TrackPointExtension><gpxtpx:hr>154</gpxtpx:hr><gpxtpx:cad>95</gpxtpx:cad></gpxtpx:TrackPointExtension></extensions>
      </trkpt>
      <trkpt lat="46.607208" lon="6.537840">
        <ele>639.2</ele>
        <time>2026-09-15T08:18:28.000Z</time>
        <extensions><power>320</power><gpxtpx:TrackPointExtension><gpxtpx:hr>154</gpxtpx:hr><gpxtpx:cad>95</gpxtpx:cad></gpxtpx:TrackPointExtension></extensions>
      </trkpt>
      <trkpt lat="46.607257" lon="6.537667">
        <ele>639.9</ele>
        <time>2026-09-15T08:18:32.000Z</time>
        <extensions><power>319</power><gpxtpx:TrackPointExtension><gpxtpx:hr>154</gpxtpx:hr><gpxtpx:cad>95</gpxtpx:cad></gpxtpx:TrackPointExtension></extensions>
      </trkpt>
      <trkpt lat="46.607304" lon="6.537494">
        <ele>640.6</ele>
        <time>2026-09-15T08:18:36.000Z</time>
        <extensions><power>319</power><gpxtpx:TrackPointExtension><gpxtpx:hr>154</gpxtpx:hr><gpxtpx:cad>95</gpxtpx:cad></gpxtpx:TrackPointExtension></extensions>
      </trkpt>
      <trkpt lat="46.607347" lon="6.537320">
        <ele>641.3</ele>
        <time>2026-09-15T08:18:40.000Z</time>
        <extensions><power>318</power><gpxtpx:TrackPointExtension><gpxtpx:hr>154</gpxtpx:hr><gpxtpx:cad>95</gpxtpx:cad></gpxtpx:TrackPointExtension></extensions>
      </trkpt>
      <trkpt lat="46.607385" lon="6.537144">
        <ele>642.0</ele>
        <time>2026-09-15T08:18:44.000Z</time>
        <extensions><power>318</power><gpxtpx:TrackPointExtension><gpxtpx:hr>154</gpxtpx:hr><gpxtpx:cad>94</gpxtpx:cad></gpxtpx:TrackPointExtension></extensions>
      </trkpt>
      <trkpt lat="46.607417" lon="6.536967">
        <ele>642.6</ele>
        <time>2026-09-15T08:18:48.000Z</time>
        <extensions><power>317</power><gpxtpx:TrackPointExtension><gpxtpx:hr>154</gpxtpx:hr><gpxtpx:cad>94</gpxtpx:cad></gpxtpx:TrackPointExtension></extensions>
      </trkpt>
      <trkpt lat="46.607441" lon="6.536787">
        <ele>643.3</ele>
        <time>2026-09-15T08:18:52.000Z</time>
        <extensions><power>316</power><gpxtpx:TrackPointExtension><gpxtpx:hr>154</gpxtpx:hr><gpxtpx:cad>94</gpxtpx:cad></gpxtpx:TrackPointExtension></extensions>
      </trkpt>
      <trkpt lat="46.607457" lon="6.536605">
        <ele>644.0</ele>
        <time>2026-09-15T08:18:56.000Z</time>
        <extensions><power>316</power><gpxtpx:TrackPointExtension><gpxtpx:hr>154</gpxtpx:hr><gpxtpx:cad>94</gpxtpx:cad></gpxtpx:TrackPointExtension></extensions>
      </trkpt>
      <trkpt lat="46.607463" lon="6.536421">
        <ele>644.7</ele>
        <time>2026-09-15T08:19:00.000Z</time>
        <extensions><power>315</power><gpxtpx:TrackPointExtension><gpxtpx:hr>155</gpxtpx:hr><gpxtpx:cad>94</gpxtpx:cad></gpxtpx:TrackPointExtension></extensions>
      </trkpt>
      <trkpt lat="46.607458" lon="6.536234">
        <ele>645.4</ele>
        <time>2026-09-15T08:19:04.000Z</time>
        <extensions><power>315</power><gpxtpx:TrackPointExtension><gpxtpx:hr>155</gpxtpx:hr><gpxtpx:cad>94</gpxtpx:cad></gpxtpx:TrackPointExtension></extensions>
      </trkpt>
      <trkpt lat="46.607442" lon="6.536044">
        <ele>646.1</ele>
        <time>2026-09-15T08:19:08.000Z</time>
        <extensions><power>314</power><gpxtpx:TrackPointExtension><gpxtpx:hr>155</gpxtpx:hr><gpxtpx:cad>94</gpxtpx:cad></gpxtpx:TrackPointExtension></extensions>
      </trkpt>
      <trkpt lat="46.607414" lon="6.535852">
        <ele>646.8</ele>
        <time>2026-09-15T08:19:12.000Z</time>
        <extensions><power>313</power><gpxtpx:TrackPointExtension><gpxtpx:hr>155</gpxtpx:hr><gpxtpx:cad>94</gpxtpx:cad></gpxtpx:TrackPointExtension></extensions>
      </trkpt>
      <trkpt lat="46.607373" lon="6.535657">
        <ele>647.5</ele>
        <time>2026-09-15T08:19:16.000Z</time>
        <extensions><power>313</power><gpxtpx:TrackPointExtension><gpxtpx:hr>155</gpxtpx:hr><gpxtpx:cad>94</gpxtpx:cad></gpxtpx:TrackPointExtension></extensions>
      </trkpt>
      <trkpt lat="46.607319" lon="6.535459">
        <ele>648.2</ele>
        <time>2026-09-15T08:19:20.000Z</time>
        <extensions><power>312</power><gpxtpx:TrackPointExtension><gpxtpx:hr>155</gpxtpx:hr><gpxtpx:cad>94</gpxtpx:cad></gpxtpx:TrackPointExtension></extensions>
      </trkpt>
      <trkpt lat="46.607252" lon="6.535259">
        <ele>648.9</ele>
        <time>2026-09-15T08:19:24.000Z</time>
        <extensions><power>312</power><gpxtpx:TrackPointExtension><gpxtpx:hr>155</gpxtpx:hr><gpxtpx:cad>94</gpxtpx:cad></gpxtpx:TrackPointExtension></extensions>
      </trkpt>
      <trkpt lat="46.607171" lon="6.535056">
        <ele>649.5</ele>
        <time>2026-09-15T08:19:28.000Z</time>
        <extensions><power>311</power><gpxtpx:TrackPointExtension><gpxtpx:hr>155</gpxtpx:hr><gpxtpx:cad>94</gpxtpx:cad></gpxtpx:TrackPointExtension></extensions>
      </trkpt>
      <trkpt lat="46.607078" lon="6.534851">
        <ele>650.2</ele>
        <time>2026-09-15T08:19:32.000Z</time>
        <extensions><power>310</power><gpxtpx:TrackPointExtension><gpxtpx:hr>155</gpxtpx:hr><gpxtpx:cad>94</gpxtpx:cad></gpxtpx:TrackPointExtension></extensions>
      </trkpt>
      <trkpt lat="46.606973" lon="6.534643">
        <ele>650.9</ele>
        <time>2026-09-15T08:19:36.000Z</time>
        <extensions><power>310</power><gpxtpx:TrackPointExtension><gpxtpx:hr>155</gpxtpx:hr><gpxtpx:cad>94</gpxtpx:cad></gpxtpx:TrackPointExtension></extensions>
      </trkpt>
      <trkpt lat="46.606855" lon="6.534434">
        <ele>651.6</ele>
        <time>2026-09-15T08:19:40.000Z</time>
        <extensions><power>309</power><gpxtpx:TrackPointExtension><gpxtpx:hr>155</gpxtpx:hr><gpxtpx:cad>94</gpxtpx:cad></gpxtpx:TrackPointExtension></extensions>
      </trkpt>
      <trkpt lat="46.606726" lon="6.534223">
        <ele>652.3</ele>
        <time>2026-09-15T08:19:44.000Z</time>
        <extensions><power>309</power><gpxtpx:TrackPointExtension><gpxtpx:hr>155</gpxtpx:hr><gpxtpx:cad>93</gpxtpx:cad></gpxtpx:TrackPointExtension></extensions>
      </trkpt>
      <trkpt lat="46.606588" lon="6.534011">
        <ele>653.0</ele>
        <time>2026-09-15T08:19:48.000Z</time>
        <extensions><power>308</power><gpxtpx:TrackPointExtension><gpxtpx:hr>155</gpxtpx:hr><gpxtpx:cad>93</gpxtpx:cad></gpxtpx:TrackPointExtension></extensions>
      </trkpt>
      <trkpt lat="46.606440" lon="6.533798">
        <ele>653.7</ele>
        <time>2026-09-15T08:19:52.000Z</time>
        <extensions><power>307</power><gpxtpx:TrackPointExtension><gpxtpx:hr>155</gpxtpx:hr><gpxtpx:cad>93</gpxtpx:cad></gpxtpx:TrackPointExtension></extensions>
      </trkpt>
      <trkpt lat="46.606284" lon="6.533584">
        <ele>654.4</ele>
        <time>2026-09-15T08:19:56.000Z</time>
        <extensions><power>307</power><gpxtpx:TrackPointExtension><gpxtpx:hr>155</gpxtpx:hr><gpxtpx:cad>93</gpxtpx:cad></gpxtpx:TrackPointExtension></extensions>
      </trkpt>
      <trkpt lat="46.606121" lon="6.533370">
        <ele>655.1</ele>
        <time>2026-09-15T08:20:00.000Z</time>
        <extensions><power>306</power><gpxtpx:TrackPointExtension><gpxtpx:hr>155</gpxtpx:hr><gpxtpx:cad>93</gpxtpx:cad></gpxtpx:TrackPointExtension></extensions>
      </trkpt>
      <trkpt lat="46.605954" lon="6.533156">
        <ele>655.8</ele>
        <time>2026-09-15T08:20:04.000Z</time>
        <extensions><power>306</power><gpxtpx:TrackPointExtension><gpxtpx:hr>155</gpxtpx:hr><gpxtpx:cad>93</gpxtpx:cad></gpxtpx:TrackPointExtension></extensions>
      </trkpt>
      <trkpt lat="46.605783" lon="6.532942">
        <ele>656.6</ele>
        <time>2026-09-15T08:20:08.000Z</time>
        <extensions><power>305</power><gpxtpx:TrackPointExtension><gpxtpx:hr>156</gpxtpx:hr><gpxtpx:cad>93</gpxtpx:cad></gpxtpx:TrackPointExtension></extensions>
      </trkpt>
      <trkpt lat="46.605610" lon="6.532729">
        <ele>657.3</ele>
        <time>2026-09-15T08:20:12.000Z</time>
        <extensions><power>304</power><gpxtpx:TrackPointExtension><gpxtpx:hr>156</gpxtpx:hr><gpxtpx:cad>93</gpxtpx:cad></gpxtpx:TrackPointExtension></extensions>
      </trkpt>
      <trkpt lat="46.605437" lon="6.532517">
        <ele>658.0</ele>
        <time>2026-09-15T08:20:16.000Z</time>
        <extensions><power>304</power><gpxtpx:TrackPointExtension><gpxtpx:hr>156</gpxtpx:hr><gpxtpx:cad>93</gpxtpx:cad></gpxtpx:TrackPointExtension></extensions>
      </trkpt>
      <trkpt lat="46.605266" lon="6.532307">
        <ele>658.7</ele>
        <time>2026-09-15T08:20:20.000Z</time>
        <extensions><power>303</power><gpxtpx:TrackPointExtension><gpxtpx:hr>156</gpxtpx:hr><gpxtpx:cad>93</gpxtpx:cad></gpxtpx:TrackPointExtension></extensions>
      </trkpt>
      <trkpt lat="46.605097" lon="6.532098">
        <ele>659.4</ele>
        <time>2026-09-15T08:20:24.000Z</time>
        <extensions><power>302</power><gpxtpx:TrackPointExtension><gpxtpx:hr>156</gpxtpx:hr><gpxtpx:cad>93</gpxtpx:cad></gpxtpx:TrackPointExtension></extensions>
      </trkpt>
      <trkpt lat="46.604933" lon="6.531891">
        <ele>660.1</ele>
        <time>2026-09-15T08:20:28.000Z</time>
        <extensions><power>302</power><gpxtpx:TrackPointExtension><gpxtpx:hr>156</gpxtpx:hr><gpxtpx:cad>93</gpxtpx:cad></gpxtpx:TrackPointExtension></extensions>
      </trkpt>
      <trkpt lat="46.604776" lon="6.531686">
        <ele>660.8</ele>
        <time>2026-09-15T08:20:32.000Z</time>
        <extensions><power>301</power><gpxtpx:TrackPointExtension><gpxtpx:hr>156</gpxtpx:hr><gpxtpx:cad>93</gpxtpx:cad></gpxtpx:TrackPointExtension></extensions>
      </trkpt>
      <trkpt lat="46.604626" lon="6.531484">
        <ele>661.5</ele>
        <time>2026-09-15T08:20:36.000Z</time>
        <extensions><power>301</power><gpxtpx:TrackPointExtension><gpxtpx:hr>156</gpxtpx:hr><gpxtpx:cad>92</gpxtpx:cad></gpxtpx:TrackPointExtension></extensions>
      </trkpt>
      <trkpt lat="46.604486" lon="6.531284">
        <ele>662.2</ele>
        <time>2026-09-15T08:20:40.000Z</time>
        <extensions><power>300</power><gpxtpx:TrackPointExtension><gpxtpx:hr>156</gpxtpx:hr><gpxtpx:cad>92</gpxtpx:cad></gpxtpx:TrackPointExtension></extensions>
      </trkpt>
      <trkpt lat="46.604355" lon="6.531087">
        <ele>662.9</ele>
        <time>2026-09-15T08:20:44.000Z</time>
        <extensions><power>299</power><gpxtpx:TrackPointExtension><gpxtpx:hr>156</gpxtpx:hr><gpxtpx:cad>92</gpxtpx:cad></gpxtpx:TrackPointExtension></extensions>
      </trkpt>
      <trkpt lat="46.604237" lon="6.530893">
        <ele>663.7</ele>
        <time>2026-09-15T08:20:48.000Z</time>
        <extensions><power>299</power><gpxtpx:TrackPointExtension><gpxtpx:hr>156</gpxtpx:hr><gpxtpx:cad>92</gpxtpx:cad></gpxtpx:TrackPointExtension></extensions>
      </trkpt>
      <trkpt lat="46.604131" lon="6.530702">
        <ele>664.4</ele>
        <time>2026-09-15T08:20:52.000Z</time>
        <extensions><power>298</power><gpxtpx:TrackPointExtension><gpxtpx:hr>156</gpxtpx:hr><gpxtpx:cad>92</gpxtpx:cad></gpxtpx:TrackPointExtension></extensions>
      </trkpt>
      <trkpt lat="46.604038" lon="6.530513">
        <ele>665.1</ele>
        <time>2026-09-15T08:20:56.000Z</time>
        <extensions><power>298</power><gpxtpx:TrackPointExtension><gpxtpx:hr>156</gpxtpx:hr><gpxtpx:cad>92</gpxtpx:cad></gpxtpx:TrackPointExtension></extensions>
      </trkpt>
      <trkpt lat="46.603959" lon="6.530327">
        <ele>665.8</ele>
        <time>2026-09-15T08:21:00.000Z</time>
        <extensions><power>297</power><gpxtpx:TrackPointExtension><gpxtpx:hr>156</gpxtpx:hr><gpxtpx:cad>92</gpxtpx:cad></gpxtpx:TrackPointExtension></extensions>
      </trkpt>
      <trkpt lat="46.603894" lon="6.530145">
        <ele>666.5</ele>
        <time>2026-09-15T08:21:04.000Z</time>
        <extensions><power>296</power><gpxtpx:TrackPointExtension><gpxtpx:hr>156</gpxtpx:hr><gpxtpx:cad>92</gpxtpx:cad></gpxtpx:TrackPointExtension></extensions>
      </trkpt>
      <trkpt lat="46.603844" lon="6.529964">
        <ele>667.2</ele>
        <time>2026-09-15T08:21:08.000Z</time>
        <extensions><power>296</power><gpxtpx:TrackPointExtension><gpxtpx:hr>156</gpxtpx:hr><gpxtpx:cad>92</gpxtpx:cad></gpxtpx:TrackPointExtension></extensions>
      </trkpt>
      <trkpt lat="46.603809" lon="6.529787">
        <ele>667.9</ele>
        <time>2026-09-15T08:21:12.000Z</time>
        <extensions><power>295</power><gpxtpx:TrackPointExtension><gpxtpx:hr>156</gpxtpx:hr><gpxtpx:cad>92</gpxtpx:cad></gpxtpx:TrackPointExtension></extensions>
      </trkpt>
      <trkpt lat="46.603789" lon="6.529612">
        <ele>668.7</ele>
        <time>2026-09-15T08:21:16.000Z</time>
        <extensions><power>295</power><gpxtpx:TrackPointExtension><gpxtpx:hr>156</gpxtpx:hr><gpxtpx:cad>92</gpxtpx:cad></gpxtpx:TrackPointExtension></extensions>
      </trkpt>
      <trkpt lat="46.603782" lon="6.529439">
        <ele>669.4</ele>
        <time>2026-09-15T08:21:20.000Z</time>
        <extensions><power>294</power><gpxtpx:TrackPointExtension><gpxtpx:hr>156</gpxtpx:hr><gpxtpx:cad>92</gpxtpx:cad></gpxtpx:TrackPointExtension></extensions>
      </trkpt>
      <trkpt lat="46.603790" lon="6.529268">
        <ele>670.1</ele>
        <time>2026-09-15T08:21:24.000Z</time>
        <extensions><power>293</power><gpxtpx:TrackPointExtension><gpxtpx:hr>157</gpxtpx:hr><gpxtpx:cad>92</gpxtpx:cad></gpxtpx:TrackPointExtension></extensions>
      </trkpt>
      <trkpt lat="46.603810" lon="6.529099">
        <ele>670.8</ele>
        <time>2026-09-15T08:21:28.000Z</time>
        <extensions><power>293</power><gpxtpx:TrackPointExtension><gpxtpx:hr>157</gpxtpx:hr><gpxtpx:cad>91</gpxtpx:cad></gpxtpx:TrackPointExtension></extensions>
      </trkpt>
      <trkpt lat="46.603843" lon="6.528931">
        <ele>671.6</ele>
        <time>2026-09-15T08:21:32.000Z</time>
        <extensions><power>292</power><gpxtpx:TrackPointExtension><gpxtpx:hr>157</gpxtpx:hr><gpxtpx:cad>91</gpxtpx:cad></gpxtpx:TrackPointExtension></extensions>
      </trkpt>
      <trkpt lat="46.603887" lon="6.528765">
        <ele>672.3</ele>
        <time>2026-09-15T08:21:36.000Z</time>
        <extensions><power>292</power><gpxtpx:TrackPointExtension><gpxtpx:hr>157</gpxtpx:hr><gpxtpx:cad>91</gpxtpx:cad></gpxtpx:TrackPointExtension></extensions>
      </trkpt>
      <trkpt lat="46.603942" lon="6.528600">
        <ele>673.0</ele>
        <time>2026-09-15T08:21:40.000Z</time>
        <extensions><power>291</power><gpxtpx:TrackPointExtension><gpxtpx:hr>157</gpxtpx:hr><gpxtpx:cad>91</gpxtpx:cad></gpxtpx:TrackPointExtension></extensions>
      </trkpt>
      <trkpt lat="46.604005" lon="6.528436">
        <ele>673.7</ele>
        <time>2026-09-15T08:21:44.000Z</time>
        <extensions><power>291</power><gpxtpx:TrackPointExtension><gpxtpx:hr>157</gpxtpx:hr><gpxtpx:cad>91</gpxtpx:cad></gpxtpx:TrackPointExtension></extensions>
      </trkpt>
      <trkpt lat="46.604077" lon="6.528273">
        <ele>674.4</ele>
        <time>2026-09-15T08:21:48.000Z</time>
        <extensions><power>290</power><gpxtpx:TrackPointExtension><gpxtpx:hr>157</gpxtpx:hr><gpxtpx:cad>91</gpxtpx:cad></gpxtpx:TrackPointExtension></extensions>
      </trkpt>
      <trkpt lat="46.604155" lon="6.528110">
        <ele>675.2</ele>
        <time>2026-09-15T08:21:52.000Z</time>
        <extensions><power>289</power><gpxtpx:TrackPointExtension><gpxtpx:hr>157</gpxtpx:hr><gpxtpx:cad>91</gpxtpx:cad></gpxtpx:TrackPointExtension></extensions>
      </trkpt>
      <trkpt lat="46.604238" lon="6.527947">
        <ele>675.9</ele>
        <time>2026-09-15T08:21:56.000Z</time>
        <extensions><power>289</power><gpxtpx:TrackPointExtension><gpxtpx:hr>157</gpxtpx:hr><gpxtpx:cad>91</gpxtpx:cad></gpxtpx:TrackPointExtension></extensions>
      </trkpt>
      <trkpt lat="46.604326" lon="6.527785">
        <ele>676.6</ele>
        <time>2026-09-15T08:22:00.000Z</time>
        <extensions><power>288</power><gpxtpx:TrackPointExtension><gpxtpx:hr>157</gpxtpx:hr><gpxtpx:cad>91</gpxtpx:cad></gpxtpx:TrackPointExtension></extensions>
      </trkpt>
      <trkpt lat="46.604416" lon="6.527622">
        <ele>677.3</ele>
        <time>2026-09-15T08:22:04.000Z</time>
        <extensions><power>288</power><gpxtpx:TrackPointExtension><gpxtpx:hr>157</gpxtpx:hr><gpxtpx:cad>91</gpxtpx:cad></gpxtpx:TrackPointExtension></extensions>
      </trkpt>
      <trkpt lat="46.604507" lon="6.527458">
        <ele>678.1</ele>
        <time>2026-09-15T08:22:08.000Z</time>
        <extensions><power>287</power><gpxtpx:TrackPointExtension><gpxtpx:hr>157</gpxtpx:hr><gpxtpx:cad>91</gpxtpx:cad></gpxtpx:TrackPointExtension></extensions>
      </trkpt>
      <trkpt lat="46.604598" lon="6.527295">
        <ele>678.8</ele>
        <time>2026-09-15T08:22:12.000Z</time>
        <extensions><power>287</power><gpxtpx:TrackPointExtension><gpxtpx:hr>157</gpxtpx:hr><gpxtpx:cad>91</gpxtpx:cad></gpxtpx:TrackPointExtension></extensions>
      </trkpt>
      <trkpt lat="46.604689" lon="6.527130">
        <ele>679.5</ele>
        <time>2026-09-15T08:22:16.000Z</time>
        <extensions><power>286</power><gpxtpx:TrackPointExtension><gpxtpx:hr>157</gpxtpx:hr><gpxtpx:cad>90</gpxtpx:cad></gpxtpx:TrackPointExtension></extensions>
      </trkpt>
      <trkpt lat="46.604777" lon="6.526965">
        <ele>680.3</ele>
        <time>2026-09-15T08:22:20.000Z</time>
        <extensions><power>286</power><gpxtpx:TrackPointExtension><gpxtpx:hr>157</gpxtpx:hr><gpxtpx:cad>90</gpxtpx:cad></gpxtpx:TrackPointExtension></extensions>
      </trkpt>
      <trkpt lat="46.604863" lon="6.526800">
        <ele>681.0</ele>
        <time>2026-09-15T08:22:24.000Z</time>
        <extensions><power>285</power><gpxtpx:TrackPointExtension><gpxtpx:hr>157</gpxtpx:hr><gpxtpx:cad>90</gpxtpx:cad></gpxtpx:TrackPointExtension></extensions>
      </trkpt>
      <trkpt lat="46.604945" lon="6.526633">
        <ele>681.7</ele>
        <time>2026-09-15T08:22:28.000Z</time>
        <extensions><power>284</power><gpxtpx:TrackPointExtension><gpxtpx:hr>157</gpxtpx:hr><gpxtpx:cad>90</gpxtpx:cad></gpxtpx:TrackPointExtension></extensions>
      </trkpt>
      <trkpt lat="46.605022" lon="6.526466">
        <ele>682.5</ele>
        <time>2026-09-15T08:22:32.000Z</time>
        <extensions><power>284</power><gpxtpx:TrackPointExtension><gpxtpx:hr>157</gpxtpx:hr><gpxtpx:cad>90</gpxtpx:cad></gpxtpx:TrackPointExtension></extensions>
      </trkpt>
      <trkpt lat="46.605095" lon="6.526297">
        <ele>683.2</ele>
        <time>2026-09-15T08:22:36.000Z</time>
        <extensions><power>283</power><gpxtpx:TrackPointExtension><gpxtpx:hr>157</gpxtpx:hr><gpxtpx:cad>90</gpxtpx:cad></gpxtpx:TrackPointExtension></extensions>
      </trkpt>
      <trkpt lat="46.605162" lon="6.526128">
        <ele>683.9</ele>
        <time>2026-09-15T08:22:40.000Z</time>
        <extensions><power>283</power><gpxtpx:TrackPointExtension><gpxtpx:hr>157</gpxtpx:hr><gpxtpx:cad>90</gpxtpx:cad></gpxtpx:TrackPointExtension></extensions>
      </trkpt>
      <trkpt lat="46.605224" lon="6.525958">
        <ele>684.6</ele>
        <time>2026-09-15T08:22:44.000Z</time>
        <extensions><power>282</power><gpxtpx:TrackPointExtension><gpxtpx:hr>158</gpxtpx:hr><gpxtpx:cad>90</gpxtpx:cad></gpxtpx:TrackPointExtension></extensions>
      </trkpt>
      <trkpt lat="46.605281" lon="6.525787">
        <ele>685.4</ele>
        <time>2026-09-15T08:22:48.000Z</time>
        <extensions><power>282</power><gpxtpx:TrackPointExtension><gpxtpx:hr>158</gpxtpx:hr><gpxtpx:cad>90</gpxtpx:cad></gpxtpx:TrackPointExtension></extensions>
      </trkpt>
      <trkpt lat="46.605332" lon="6.525616">
        <ele>686.1</ele>
        <time>2026-09-15T08:22:52.000Z</time>
        <extensions><power>281</power><gpxtpx:TrackPointExtension><gpxtpx:hr>158</gpxtpx:hr><gpxtpx:cad>90</gpxtpx:cad></gpxtpx:TrackPointExtension></extensions>
      </trkpt>
      <trkpt lat="46.605379" lon="6.525443">
        <ele>686.8</ele>
        <time>2026-09-15T08:22:56.000Z</time>
        <extensions><power>281</power><gpxtpx:TrackPointExtension><gpxtpx:hr>158</gpxtpx:hr><gpxtpx:cad>90</gpxtpx:cad></gpxtpx:TrackPointExtension></extensions>
      </trkpt>
      <trkpt lat="46.605422" lon="6.525271">
        <ele>687.6</ele>
        <time>2026-09-15T08:23:00.000Z</time>
        <extensions><power>280</power><gpxtpx:TrackPointExtension><gpxtpx:hr>158</gpxtpx:hr><gpxtpx:cad>89</gpxtpx:cad></gpxtpx:TrackPointExtension></extensions>
      </trkpt>
      <trkpt lat="46.605461" lon="6.525098">
        <ele>688.3</ele>
        <time>2026-09-15T08:23:04.000Z</time>
        <extensions><power>280</power><gpxtpx:TrackPointExtension><gpxtpx:hr>158</gpxtpx:hr><gpxtpx:cad>89</gpxtpx:cad></gpxtpx:TrackPointExtension></extensions>
      </trkpt>
      <trkpt lat="46.605497" lon="6.524924">
        <ele>689.0</ele>
        <time>2026-09-15T08:23:08.000Z</time>
        <extensions><power>279</power><gpxtpx:TrackPointExtension><gpxtpx:hr>158</gpxtpx:hr><gpxtpx:cad>89</gpxtpx:cad></gpxtpx:TrackPointExtension></extensions>
      </trkpt>
      <trkpt lat="46.605531" lon="6.524750">
        <ele>689.8</ele>
        <time>2026-09-15T08:23:12.000Z</time>
        <extensions><power>279</power><gpxtpx:TrackPointExtension><gpxtpx:hr>158</gpxtpx:hr><gpxtpx:cad>89</gpxtpx:cad></gpxtpx:TrackPointExtension></extensions>
      </trkpt>
      <trkpt lat="46.605565" lon="6.524576">
        <ele>690.5</ele>
        <time>2026-09-15T08:23:16.000Z</time>
        <extensions><power>278</power><gpxtpx:TrackPointExtension><gpxtpx:hr>158</gpxtpx:hr><gpxtpx:cad>89</gpxtpx:cad></gpxtpx:TrackPointExtension></extensions>
      </trkpt>
      <trkpt lat="46.605598" lon="6.524402">
        <ele>691.2</ele>
        <time>2026-09-15T08:23:20.000Z</time>
        <extensions><power>278</power><gpxtpx:TrackPointExtension><gpxtpx:hr>158</gpxtpx:hr><gpxtpx:cad>89</gpxtpx:cad></gpxtpx:TrackPointExtension></extensions>
      </trkpt>
      <trkpt lat="46.605633" lon="6.524227">
        <ele>692.0</ele>
        <time>2026-09-15T08:23:24.000Z</time>
        <extensions><power>277</power><gpxtpx:TrackPointExtension><gpxtpx:hr>158</gpxtpx:hr><gpxtpx:cad>89</gpxtpx:cad></gpxtpx:TrackPointExtension></extensions>
      </trkpt>
      <trkpt lat="46.605670" lon="6.524053">
        <ele>692.7</ele>
        <time>2026-09-15T08:23:28.000Z</time>
        <extensions><power>277</power><gpxtpx:TrackPointExtension><gpxtpx:hr>158</gpxtpx:hr><gpxtpx:cad>89</gpxtpx:cad></gpxtpx:TrackPointExtension></extensions>
      </trkpt>
      <trkpt lat="46.605711" lon="6.523878">
        <ele>693.5</ele>
        <time>2026-09-15T08:23:32.000Z</time>
        <extensions><power>276</power><gpxtpx:TrackPointExtension><gpxtpx:hr>158</gpxtpx:hr><gpxtpx:cad>89</gpxtpx:cad></gpxtpx:TrackPointExtension></extensions>
      </trkpt>
      <trkpt lat="46.605756" lon="6.523704">
        <ele>694.2</ele>
        <time>2026-09-15T08:23:36.000Z</time>
        <extensions><power>276</power><gpxtpx:TrackPointExtension><gpxtpx:hr>158</gpxtpx:hr><gpxtpx:cad>89</gpxtpx:cad></gpxtpx:TrackPointExtension></extensions>
      </trkpt>
      <trkpt lat="46.605808" lon="6.523529">
        <ele>694.9</ele>
        <time>2026-09-15T08:23:40.000Z</time>
        <extensions><power>275</power><gpxtpx:TrackPointExtension><gpxtpx:hr>158</gpxtpx:hr><gpxtpx:cad>89</gpxtpx:cad></gpxtpx:TrackPointExtension></extensions>
      </trkpt>
      <trkpt lat="46.605866" lon="6.523355">
        <ele>695.7</ele>
        <time>2026-09-15T08:23:44.000Z</time>
        <extensions><power>275</power><gpxtpx:TrackPointExtension><gpxtpx:hr>158</gpxtpx:hr><gpxtpx:cad>89</gpxtpx:cad></gpxtpx:TrackPointExtension></extensions>
      </trkpt>
      <trkpt lat="46.605932" lon="6.523180">
        <ele>696.4</ele>
        <time>2026-09-15T08:23:48.000Z</time>
        <extensions><power>275</power><gpxtpx:TrackPointExtension><gpxtpx:hr>158</gpxtpx:hr><gpxtpx:cad>88</gpxtpx:cad></gpxtpx:TrackPointExtension></extensions>
      </trkpt>
      <trkpt lat="46.606008" lon="6.523006">
        <ele>697.1</ele>
        <time>2026-09-15T08:23:52.000Z</time>
        <extensions><power>274</power><gpxtpx:TrackPointExtension><gpxtpx:hr>158</gpxtpx:hr><gpxtpx:cad>88</gpxtpx:cad></gpxtpx:TrackPointExtension></extensions>
      </trkpt>
      <trkpt lat="46.606092" lon="6.522832">
        <ele>697.9</ele>
        <time>2026-09-15T08:23:56.000Z</time>
        <extensions><power>274</power><gpxtpx:TrackPointExtension><gpxtpx:hr>158</gpxtpx:hr><gpxtpx:cad>88</gpxtpx:cad></gpxtpx:TrackPointExtension></extensions>
      </trkpt>
      <trkpt lat="46.606187" lon="6.522657">
        <ele>698.6</ele>
        <time>2026-09-15T08:24:00.000Z</time>
        <extensions><power>273</power><gpxtpx:TrackPointExtension><gpxtpx:hr>158</gpxtpx:hr><gpxtpx:cad>88</gpxtpx:cad></gpxtpx:TrackPointExtension></extensions>
      </trkpt>
      <trkpt lat="46.606293" lon="6.522482">
        <ele>699.4</ele>
        <time>2026-09-15T08:24:04.000Z</time>
        <extensions><power>273</power><gpxtpx:TrackPointExtension><gpxtpx:hr>158</gpxtpx:hr><gpxtpx:cad>88</gpxtpx:cad></gpxtpx:TrackPointExtension></extensions>
      </trkpt>
      <trkpt lat="46.606410" lon="6.522307">
        <ele>700.1</ele>
        <time>2026-09-15T08:24:08.000Z</time>
        <extensions><power>272</power><gpxtpx:TrackPointExtension><gpxtpx:hr>158</gpxtpx:hr><gpxtpx:cad>88</gpxtpx:cad></gpxtpx:TrackPointExtension></extensions>
      </trkpt>
      <trkpt lat="46.606539" lon="6.522132">
        <ele>700.8</ele>
        <time>2026-09-15T08:24:12.000Z</time>
        <extensions><power>272</power><gpxtpx:TrackPointExtension><gpxtpx:hr>159</gpxtpx:hr><gpxtpx:cad>88</gpxtpx:cad></gpxtpx:TrackPointExtension></extensions>
      </trkpt>
      <trkpt lat="46.606678" lon="6.521956">
        <ele>701.6</ele>
        <time>2026-09-15T08:24:16.000Z</time>
        <extensions><power>271</power><gpxtpx:TrackPointExtension><gpxtpx:hr>159</gpxtpx:hr><gpxtpx:cad>88</gpxtpx:cad></gpxtpx:TrackPointExtension></extensions>
      </trkpt>
      <trkpt lat="46.606829" lon="6.521779">
        <ele>702.3</ele>
        <time>2026-09-15T08:24:20.000Z</time>
        <extensions><power>271</power><gpxtpx:TrackPointExtension><gpxtpx:hr>159</gpxtpx:hr><gpxtpx:cad>88</gpxtpx:cad></gpxtpx:TrackPointExtension></extensions>
      </trkpt>
      <trkpt lat="46.606990" lon="6.521602">
        <ele>703.0</ele>
        <time>2026-09-15T08:24:24.000Z</time>
        <extensions><power>271</power><gpxtpx:TrackPointExtension><gpxtpx:hr>159</gpxtpx:hr><gpxtpx:cad>88</gpxtpx:cad></gpxtpx:TrackPointExtension></extensions>
      </trkpt>
      <trkpt lat="46.607161" lon="6.521424">
        <ele>703.8</ele>
        <time>2026-09-15T08:24:28.000Z</time>
        <extensions><power>270</power><gpxtpx:TrackPointExtension><gpxtpx:hr>159</gpxtpx:hr><gpxtpx:cad>88</gpxtpx:cad></gpxtpx:TrackPointExtension></extensions>
      </trkpt>
      <trkpt lat="46.607342" lon="6.521245">
        <ele>704.5</ele>
        <time>2026-09-15T08:24:32.000Z</time>
        <extensions><power>270</power><gpxtpx:TrackPointExtension><gpxtpx:hr>159</gpxtpx:hr><gpxtpx:cad>88</gpxtpx:cad></gpxtpx:TrackPointExtension></extensions>
      </trkpt>
      <trkpt lat="46.607531" lon="6.521066">
        <ele>705.3</ele>
        <time>2026-09-15T08:24:36.000Z</time>
        <extensions><power>269</power><gpxtpx:TrackPointExtension><gpxtpx:hr>159</gpxtpx:hr><gpxtpx:cad>87</gpxtpx:cad></gpxtpx:TrackPointExtension></extensions>
      </trkpt>
      <trkpt lat="46.607728" lon="6.520885">
        <ele>706.0</ele>
        <time>2026-09-15T08:24:40.000Z</time>
        <extensions><power>269</power><gpxtpx:TrackPointExtension><gpxtpx:hr>159</gpxtpx:hr><gpxtpx:cad>87</gpxtpx:cad></gpxtpx:TrackPointExtension></extensions>
      </trkpt>
      <trkpt lat="46.607930" lon="6.520703">
        <ele>706.7</ele>
        <time>2026-09-15T08:24:44.000Z</time>
        <extensions><power>269</power><gpxtpx:TrackPointExtension><gpxtpx:hr>159</gpxtpx:hr><gpxtpx:cad>87</gpxtpx:cad></gpxtpx:TrackPointExtension></extensions>
      </trkpt>
      <trkpt lat="46.608138" lon="6.520520">
        <ele>707.5</ele>
        <time>2026-09-15T08:24:48.000Z</time>
        <extensions><power>268</power><gpxtpx:TrackPointExtension><gpxtpx:hr>159</gpxtpx:hr><gpxtpx:cad>87</gpxtpx:cad></gpxtpx:TrackPointExtension></extensions>
      </trkpt>
      <trkpt lat="46.608349" lon="6.520336">
        <ele>708.2</ele>
        <time>2026-09-15T08:24:52.000Z</time>
        <extensions><power>268</power><gpxtpx:TrackPointExtension><gpxtpx:hr>159</gpxtpx:hr><gpxtpx:cad>87</gpxtpx:cad></gpxtpx:TrackPointExtension></extensions>
      </trkpt>
      <trkpt lat="46.608562" lon="6.520150">
        <ele>709.0</ele>
        <time>2026-09-15T08:24:56.000Z</time>
        <extensions><power>268</power><gpxtpx:TrackPointExtension><gpxtpx:hr>159</gpxtpx:hr><gpxtpx:cad>87</gpxtpx:cad></gpxtpx:TrackPointExtension></extensions>
      </trkpt>
      <trkpt lat="46.608775" lon="6.519964">
        <ele>709.7</ele>
        <time>2026-09-15T08:25:00.000Z</time>
        <extensions><power>267</power><gpxtpx:TrackPointExtension><gpxtpx:hr>159</gpxtpx:hr><gpxtpx:cad>87</gpxtpx:cad></gpxtpx:TrackPointExtension></extensions>
      </trkpt>
      <trkpt lat="46.608987" lon="6.519776">
        <ele>710.4</ele>
        <time>2026-09-15T08:25:04.000Z</time>
        <extensions><power>267</power><gpxtpx:TrackPointExtension><gpxtpx:hr>159</gpxtpx:hr><gpxtpx:cad>87</gpxtpx:cad></gpxtpx:TrackPointExtension></extensions>
      </trkpt>
      <trkpt lat="46.609196" lon="6.519587">
        <ele>711.2</ele>
        <time>2026-09-15T08:25:08.000Z</time>
        <extensions><power>267</power><gpxtpx:TrackPointExtension><gpxtpx:hr>159</gpxtpx:hr><gpxtpx:cad>87</gpxtpx:cad></gpxtpx:TrackPointExtension></extensions>
      </trkpt>
      <trkpt lat="46.609401" lon="6.519397">
        <ele>711.9</ele>
        <time>2026-09-15T08:25:12.000Z</time>
        <extensions><power>266</power><gpxtpx:TrackPointExtension><gpxtpx:hr>159</gpxtpx:hr><gpxtpx:cad>87</gpxtpx:cad></gpxtpx:TrackPointExtension></extensions>
      </trkpt>
      <trkpt lat="46.609599" lon="6.519206">
        <ele>712.7</ele>
        <time>2026-09-15T08:25:16.000Z</time>
        <extensions><power>266</power><gpxtpx:TrackPointExtension><gpxtpx:hr>159</gpxtpx:hr><gpxtpx:cad>87</gpxtpx:cad></gpxtpx:TrackPointExtension></extensions>
      </trkpt>
      <trkpt lat="46.609790" lon="6.519015">
        <ele>713.4</ele>
        <time>2026-09-15T08:25:20.000Z</time>
        <extensions><power>266</power><gpxtpx:TrackPointExtension><gpxtpx:hr>159</gpxtpx:hr><gpxtpx:cad>86</gpxtpx:cad></gpxtpx:TrackPointExtension></extensions>
      </trkpt>
      <trkpt lat="46.609971" lon="6.518822">
        <ele>714.1</ele>
        <time>2026-09-15T08:25:24.000Z</time>
        <extensions><power>265</power><gpxtpx:TrackPointExtension><gpxtpx:hr>159</gpxtpx:hr><gpxtpx:cad>86</gpxtpx:cad></gpxtpx:TrackPointExtension></extensions>
      </trkpt>
      <trkpt lat="46.610142" lon="6.518628">
        <ele>714.9</ele>
        <time>2026-09-15T08:25:28.000Z</time>
        <extensions><power>265</power><gpxtpx:TrackPointExtension><gpxtpx:hr>159</gpxtpx:hr><gpxtpx:cad>86</gpxtpx:cad></gpxtpx:TrackPointExtension></extensions>
      </trkpt>
      <trkpt lat="46.610302" lon="6.518434">
        <ele>715.6</ele>
        <time>2026-09-15T08:25:32.000Z</time>
        <extensions><power>265</power><gpxtpx:TrackPointExtension><gpxtpx:hr>159</gpxtpx:hr><gpxtpx:cad>86</gpxtpx:cad></gpxtpx:TrackPointExtension></extensions>
      </trkpt>
      <trkpt lat="46.610448" lon="6.518240">
        <ele>716.4</ele>
        <time>2026-09-15T08:25:36.000Z</time>
        <extensions><power>264</power><gpxtpx:TrackPointExtension><gpxtpx:hr>159</gpxtpx:hr><gpxtpx:cad>86</gpxtpx:cad></gpxtpx:TrackPointExtension></extensions>
      </trkpt>
      <trkpt lat="46.610581" lon="6.518045">
        <ele>717.1</ele>
        <time>2026-09-15T08:25:40.000Z</time>
        <extensions><power>264</power><gpxtpx:TrackPointExtension><gpxtpx:hr>159</gpxtpx:hr><gpxtpx:cad>86</gpxtpx:cad></gpxtpx:TrackPointExtension></extensions>
      </trkpt>
      <trkpt lat="46.610700" lon="6.517850">
        <ele>717.8</ele>
        <time>2026-09-15T08:25:44.000Z</time>
        <extensions><power>264</power><gpxtpx:TrackPointExtension><gpxtpx:hr>159</gpxtpx:hr><gpxtpx:cad>86</gpxtpx:cad></gpxtpx:TrackPointExtension></extensions>
      </trkpt>
      <trkpt lat="46.610803" lon="6.517654">
        <ele>718.6</ele>
        <time>2026-09-15T08:25:48.000Z</time>
        <extensions><power>263</power><gpxtpx:TrackPointExtension><gpxtpx:hr>160</gpxtpx:hr><gpxtpx:cad>86</gpxtpx:cad></gpxtpx:TrackPointExtension></extensions>
      </trkpt>
      <trkpt lat="46.610892" lon="6.517459">
        <ele>719.3</ele>
        <time>2026-09-15T08:25:52.000Z</time>
        <extensions><power>263</power><gpxtpx:TrackPointExtension><gpxtpx:hr>160</gpxtpx:hr><gpxtpx:cad>86</gpxtpx:cad></gpxtpx:TrackPointExtension></extensions>
      </trkpt>
      <trkpt lat="46.610964" lon="6.517265">
        <ele>720.1</ele>
        <time>2026-09-15T08:25:56.000Z</time>
        <extensions><power>263</power><gpxtpx:TrackPointExtension><gpxtpx:hr>160</gpxtpx:hr><gpxtpx:cad>86</gpxtpx:cad></gpxtpx:TrackPointExtension></extensions>
      </trkpt>
      <trkpt lat="46.611021" lon="6.517070">
        <ele>720.8</ele>
        <time>2026-09-15T08:26:00.000Z</time>
        <extensions><power>263</power><gpxtpx:TrackPointExtension><gpxtpx:hr>160</gpxtpx:hr><gpxtpx:cad>86</gpxtpx:cad></gpxtpx:TrackPointExtension></extensions>
      </trkpt>
      <trkpt lat="46.611063" lon="6.516876">
        <ele>721.5</ele>
        <time>2026-09-15T08:26:04.000Z</time>
        <extensions><power>262</power><gpxtpx:TrackPointExtension><gpxtpx:hr>160</gpxtpx:hr><gpxtpx:cad>86</gpxtpx:cad></gpxtpx:TrackPointExtension></extensions>
      </trkpt>
      <trkpt lat="46.611090" lon="6.516683">
        <ele>722.3</ele>
        <time>2026-09-15T08:26:08.000Z</time>
        <extensions><power>262</power><gpxtpx:TrackPointExtension><gpxtpx:hr>160</gpxtpx:hr><gpxtpx:cad>85</gpxtpx:cad></gpxtpx:TrackPointExtension></extensions>
      </trkpt>
      <trkpt lat="46.611102" lon="6.516490">
        <ele>723.0</ele>
        <time>2026-09-15T08:26:12.000Z</time>
        <extensions><power>262</power><gpxtpx:TrackPointExtension><gpxtpx:hr>160</gpxtpx:hr><gpxtpx:cad>85</gpxtpx:cad></gpxtpx:TrackPointExtension></extensions>
      </trkpt>
      <trkpt lat="46.611101" lon="6.516298">
        <ele>723.7</ele>
        <time>2026-09-15T08:26:16.000Z</time>
        <extensions><power>262</power><gpxtpx:TrackPointExtension><gpxtpx:hr>160</gpxtpx:hr><gpxtpx:cad>85</gpxtpx:cad></gpxtpx:TrackPointExtension></extensions>
      </trkpt>
      <trkpt lat="46.611087" lon="6.516107">
        <ele>724.5</ele>
        <time>2026-09-15T08:26:20.000Z</time>
        <extensions><power>261</power><gpxtpx:TrackPointExtension><gpxtpx:hr>160</gpxtpx:hr><gpxtpx:cad>85</gpxtpx:cad></gpxtpx:TrackPointExtension></extensions>
      </trkpt>
      <trkpt lat="46.611062" lon="6.515917">
        <ele>725.2</ele>
        <time>2026-09-15T08:26:24.000Z</time>
        <extensions><power>261</power><gpxtpx:TrackPointExtension><gpxtpx:hr>160</gpxtpx:hr><gpxtpx:cad>85</gpxtpx:cad></gpxtpx:TrackPointExtension></extensions>
      </trkpt>
      <trkpt lat="46.611026" lon="6.515727">
        <ele>726.0</ele>
        <time>2026-09-15T08:26:28.000Z</time>
        <extensions><power>261</power><gpxtpx:TrackPointExtension><gpxtpx:hr>160</gpxtpx:hr><gpxtpx:cad>85</gpxtpx:cad></gpxtpx:TrackPointExtension></extensions>
      </trkpt>
      <trkpt lat="46.610982" lon="6.515539">
        <ele>726.7</ele>
        <time>2026-09-15T08:26:32.000Z</time>
        <extensions><power>261</power><gpxtpx:TrackPointExtension><gpxtpx:hr>160</gpxtpx:hr><gpxtpx:cad>85</gpxtpx:cad></gpxtpx:TrackPointExtension></extensions>
      </trkpt>
      <trkpt lat="46.610929" lon="6.515351">
        <ele>727.4</ele>
        <time>2026-09-15T08:26:36.000Z</time>
        <extensions><power>261</power><gpxtpx:TrackPointExtension><gpxtpx:hr>160</gpxtpx:hr><gpxtpx:cad>85</gpxtpx:cad></gpxtpx:TrackPointExtension></extensions>
      </trkpt>
      <trkpt lat="46.610871" lon="6.515164">
        <ele>728.2</ele>
        <time>2026-09-15T08:30:40.000Z</time>
        <extensions><power>260</power><gpxtpx:TrackPointExtension><gpxtpx:hr>160</gpxtpx:hr><gpxtpx:cad>85</gpxtpx:cad></gpxtpx:TrackPointExtension></extensions>
      </trkpt>
      <trkpt lat="46.610807" lon="6.514977">
        <ele>728.9</ele>
        <time>2026-09-15T08:30:44.000Z</time>
        <extensions><power>260</power><gpxtpx:TrackPointExtension><gpxtpx:hr>160</gpxtpx:hr><gpxtpx:cad>85</gpxtpx:cad></gpxtpx:TrackPointExtension></extensions>
      </trkpt>
      <trkpt lat="46.610741" lon="6.514792">
        <ele>729.6</ele>
        <time>2026-09-15T08:30:48.000Z</time>
        <extensions><power>260</power><gpxtpx:TrackPointExtension><gpxtpx:hr>160</gpxtpx:hr><gpxtpx:cad>85</gpxtpx:cad></gpxtpx:TrackPointExtension></extensions>
      </trkpt>
      <trkpt lat="46.610672" lon="6.514606">
        <ele>730.4</ele>
        <time>2026-09-15T08:30:52.000Z</time>
        <extensions><power>260</power><gpxtpx:TrackPointExtension><gpxtpx:hr>160</gpxtpx:hr><gpxtpx:cad>85</gpxtpx:cad></gpxtpx:TrackPointExtension></extensions>
      </trkpt>
      <trkpt lat="46.610604" lon="6.514421">
        <ele>731.1</ele>
        <time>2026-09-15T08:30:56.000Z</time>
        <extensions><power>260</power><gpxtpx:TrackPointExtension><gpxtpx:hr>160</gpxtpx:hr><gpxtpx:cad>84</gpxtpx:cad></gpxtpx:TrackPointExtension></extensions>
      </trkpt>
      <trkpt lat="46.610537" lon="6.514237">
        <ele>731.8</ele>
        <time>2026-09-15T08:31:00.000Z</time>
        <extensions><power>260</power><gpxtpx:TrackPointExtension><gpxtpx:hr>160</gpxtpx:hr><gpxtpx:cad>84</gpxtpx:cad></gpxtpx:TrackPointExtension></extensions>
      </trkpt>
      <trkpt lat="46.610472" lon="6.514052">
        <ele>732.6</ele>
        <time>2026-09-15T08:31:04.000Z</time>
        <extensions><power>259</power><gpxtpx:TrackPointExtension><gpxtpx:hr>160</gpxtpx:hr><gpxtpx:cad>84</gpxtpx:cad></gpxtpx:TrackPointExtension></extensions>
      </trkpt>
      <trkpt lat="46.610411" lon="6.513868">
        <ele>733.3</ele>
        <time>2026-09-15T08:31:08.000Z</time>
        <extensions><power>259</power><gpxtpx:TrackPointExtension><gpxtpx:hr>160</gpxtpx:hr><gpxtpx:cad>84</gpxtpx:cad></gpxtpx:TrackPointExtension></extensions>
      </trkpt>
      <trkpt lat="46.610355" lon="6.513683">
        <ele>734.0</ele>
        <time>2026-09-15T08:31:12.000Z</time>
        <extensions><power>259</power><gpxtpx:TrackPointExtension><gpxtpx:hr>160</gpxtpx:hr><gpxtpx:cad>84</gpxtpx:cad></gpxtpx:TrackPointExtension></extensions>
      </trkpt>
      <trkpt lat="46.610304" lon="6.513498">
        <ele>734.8</ele>
        <time>2026-09-15T08:31:16.000Z</time>
        <extensions><power>259</power><gpxtpx:TrackPointExtension><gpxtpx:hr>160</gpxtpx:hr><gpxtpx:cad>84</gpxtpx:cad></gpxtpx:TrackPointExtension></extensions>
      </trkpt>
      <trkpt lat="46.610261" lon="6.513312">
        <ele>735.5</ele>
        <time>2026-09-15T08:31:20.000Z</time>
        <extensions><power>259</power><gpxtpx:TrackPointExtension><gpxtpx:hr>160</gpxtpx:hr><gpxtpx:cad>84</gpxtpx:cad></gpxtpx:TrackPointExtension></extensions>
      </trkpt>
      <trkpt lat="46.610224" lon="6.513126">
        <ele>736.2</ele>
        <time>2026-09-15T08:31:24.000Z</time>
        <extensions><power>259</power><gpxtpx:TrackPointExtension><gpxtpx:hr>160</gpxtpx:hr><gpxtpx:cad>84</gpxtpx:cad></gpxtpx:TrackPointExtension></extensions>
      </trkpt>
      <trkpt lat="46.610196" lon="6.512939">
        <ele>737.0</ele>
        <time>2026-09-15T08:31:28.000Z</time>
        <extensions><power>259</power><gpxtpx:TrackPointExtension><gpxtpx:hr>160</gpxtpx:hr><gpxtpx:cad>84</gpxtpx:cad></gpxtpx:TrackPointExtension></extensions>
      </trkpt>
      <trkpt lat="46.610176" lon="6.512751">
        <ele>737.7</ele>
        <time>2026-09-15T08:31:32.000Z</time>
        <extensions><power>258</power><gpxtpx:TrackPointExtension><gpxtpx:hr>160</gpxtpx:hr><gpxtpx:cad>84</gpxtpx:cad></gpxtpx:TrackPointExtension></extensions>
      </trkpt>
      <trkpt lat="46.610164" lon="6.512562">
        <ele>738.4</ele>
        <time>2026-09-15T08:31:36.000Z</time>
        <extensions><power>258</power><gpxtpx:TrackPointExtension><gpxtpx:hr>160</gpxtpx:hr><gpxtpx:cad>84</gpxtpx:cad></gpxtpx:TrackPointExtension></extensions>
      </trkpt>
      <trkpt lat="46.610160" lon="6.512372">
        <ele>739.2</ele>
        <time>2026-09-15T08:31:40.000Z</time>
        <extensions><power>258</power><gpxtpx:TrackPointExtension><gpxtpx:hr>160</gpxtpx:hr><gpxtpx:cad>84</gpxtpx:cad></gpxtpx:TrackPointExtension></extensions>
      </trkpt>
      <trkpt lat="46.610165" lon="6.512181">
        <ele>739.9</ele>
        <time>2026-09-15T08:31:44.000Z</time>
        <extensions><power>258</power><gpxtpx:TrackPointExtension><gpxtpx:hr>160</gpxtpx:hr><gpxtpx:cad>84</gpxtpx:cad></gpxtpx:TrackPointExtension></extensions>
      </trkpt>
      <trkpt lat="46.610178" lon="6.511990">
        <ele>740.6</ele>
        <time>2026-09-15T08:31:48.000Z</time>
        <extensions><power>258</power><gpxtpx:TrackPointExtension><gpxtpx:hr>161</gpxtpx:hr><gpxtpx:cad>83</gpxtpx:cad></gpxtpx:TrackPointExtension></extensions>
      </trkpt>
      <trkpt lat="46.610198" lon="6.511797">
        <ele>741.3</ele>
        <time>2026-09-15T08:31:52.000Z</time>
        <extensions><power>258</power><gpxtpx:TrackPointExtension><gpxtpx:hr>161</gpxtpx:hr><gpxtpx:cad>83</gpxtpx:cad></gpxtpx:TrackPointExtension></extensions>
      </trkpt>
      <trkpt lat="46.610224" lon="6.511602">
        <ele>742.1</ele>
        <time>2026-09-15T08:31:56.000Z</time>
        <extensions><power>258</power><gpxtpx:TrackPointExtension><gpxtpx:hr>161</gpxtpx:hr><gpxtpx:cad>83</gpxtpx:cad></gpxtpx:TrackPointExtension></extensions>
      </trkpt>
      <trkpt lat="46.610256" lon="6.511407">
        <ele>742.8</ele>
        <time>2026-09-15T08:32:00.000Z</time>
        <extensions><power>258</power><gpxtpx:TrackPointExtension><gpxtpx:hr>161</gpxtpx:hr><gpxtpx:cad>83</gpxtpx:cad></gpxtpx:TrackPointExtension></extensions>
      </trkpt>
      <trkpt lat="46.610293" lon="6.511211">
        <ele>743.5</ele>
        <time>2026-09-15T08:32:04.000Z</time>
        <extensions><power>258</power><gpxtpx:TrackPointExtension><gpxtpx:hr>161</gpxtpx:hr><gpxtpx:cad>83</gpxtpx:cad></gpxtpx:TrackPointExtension></extensions>
      </trkpt>
      <trkpt lat="46.610334" lon="6.511015">
        <ele>744.3</ele>
        <time>2026-09-15T08:32:08.000Z</time>
        <extensions><power>258</power><gpxtpx:TrackPointExtension><gpxtpx:hr>161</gpxtpx:hr><gpxtpx:cad>83</gpxtpx:cad></gpxtpx:TrackPointExtension></extensions>
      </trkpt>
      <trkpt lat="46.610378" lon="6.510817">
        <ele>745.0</ele>
        <time>2026-09-15T08:32:12.000Z</time>
        <extensions><power>258</power><gpxtpx:TrackPointExtension><gpxtpx:hr>161</gpxtpx:hr><gpxtpx:cad>83</gpxtpx:cad></gpxtpx:TrackPointExtension></extensions>
      </trkpt>
      <trkpt lat="46.610423" lon="6.510619">
        <ele>745.7</ele>
        <time>2026-09-15T08:32:16.000Z</time>
        <extensions><power>258</power><gpxtpx:TrackPointExtension><gpxtpx:hr>161</gpxtpx:hr><gpxtpx:cad>83</gpxtpx:cad></gpxtpx:TrackPointExtension></extensions>
      </trkpt>
      <trkpt lat="46.610469" lon="6.510420">
        <ele>746.4</ele>
        <time>2026-09-15T08:32:20.000Z</time>
        <extensions><power>258</power><gpxtpx:TrackPointExtension><gpxtpx:hr>161</gpxtpx:hr><gpxtpx:cad>83</gpxtpx:cad></gpxtpx:TrackPointExtension></extensions>
      </trkpt>
      <trkpt lat="46.610514" lon="6.510222">
        <ele>747.2</ele>
        <time>2026-09-15T08:32:24.000Z</time>
        <extensions><power>258</power><gpxtpx:TrackPointExtension><gpxtpx:hr>161</gpxtpx:hr><gpxtpx:cad>83</gpxtpx:cad></gpxtpx:TrackPointExtension></extensions>
      </trkpt>
      <trkpt lat="46.610557" lon="6.510023">
        <ele>747.9</ele>
        <time>2026-09-15T08:32:28.000Z</time>
        <extensions><power>258</power><gpxtpx:TrackPointExtension><gpxtpx:hr>161</gpxtpx:hr><gpxtpx:cad>83</gpxtpx:cad></gpxtpx:TrackPointExtension></extensions>
      </trkpt>
      <trkpt lat="46.610598" lon="6.509824">
        <ele>748.6</ele>
        <time>2026-09-15T08:32:32.000Z</time>
        <extensions><power>258</power><gpxtpx:TrackPointExtension><gpxtpx:hr>161</gpxtpx:hr><gpxtpx:cad>83</gpxtpx:cad></gpxtpx:TrackPointExtension></extensions>
      </trkpt>
      <trkpt lat="46.610634" lon="6.509626">
        <ele>749.3</ele>
        <time>2026-09-15T08:32:36.000Z</time>
        <extensions><power>258</power><gpxtpx:TrackPointExtension><gpxtpx:hr>161</gpxtpx:hr><gpxtpx:cad>83</gpxtpx:cad></gpxtpx:TrackPointExtension></extensions>
      </trkpt>
      <trkpt lat="46.610665" lon="6.509428">
        <ele>750.0</ele>
        <time>2026-09-15T08:32:40.000Z</time>
        <extensions><power>258</power><gpxtpx:TrackPointExtension><gpxtpx:hr>161</gpxtpx:hr><gpxtpx:cad>82</gpxtpx:cad></gpxtpx:TrackPointExtension></extensions>
      </trkpt>
      <trkpt lat="46.610690" lon="6.509231">
        <ele>750.8</ele>
        <time>2026-09-15T08:32:44.000Z</time>
        <extensions><power>258</power><gpxtpx:TrackPointExtension><gpxtpx:hr>161</gpxtpx:hr><gpxtpx:cad>82</gpxtpx:cad></gpxtpx:TrackPointExtension></extensions>
      </trkpt>
      <trkpt lat="46.610708" lon="6.509035">
        <ele>751.5</ele>
        <time>2026-09-15T08:32:48.000Z</time>
        <extensions><power>258</power><gpxtpx:TrackPointExtension><gpxtpx:hr>161</gpxtpx:hr><gpxtpx:cad>82</gpxtpx:cad></gpxtpx:TrackPointExtension></extensions>
      </trkpt>
      <trkpt lat="46.610719" lon="6.508840">
        <ele>752.2</ele>
        <time>2026-09-15T08:32:52.000Z</time>
        <extensions><power>258</power><gpxtpx:TrackPointExtension><gpxtpx:hr>161</gpxtpx:hr><gpxtpx:cad>82</gpxtpx:cad></gpxtpx:TrackPointExtension></extensions>
      </trkpt>
      <trkpt lat="46.610721" lon="6.508646">
        <ele>752.9</ele>
        <time>2026-09-15T08:32:56.000Z</time>
        <extensions><power>258</power><gpxtpx:TrackPointExtension><gpxtpx:hr>161</gpxtpx:hr><gpxtpx:cad>82</gpxtpx:cad></gpxtpx:TrackPointExtension></extensions>
      </trkpt>
      <trkpt lat="46.610716" lon="6.508454">
        <ele>753.6</ele>
        <time>2026-09-15T08:33:00.000Z</time>
        <extensions><power>258</power><gpxtpx:TrackPointExtension><gpxtpx:hr>161</gpxtpx:hr><gpxtpx:cad>82</gpxtpx:cad></gpxtpx:TrackPointExtension></extensions>
      </trkpt>
      <trkpt lat="46.610701" lon="6.508263">
        <ele>754.4</ele>
        <time>2026-09-15T08:33:04.000Z</time>
        <extensions><power>258</power><gpxtpx:TrackPointExtension><gpxtpx:hr>161</gpxtpx:hr><gpxtpx:cad>82</gpxtpx:cad></gpxtpx:TrackPointExtension></extensions>
      </trkpt>
      <trkpt lat="46.610679" lon="6.508074">
        <ele>755.1</ele>
        <time>2026-09-15T08:33:08.000Z</time>
        <extensions><power>258</power><gpxtpx:TrackPointExtension><gpxtpx:hr>161</gpxtpx:hr><gpxtpx:cad>82</gpxtpx:cad></gpxtpx:TrackPointExtension></extensions>
      </trkpt>
      <trkpt lat="46.610648" lon="6.507887">
        <ele>755.8</ele>
        <time>2026-09-15T08:33:12.000Z</time>
        <extensions><power>258</power><gpxtpx:TrackPointExtension><gpxtpx:hr>161</gpxtpx:hr><gpxtpx:cad>82</gpxtpx:cad></gpxtpx:TrackPointExtension></extensions>
      </trkpt>
      <trkpt lat="46.610608" lon="6.507701">
        <ele>756.5</ele>
        <time>2026-09-15T08:33:16.000Z</time>
        <extensions><power>258</power><gpxtpx:TrackPointExtension><gpxtpx:hr>161</gpxtpx:hr><gpxtpx:cad>82</gpxtpx:cad></gpxtpx:TrackPointExtension></extensions>
      </trkpt>
      <trkpt lat="46.610561" lon="6.507517">
        <ele>757.2</ele>
        <time>2026-09-15T08:33:20.000Z</time>
        <extensions><power>258</power><gpxtpx:TrackPointExtension><gpxtpx:hr>161</gpxtpx:hr><gpxtpx:cad>82</gpxtpx:cad></gpxtpx:TrackPointExtension></extensions>
      </trkpt>
      <trkpt lat="46.610508" lon="6.507334">
        <ele>757.9</ele>
        <time>2026-09-15T08:33:24.000Z</time>
        <extensions><power>258</power><gpxtpx:TrackPointExtension><gpxtpx:hr>161</gpxtpx:hr><gpxtpx:cad>82</gpxtpx:cad></gpxtpx:TrackPointExtension></extensions>
      </trkpt>
      <trkpt lat="46.610448" lon="6.507153">
        <ele>758.6</ele>
        <time>2026-09-15T08:33:28.000Z</time>
        <extensions><power>258</power><gpxtpx:TrackPointExtension><gpxtpx:hr>161</gpxtpx:hr><gpxtpx:cad>82</gpxtpx:cad></gpxtpx:TrackPointExtension></extensions>
      </trkpt>
      <trkpt lat="46.610382" lon="6.506973">
        <ele>759.4</ele>
        <time>2026-09-15T08:33:32.000Z</time>
        <extensions><power>258</power><gpxtpx:TrackPointExtension><gpxtpx:hr>161</gpxtpx:hr><gpxtpx:cad>82</gpxtpx:cad></gpxtpx:TrackPointExtension></extensions>
      </trkpt>
      <trkpt lat="46.610313" lon="6.506794">
        <ele>760.1</ele>
        <time>2026-09-15T08:33:36.000Z</time>
        <extensions><power>259</power><gpxtpx:TrackPointExtension><gpxtpx:hr>161</gpxtpx:hr><gpxtpx:cad>81</gpxtpx:cad></gpxtpx:TrackPointExtension></extensions>
      </trkpt>
      <trkpt lat="46.610240" lon="6.506616">
        <ele>760.8</ele>
        <time>2026-09-15T08:33:40.000Z</time>
        <extensions><power>259</power><gpxtpx:TrackPointExtension><gpxtpx:hr>161</gpxtpx:hr><gpxtpx:cad>81</gpxtpx:cad></gpxtpx:TrackPointExtension></extensions>
      </trkpt>
      <trkpt lat="46.610166" lon="6.506439">
        <ele>761.5</ele>
        <time>2026-09-15T08:33:44.000Z</time>
        <extensions><power>259</power><gpxtpx:TrackPointExtension><gpxtpx:hr>161</gpxtpx:hr><gpxtpx:cad>81</gpxtpx:cad></gpxtpx:TrackPointExtension></extensions>
      </trkpt>
      <trkpt lat="46.610090" lon="6.506263">
        <ele>762.2</ele>
        <time>2026-09-15T08:33:48.000Z</time>
        <extensions><power>259</power><gpxtpx:TrackPointExtension><gpxtpx:hr>161</gpxtpx:hr><gpxtpx:cad>81</gpxtpx:cad></gpxtpx:TrackPointExtension></extensions>
      </trkpt>
      <trkpt lat="46.610016" lon="6.506086">
        <ele>762.9</ele>
        <time>2026-09-15T08:33:52.000Z</time>
        <extensions><power>259</power><gpxtpx:TrackPointExtension><gpxtpx:hr>161</gpxtpx:hr><gpxtpx:cad>81</gpxtpx:cad></gpxtpx:TrackPointExtension></extensions>
      </trkpt>
      <trkpt lat="46.609944" lon="6.505910">
        <ele>763.6</ele>
        <time>2026-09-15T08:33:56.000Z</time>
        <extensions><power>259</power><gpxtpx:TrackPointExtension><gpxtpx:hr>161</gpxtpx:hr><gpxtpx:cad>81</gpxtpx:cad></gpxtpx:TrackPointExtension></extensions>
      </trkpt>
      <trkpt lat="46.609875" lon="6.505733">
        <ele>764.3</ele>
        <time>2026-09-15T08:34:00.000Z</time>
        <extensions><power>259</power><gpxtpx:TrackPointExtension><gpxtpx:hr>161</gpxtpx:hr><gpxtpx:cad>81</gpxtpx:cad></gpxtpx:TrackPointExtension></extensions>
      </trkpt>
      <trkpt lat="46.609811" lon="6.505555">
        <ele>765.0</ele>
        <time>2026-09-15T08:34:04.000Z</time>
        <extensions><power>260</power><gpxtpx:TrackPointExtension><gpxtpx:hr>161</gpxtpx:hr><gpxtpx:cad>81</gpxtpx:cad></gpxtpx:TrackPointExtension></extensions>
      </trkpt>
      <trkpt lat="46.609753" lon="6.505376">
        <ele>765.7</ele>
        <time>2026-09-15T08:34:08.000Z</time>
        <extensions><power>260</power><gpxtpx:TrackPointExtension><gpxtpx:hr>161</gpxtpx:hr><gpxtpx:cad>81</gpxtpx:cad></gpxtpx:TrackPointExtension></extensions>
      </trkpt>
      <trkpt lat="46.609702" lon="6.505196">
        <ele>766.4</ele>
        <time>2026-09-15T08:34:12.000Z</time>
        <extensions><power>260</power><gpxtpx:TrackPointExtension><gpxtpx:hr>161</gpxtpx:hr><gpxtpx:cad>81</gpxtpx:cad></gpxtpx:TrackPointExtension></extensions>
      </trkpt>
      <trkpt lat="46.609660" lon="6.505014">
        <ele>767.1</ele>
        <time>2026-09-15T08:34:16.000Z</time>
        <extensions><power>260</power><gpxtpx:TrackPointExtension><gpxtpx:hr>161</gpxtpx:hr><gpxtpx:cad>81</gpxtpx:cad></gpxtpx:TrackPointExtension></extensions>
      </trkpt>
      <trkpt lat="46.609627" lon="6.504830">
        <ele>767.8</ele>
        <time>2026-09-15T08:34:20.000Z</time>
        <extensions><power>260</power><gpxtpx:TrackPointExtension><gpxtpx:hr>161</gpxtpx:hr><gpxtpx:cad>81</gpxtpx:cad></gpxtpx:TrackPointExtension></extensions>
      </trkpt>
      <trkpt lat="46.609604" lon="6.504643">
        <ele>768.5</ele>
        <time>2026-09-15T08:34:24.000Z</time>
        <extensions><power>260</power><gpxtpx:TrackPointExtension><gpxtpx:hr>161</gpxtpx:hr><gpxtpx:cad>81</gpxtpx:cad></gpxtpx:TrackPointExtension></extensions>
      </trkpt>
      <trkpt lat="46.609593" lon="6.504453">
        <ele>769.2</ele>
        <time>2026-09-15T08:34:28.000Z</time>
        <extensions><power>261</power><gpxtpx:TrackPointExtension><gpxtpx:hr>161</gpxtpx:hr><gpxtpx:cad>81</gpxtpx:cad></gpxtpx:TrackPointExtension></extensions>
      </trkpt>
      <trkpt lat="46.609592" lon="6.504261">
        <ele>769.9</ele>
        <time>2026-09-15T08:34:32.000Z</time>
        <extensions><power>261</power><gpxtpx:TrackPointExtension><gpxtpx:hr>161</gpxtpx:hr><gpxtpx:cad>81</gpxtpx:cad></gpxtpx:TrackPointExtension></extensions>
      </trkpt>
      <trkpt lat="46.609604" lon="6.504065">
        <ele>770.6</ele>
        <time>2026-09-15T08:34:36.000Z</time>
        <extensions><power>261</power><gpxtpx:TrackPointExtension><gpxtpx:hr>161</gpxtpx:hr><gpxtpx:cad>81</gpxtpx:cad></gpxtpx:TrackPointExtension></extensions>
      </trkpt>
      <trkpt lat="46.609627" lon="6.503867">
        <ele>771.3</ele>
        <time>2026-09-15T08:34:40.000Z</time>
        <extensions><power>261</power><gpxtpx:TrackPointExtension><gpxtpx:hr>162</gpxtpx:hr><gpxtpx:cad>81</gpxtpx:cad></gpxtpx:TrackPointExtension></extensions>
      </trkpt>
      <trkpt lat="46.609663" lon="6.503664">
        <ele>772.0</ele>
        <time>2026-09-15T08:34:44.000Z</time>
        <extensions><power>261</power><gpxtpx:TrackPointExtension><gpxtpx:hr>162</gpxtpx:hr><gpxtpx:cad>80</gpxtpx:cad></gpxtpx:TrackPointExtension></extensions>
      </trkpt>
      <trkpt lat="46.609710" lon="6.503458">
        <ele>772.7</ele>
        <time>2026-09-15T08:34:48.000Z</time>
        <extensions><power>262</power><gpxtpx:TrackPointExtension><gpxtpx:hr>162</gpxtpx:hr><gpxtpx:cad>80</gpxtpx:cad></gpxtpx:TrackPointExtension></extensions>
      </trkpt>
      <trkpt lat="46.609769" lon="6.503249">
        <ele>773.4</ele>
        <time>2026-09-15T08:34:52.000Z</time>
        <extensions><power>262</power><gpxtpx:TrackPointExtension><gpxtpx:hr>162</gpxtpx:hr><gpxtpx:cad>80</gpxtpx:cad></gpxtpx:TrackPointExtension></extensions>
      </trkpt>
      <trkpt lat="46.609839" lon="6.503036">
        <ele>774.1</ele>
        <time>2026-09-15T08:34:56.000Z</time>
        <extensions><power>262</power><gpxtpx:TrackPointExtension><gpxtpx:hr>162</gpxtpx:hr><gpxtpx:cad>80</gpxtpx:cad></gpxtpx:TrackPointExtension></extensions>
      </trkpt>
      <trkpt lat="46.609920" lon="6.502819">
        <ele>774.8</ele>
        <time>2026-09-15T08:35:00.000Z</time>
        <extensions><power>262</power><gpxtpx:TrackPointExtension><gpxtpx:hr>162</gpxtpx:hr><gpxtpx:cad>80</gpxtpx:cad></gpxtpx:TrackPointExtension></extensions>
      </trkpt>
      <trkpt lat="46.610009" lon="6.502600">
        <ele>775.5</ele>
        <time>2026-09-15T08:35:04.000Z</time>
        <extensions><power>262</power><gpxtpx:TrackPointExtension><gpxtpx:hr>162</gpxtpx:hr><gpxtpx:cad>80</gpxtpx:cad></gpxtpx:TrackPointExtension></extensions>
      </trkpt>
      <trkpt lat="46.610107" lon="6.502377">
        <ele>776.1</ele>
        <time>2026-09-15T08:35:08.000Z</time>
        <extensions><power>263</power><gpxtpx:TrackPointExtension><gpxtpx:hr>162</gpxtpx:hr><gpxtpx:cad>80</gpxtpx:cad></gpxtpx:TrackPointExtension></extensions>
      </trkpt>
      <trkpt lat="46.610212" lon="6.502151">
        <ele>776.8</ele>
        <time>2026-09-15T08:35:12.000Z</time>
        <extensions><power>263</power><gpxtpx:TrackPointExtension><gpxtpx:hr>162</gpxtpx:hr><gpxtpx:cad>80</gpxtpx:cad></gpxtpx:TrackPointExtension></extensions>
      </trkpt>
      <trkpt lat="46.610323" lon="6.501923">
        <ele>777.5</ele>
        <time>2026-09-15T08:35:16.000Z</time>
        <extensions><power>263</power><gpxtpx:TrackPointExtension><gpxtpx:hr>162</gpxtpx:hr><gpxtpx:cad>80</gpxtpx:cad></gpxtpx:TrackPointExtension></extensions>
      </trkpt>
      <trkpt lat="46.610438" lon="6.501693">
        <ele>778.2</ele>
        <time>2026-09-15T08:35:20.000Z</time>
        <extensions><power>264</power><gpxtpx:TrackPointExtension><gpxtpx:hr>162</gpxtpx:hr><gpxtpx:cad>80</gpxtpx:cad></gpxtpx:TrackPointExtension></extensions>
      </trkpt>
      <trkpt lat="46.610556" lon="6.501461">
        <ele>778.9</ele>
        <time>2026-09-15T08:35:24.000Z</time>
        <extensions><power>264</power><gpxtpx:TrackPointExtension><gpxtpx:hr>162</gpxtpx:hr><gpxtpx:cad>80</gpxtpx:cad></gpxtpx:TrackPointExtension></extensions>
      </trkpt>
      <trkpt lat="46.610675" lon="6.501227">
        <ele>779.6</ele>
        <time>2026-09-15T08:35:28.000Z</time>
        <extensions><power>264</power><gpxtpx:TrackPointExtension><gpxtpx:hr>162</gpxtpx:hr><gpxtpx:cad>80</gpxtpx:cad></gpxtpx:TrackPointExtension></extensions>
      </trkpt>
      <trkpt lat="46.610795" lon="6.500992">
        <ele>780.2</ele>
        <time>2026-09-15T08:35:32.000Z</time>
        <extensions><power>264</power><gpxtpx:TrackPointExtension><gpxtpx:hr>162</gpxtpx:hr><gpxtpx:cad>80</gpxtpx:cad></gpxtpx:TrackPointExtension></extensions>
      </trkpt>
      <trkpt lat="46.610912" lon="6.500757">
        <ele>780.9</ele>
        <time>2026-09-15T08:35:36.000Z</time>
        <extensions><power>265</power><gpxtpx:TrackPointExtension><gpxtpx:hr>162</gpxtpx:hr><gpxtpx:cad>80</gpxtpx:cad></gpxtpx:TrackPointExtension></extensions>
      </trkpt>
      <trkpt lat="46.611026" lon="6.500522">
        <ele>781.6</ele>
        <time>2026-09-15T08:35:40.000Z</time>
        <extensions><power>265</power><gpxtpx:TrackPointExtension><gpxtpx:hr>162</gpxtpx:hr><gpxtpx:cad>80</gpxtpx:cad></gpxtpx:TrackPointExtension></extensions>
      </trkpt>
      <trkpt lat="46.611135" lon="6.500288">
        <ele>782.3</ele>
        <time>2026-09-15T08:35:44.000Z</time>
        <extensions><power>265</power><gpxtpx:TrackPointExtension><gpxtpx:hr>162</gpxtpx:hr><gpxtpx:cad>80</gpxtpx:cad></gpxtpx:TrackPointExtension></extensions>
      </trkpt>
      <trkpt lat="46.611238" lon="6.500055">
        <ele>783.0</ele>
        <time>2026-09-15T08:35:48.000Z</time>
        <extensions><power>265</power><gpxtpx:TrackPointExtension><gpxtpx:hr>162</gpxtpx:hr><gpxtpx:cad>80</gpxtpx:cad></gpxtpx:TrackPointExtension></extensions>
      </trkpt>
      <trkpt lat="46.611332" lon="6.499823">
        <ele>783.6</ele>
        <time>2026-09-15T08:35:52.000Z</time>
        <extensions><power>266</power><gpxtpx:TrackPointExtension><gpxtpx:hr>162</gpxtpx:hr><gpxtpx:cad>80</gpxtpx:cad></gpxtpx:TrackPointExtension></extensions>
      </trkpt>
      <trkpt lat="46.611417" lon="6.499593">
        <ele>784.3</ele>
        <time>2026-09-15T08:35:56.000Z</time>
        <extensions><power>266</power><gpxtpx:TrackPointExtension><gpxtpx:hr>162</gpxtpx:hr><gpxtpx:cad>80</gpxtpx:cad></gpxtpx:TrackPointExtension></extensions>
      </trkpt>
      <trkpt lat="46.611492" lon="6.499366">
        <ele>785.0</ele>
        <time>2026-09-15T08:36:00.000Z</time>
        <extensions><power>266</power><gpxtpx:TrackPointExtension><gpxtpx:hr>162</gpxtpx:hr><gpxtpx:cad>79</gpxtpx:cad></gpxtpx:TrackPointExtension></extensions>
      </trkpt>
      <trkpt lat="46.611556" lon="6.499142">
        <ele>785.6</ele>
        <time>2026-09-15T08:36:04.000Z</time>
        <extensions><power>267</power><gpxtpx:TrackPointExtension><gpxtpx:hr>162</gpxtpx:hr><gpxtpx:cad>79</gpxtpx:cad></gpxtpx:TrackPointExtension></extensions>
      </trkpt>
      <trkpt lat="46.611607" lon="6.498922">
        <ele>786.3</ele>
        <time>2026-09-15T08:36:08.000Z</time>
        <extensions><power>267</power><gpxtpx:TrackPointExtension><gpxtpx:hr>162</gpxtpx:hr><gpxtpx:cad>79</gpxtpx:cad></gpxtpx:TrackPointExtension></extensions>
      </trkpt>
      <trkpt lat="46.611644" lon="6.498705">
        <ele>787.0</ele>
        <time>2026-09-15T08:36:12.000Z</time>
        <extensions><power>267</power><gpxtpx:TrackPointExtension><gpxtpx:hr>162</gpxtpx:hr><gpxtpx:cad>79</gpxtpx:cad></gpxtpx:TrackPointExtension></extensions>
      </trkpt>
      <trkpt lat="46.611668" lon="6.498492">
        <ele>787.6</ele>
        <time>2026-09-15T08:36:16.000Z</time>
        <extensions><power>268</power><gpxtpx:TrackPointExtension><gpxtpx:hr>162</gpxtpx:hr><gpxtpx:cad>79</gpxtpx:cad></gpxtpx:TrackPointExtension></extensions>
      </trkpt>
      <trkpt lat="46.611678" lon="6.498284">
        <ele>788.3</ele>
        <time>2026-09-15T08:36:20.000Z</time>
        <extensions><power>268</power><gpxtpx:TrackPointExtension><gpxtpx:hr>162</gpxtpx:hr><gpxtpx:cad>79</gpxtpx:cad></gpxtpx:TrackPointExtension></extensions>
      </trkpt>
      <trkpt lat="46.611673" lon="6.498080">
        <ele>789.0</ele>
        <time>2026-09-15T08:36:24.000Z</time>
        <extensions><power>268</power><gpxtpx:TrackPointExtension><gpxtpx:hr>162</gpxtpx:hr><gpxtpx:cad>79</gpxtpx:cad></gpxtpx:TrackPointExtension></extensions>
      </trkpt>
      <trkpt lat="46.611654" lon="6.497882">
        <ele>789.6</ele>
        <time>2026-09-15T08:36:28.000Z</time>
        <extensions><power>269</power><gpxtpx:TrackPointExtension><gpxtpx:hr>162</gpxtpx:hr><gpxtpx:cad>79</gpxtpx:cad></gpxtpx:TrackPointExtension></extensions>
      </trkpt>
      <trkpt lat="46.611620" lon="6.497688">
        <ele>790.3</ele>
        <time>2026-09-15T08:36:32.000Z</time>
        <extensions><power>269</power><gpxtpx:TrackPointExtension><gpxtpx:hr>162</gpxtpx:hr><gpxtpx:cad>79</gpxtpx:cad></gpxtpx:TrackPointExtension></extensions>
      </trkpt>
      <trkpt lat="46.611572" lon="6.497499">
        <ele>791.0</ele>
        <time>2026-09-15T08:36:36.000Z</time>
        <extensions><power>269</power><gpxtpx:TrackPointExtension><gpxtpx:hr>162</gpxtpx:hr><gpxtpx:cad>79</gpxtpx:cad></gpxtpx:TrackPointExtension></extensions>
      </trkpt>
      <trkpt lat="46.611511" lon="6.497315">
        <ele>791.6</ele>
        <time>2026-09-15T08:36:40.000Z</time>
        <extensions><power>270</power><gpxtpx:TrackPointExtension><gpxtpx:hr>162</gpxtpx:hr><gpxtpx:cad>79</gpxtpx:cad></gpxtpx:TrackPointExtension></extensions>
      </trkpt>
      <trkpt lat="46.611437" lon="6.497136">
        <ele>792.3</ele>
        <time>2026-09-15T08:36:44.000Z</time>
        <extensions><power>270</power><gpxtpx:TrackPointExtension><gpxtpx:hr>162</gpxtpx:hr><gpxtpx:cad>79</gpxtpx:cad></gpxtpx:TrackPointExtension></extensions>
      </trkpt>
      <trkpt lat="46.611350" lon="6.496962">
        <ele>792.9</ele>
        <time>2026-09-15T08:36:48.000Z</time>
        <extensions><power>271</power><gpxtpx:TrackPointExtension><gpxtpx:hr>162</gpxtpx:hr><gpxtpx:cad>79</gpxtpx:cad></gpxtpx:TrackPointExtension></extensions>
      </trkpt>
      <trkpt lat="46.611253" lon="6.496792">
        <ele>793.6</ele>
        <time>2026-09-15T08:36:52.000Z</time>
        <extensions><power>271</power><gpxtpx:TrackPointExtension><gpxtpx:hr>162</gpxtpx:hr><gpxtpx:cad>79</gpxtpx:cad></gpxtpx:TrackPointExtension></extensions>
      </trkpt>
      <trkpt lat="46.611145" lon="6.496626">
        <ele>794.2</ele>
        <time>2026-09-15T08:36:56.000Z</time>
        <extensions><power>271</power><gpxtpx:TrackPointExtension><gpxtpx:hr>162</gpxtpx:hr><gpxtpx:cad>79</gpxtpx:cad></gpxtpx:TrackPointExtension></extensions>
      </trkpt>
      <trkpt lat="46.611027" lon="6.496465">
        <ele>794.9</ele>
        <time>2026-09-15T08:37:00.000Z</time>
        <extensions><power>272</power><gpxtpx:TrackPointExtension><gpxtpx:hr>162</gpxtpx:hr><gpxtpx:cad>79</gpxtpx:cad></gpxtpx:TrackPointExtension></extensions>
      </trkpt>
      <trkpt lat="46.610902" lon="6.496307">
        <ele>795.5</ele>
        <time>2026-09-15T08:37:04.000Z</time>
        <extensions><power>272</power><gpxtpx:TrackPointExtension><gpxtpx:hr>162</gpxtpx:hr><gpxtpx:cad>79</gpxtpx:cad></gpxtpx:TrackPointExtension></extensions>
      </trkpt>
      <trkpt lat="46.610770" lon="6.496152">
        <ele>796.2</ele>
        <time>2026-09-15T08:37:08.000Z</time>
        <extensions><power>272</power><gpxtpx:TrackPointExtension><gpxtpx:hr>162</gpxtpx:hr><gpxtpx:cad>79</gpxtpx:cad></gpxtpx:TrackPointExtension></extensions>
      </trkpt>
      <trkpt lat="46.610632" lon="6.496000">
        <ele>796.8</ele>
        <time>2026-09-15T08:37:12.000Z</time>
        <extensions><power>273</power><gpxtpx:TrackPointExtension><gpxtpx:hr>162</gpxtpx:hr><gpxtpx:cad>79</gpxtpx:cad></gpxtpx:TrackPointExtension></extensions>
      </trkpt>
      <trkpt lat="46.610490" lon="6.495851">
        <ele>797.5</ele>
        <time>2026-09-15T08:37:16.000Z</time>
        <extensions><power>273</power><gpxtpx:TrackPointExtension><gpxtpx:hr>162</gpxtpx:hr><gpxtpx:cad>79</gpxtpx:cad></gpxtpx:TrackPointExtension></extensions>
      </trkpt>
      <trkpt lat="46.610345" lon="6.495703">
        <ele>798.1</ele>
        <time>2026-09-15T08:37:20.000Z</time>
        <extensions><power>274</power><gpxtpx:TrackPointExtension><gpxtpx:hr>162</gpxtpx:hr><gpxtpx:cad>79</gpxtpx:cad></gpxtpx:TrackPointExtension></extensions>
      </trkpt>
      <trkpt lat="46.610197" lon="6.495557">
        <ele>798.8</ele>
        <time>2026-09-15T08:37:24.000Z</time>
        <extensions><power>274</power><gpxtpx:TrackPointExtension><gpxtpx:hr>162</gpxtpx:hr><gpxtpx:cad>79</gpxtpx:cad></gpxtpx:TrackPointExtension></extensions>
      </trkpt>
      <trkpt lat="46.610049" lon="6.495412">
        <ele>799.4</ele>
        <time>2026-09-15T08:37:28.000Z</time>
        <extensions><power>274</power><gpxtpx:TrackPointExtension><gpxtpx:hr>162</gpxtpx:hr><gpxtpx:cad>79</gpxtpx:cad></gpxtpx:TrackPointExtension></extensions>
      </trkpt>
      <trkpt lat="46.609901" lon="6.495268">
        <ele>800.1</ele>
        <time>2026-09-15T08:37:32.000Z</time>
        <extensions><power>275</power><gpxtpx:TrackPointExtension><gpxtpx:hr>162</gpxtpx:hr><gpxtpx:cad>79</gpxtpx:cad></gpxtpx:TrackPointExtension></extensions>
      </trkpt>
      <trkpt lat="46.609755" lon="6.495124">
        <ele>800.7</ele>
        <time>2026-09-15T08:37:36.000Z</time>
        <extensions><power>275</power><gpxtpx:TrackPointExtension><gpxtpx:hr>162</gpxtpx:hr><gpxtpx:cad>79</gpxtpx:cad></gpxtpx:TrackPointExtension></extensions>
      </trkpt>
      <trkpt lat="46.609610" lon="6.494980">
        <ele>801.3</ele>
        <time>2026-09-15T08:37:40.000Z</time>
        <extensions><power>276</power><gpxtpx:TrackPointExtension><gpxtpx:hr>162</gpxtpx:hr><gpxtpx:cad>79</gpxtpx:cad></gpxtpx:TrackPointExtension></extensions>
      </trkpt>
      <trkpt lat="46.609468" lon="6.494836">
        <ele>802.0</ele>
        <time>2026-09-15T08:37:44.000Z</time>
        <extensions><power>276</power><gpxtpx:TrackPointExtension><gpxtpx:hr>162</gpxtpx:hr><gpxtpx:cad>79</gpxtpx:cad></gpxtpx:TrackPointExtension></extensions>
      </trkpt>
      <trkpt lat="46.609330" lon="6.494691">
        <ele>802.6</ele>
        <time>2026-09-15T08:37:48.000Z</time>
        <extensions><power>276</power><gpxtpx:TrackPointExtension><gpxtpx:hr>162</gpxtpx:hr><gpxtpx:cad>78</gpxtpx:cad></gpxtpx:TrackPointExtension></extensions>
      </trkpt>
      <trkpt lat="46.609195" lon="6.494545">
        <ele>803.2</ele>
        <time>2026-09-15T08:37:52.000Z</time>
        <extensions><power>277</power><gpxtpx:TrackPointExtension><gpxtpx:hr>162</gpxtpx:hr><gpxtpx:cad>78</gpxtpx:cad></gpxtpx:TrackPointExtension></extensions>
      </trkpt>
      <trkpt lat="46.609064" lon="6.494398">
        <ele>803.9</ele>
        <time>2026-09-15T08:37:56.000Z</time>
        <extensions><power>277</power><gpxtpx:TrackPointExtension><gpxtpx:hr>162</gpxtpx:hr><gpxtpx:cad>78</gpxtpx:cad></gpxtpx:TrackPointExtension></extensions>
      </trkpt>
      <trkpt lat="46.608937" lon="6.494250">
        <ele>804.5</ele>
        <time>2026-09-15T08:38:00.000Z</time>
        <extensions><power>278</power><gpxtpx:TrackPointExtension><gpxtpx:hr>162</gpxtpx:hr><gpxtpx:cad>78</gpxtpx:cad></gpxtpx:TrackPointExtension></extensions>
      </trkpt>
      <trkpt lat="46.608815" lon="6.494100">
        <ele>805.1</ele>
        <time>2026-09-15T08:38:04.000Z</time>
        <extensions><power>278</power><gpxtpx:TrackPointExtension><gpxtpx:hr>162</gpxtpx:hr><gpxtpx:cad>78</gpxtpx:cad></gpxtpx:TrackPointExtension></extensions>
      </trkpt>
      <trkpt lat="46.608696" lon="6.493950">
        <ele>805.7</ele>
        <time>2026-09-15T08:38:08.000Z</time>
        <extensions><power>279</power><gpxtpx:TrackPointExtension><gpxtpx:hr>162</gpxtpx:hr><gpxtpx:cad>78</gpxtpx:cad></gpxtpx:TrackPointExtension></extensions>
      </trkpt>
      <trkpt lat="46.608581" lon="6.493799">
        <ele>806.4</ele>
        <time>2026-09-15T08:38:12.000Z</time>
        <extensions><power>279</power><gpxtpx:TrackPointExtension><gpxtpx:hr>162</gpxtpx:hr><gpxtpx:cad>78</gpxtpx:cad></gpxtpx:TrackPointExtension></extensions>
      </trkpt>
      <trkpt lat="46.608469" lon="6.493646">
        <ele>807.0</ele>
        <time>2026-09-15T08:38:16.000Z</time>
        <extensions><power>279</power><gpxtpx:TrackPointExtension><gpxtpx:hr>162</gpxtpx:hr><gpxtpx:cad>78</gpxtpx:cad></gpxtpx:TrackPointExtension></extensions>
      </trkpt>
      <trkpt lat="46.608359" lon="6.493493">
        <ele>807.6</ele>
        <time>2026-09-15T08:38:20.000Z</time>
        <extensions><power>280</power><gpxtpx:TrackPointExtension><gpxtpx:hr>162</gpxtpx:hr><gpxtpx:cad>78</gpxtpx:cad></gpxtpx:TrackPointExtension></extensions>
      </trkpt>
      <trkpt lat="46.608252" lon="6.493340">
        <ele>808.2</ele>
        <time>2026-09-15T08:38:24.000Z</time>
        <extensions><power>280</power><gpxtpx:TrackPointExtension><gpxtpx:hr>162</gpxtpx:hr><gpxtpx:cad>78</gpxtpx:cad></gpxtpx:TrackPointExtension></extensions>
      </trkpt>
      <trkpt lat="46.608145" lon="6.493187">
        <ele>808.8</ele>
        <time>2026-09-15T08:38:28.000Z</time>
        <extensions><power>281</power><gpxtpx:TrackPointExtension><gpxtpx:hr>162</gpxtpx:hr><gpxtpx:cad>78</gpxtpx:cad></gpxtpx:TrackPointExtension></extensions>
      </trkpt>
      <trkpt lat="46.608038" lon="6.493034">
        <ele>809.5</ele>
        <time>2026-09-15T08:38:32.000Z</time>
        <extensions><power>281</power><gpxtpx:TrackPointExtension><gpxtpx:hr>162</gpxtpx:hr><gpxtpx:cad>78</gpxtpx:cad></gpxtpx:TrackPointExtension></extensions>
      </trkpt>
      <trkpt lat="46.607930" lon="6.492882">
        <ele>810.1</ele>
        <time>2026-09-15T08:38:36.000Z</time>
        <extensions><power>282</power><gpxtpx:TrackPointExtension><gpxtpx:hr>162</gpxtpx:hr><gpxtpx:cad>78</gpxtpx:cad></gpxtpx:TrackPointExtension></extensions>
      </trkpt>
      <trkpt lat="46.607820" lon="6.492732">
        <ele>810.7</ele>
        <time>2026-09-15T08:38:40.000Z</time>
        <extensions><power>282</power><gpxtpx:TrackPointExtension><gpxtpx:hr>162</gpxtpx:hr><gpxtpx:cad>78</gpxtpx:cad></gpxtpx:TrackPointExtension></extensions>
      </trkpt>
      <trkpt lat="46.607707" lon="6.492583">
        <ele>811.3</ele>
        <time>2026-09-15T08:38:44.000Z</time>
        <extensions><power>283</power><gpxtpx:TrackPointExtension><gpxtpx:hr>162</gpxtpx:hr><gpxtpx:cad>78</gpxtpx:cad></gpxtpx:TrackPointExtension></extensions>
      </trkpt>
      <trkpt lat="46.607591" lon="6.492437">
        <ele>811.9</ele>
        <time>2026-09-15T08:38:48.000Z</time>
        <extensions><power>283</power><gpxtpx:TrackPointExtension><gpxtpx:hr>162</gpxtpx:hr><gpxtpx:cad>78</gpxtpx:cad></gpxtpx:TrackPointExtension></extensions>
      </trkpt>
      <trkpt lat="46.607468" lon="6.492294">
        <ele>812.5</ele>
        <time>2026-09-15T08:38:52.000Z</time>
        <extensions><power>283</power><gpxtpx:TrackPointExtension><gpxtpx:hr>162</gpxtpx:hr><gpxtpx:cad>78</gpxtpx:cad></gpxtpx:TrackPointExtension></extensions>
      </trkpt>
      <trkpt lat="46.607340" lon="6.492155">
        <ele>813.1</ele>
        <time>2026-09-15T08:38:56.000Z</time>
        <extensions><power>284</power><gpxtpx:TrackPointExtension><gpxtpx:hr>162</gpxtpx:hr><gpxtpx:cad>78</gpxtpx:cad></gpxtpx:TrackPointExtension></extensions>
      </trkpt>
      <trkpt lat="46.607205" lon="6.492020">
        <ele>813.7</ele>
        <time>2026-09-15T08:39:00.000Z</time>
        <extensions><power>284</power><gpxtpx:TrackPointExtension><gpxtpx:hr>162</gpxtpx:hr><gpxtpx:cad>78</gpxtpx:cad></gpxtpx:TrackPointExtension></extensions>
      </trkpt>
      <trkpt lat="46.607061" lon="6.491889">
        <ele>814.3</ele>
        <time>2026-09-15T08:39:04.000Z</time>
        <extensions><power>285</power><gpxtpx:TrackPointExtension><gpxtpx:hr>162</gpxtpx:hr><gpxtpx:cad>78</gpxtpx:cad></gpxtpx:TrackPointExtension></extensions>
      </trkpt>
      <trkpt lat="46.606909" lon="6.491764">
        <ele>814.9</ele>
        <time>2026-09-15T08:39:08.000Z</time>
        <extensions><power>285</power><gpxtpx:TrackPointExtension><gpxtpx:hr>162</gpxtpx:hr><gpxtpx:cad>78</gpxtpx:cad></gpxtpx:TrackPointExtension></extensions>
      </trkpt>
      <trkpt lat="46.606748" lon="6.491645">
        <ele>815.5</ele>
        <time>2026-09-15T08:39:12.000Z</time>
        <extensions><power>286</power><gpxtpx:TrackPointExtension><gpxtpx:hr>162</gpxtpx:hr><gpxtpx:cad>78</gpxtpx:cad></gpxtpx:TrackPointExtension></extensions>
      </trkpt>
      <trkpt lat="46.606576" lon="6.491532">
        <ele>816.1</ele>
        <time>2026-09-15T08:39:16.000Z</time>
        <extensions><power>286</power><gpxtpx:TrackPointExtension><gpxtpx:hr>162</gpxtpx:hr><gpxtpx:cad>78</gpxtpx:cad></gpxtpx:TrackPointExtension></extensions>
      </trkpt>
      <trkpt lat="46.606394" lon="6.491425">
        <ele>816.7</ele>
        <time>2026-09-15T08:39:20.000Z</time>
        <extensions><power>287</power><gpxtpx:TrackPointExtension><gpxtpx:hr>162</gpxtpx:hr><gpxtpx:cad>78</gpxtpx:cad></gpxtpx:TrackPointExtension></extensions>
      </trkpt>
      <trkpt lat="46.606201" lon="6.491325">
        <ele>817.3</ele>
        <time>2026-09-15T08:39:24.000Z</time>
        <extensions><power>287</power><gpxtpx:TrackPointExtension><gpxtpx:hr>162</gpxtpx:hr><gpxtpx:cad>78</gpxtpx:cad></gpxtpx:TrackPointExtension></extensions>
      </trkpt>
      <trkpt lat="46.605998" lon="6.491231">
        <ele>817.9</ele>
        <time>2026-09-15T08:39:28.000Z</time>
        <extensions><power>288</power><gpxtpx:TrackPointExtension><gpxtpx:hr>162</gpxtpx:hr><gpxtpx:cad>78</gpxtpx:cad></gpxtpx:TrackPointExtension></extensions>
      </trkpt>
      <trkpt lat="46.605783" lon="6.491145">
        <ele>818.5</ele>
        <time>2026-09-15T08:39:32.000Z</time>
        <extensions><power>288</power><gpxtpx:TrackPointExtension><gpxtpx:hr>162</gpxtpx:hr><gpxtpx:cad>78</gpxtpx:cad></gpxtpx:TrackPointExtension></extensions>
      </trkpt>
      <trkpt lat="46.605558" lon="6.491067">
        <ele>819.1</ele>
        <time>2026-09-15T08:39:36.000Z</time>
        <extensions><power>288</power><gpxtpx:TrackPointExtension><gpxtpx:hr>162</gpxtpx:hr><gpxtpx:cad>78</gpxtpx:cad></gpxtpx:TrackPointExtension></extensions>
      </trkpt>
      <trkpt lat="46.605323" lon="6.490995">
        <ele>819.6</ele>
        <time>2026-09-15T08:39:40.000Z</time>
        <extensions><power>289</power><gpxtpx:TrackPointExtension><gpxtpx:hr>162</gpxtpx:hr><gpxtpx:cad>78</gpxtpx:cad></gpxtpx:TrackPointExtension></extensions>
      </trkpt>
      <trkpt lat="46.605079" lon="6.490930">
        <ele>820.2</ele>
        <time>2026-09-15T08:39:44.000Z</time>
        <extensions><power>289</power><gpxtpx:TrackPointExtension><gpxtpx:hr>162</gpxtpx:hr><gpxtpx:cad>78</gpxtpx:cad></gpxtpx:TrackPointExtension></extensions>
      </trkpt>
      <trkpt lat="46.604825" lon="6.490872">
        <ele>820.8</ele>
        <time>2026-09-15T08:39:48.000Z</time>
        <extensions><power>290</power><gpxtpx:TrackPointExtension><gpxtpx:hr>162</gpxtpx:hr><gpxtpx:cad>78</gpxtpx:cad></gpxtpx:TrackPointExtension></extensions>
      </trkpt>
      <trkpt lat="46.604564" lon="6.490820">
        <ele>821.4</ele>
        <time>2026-09-15T08:39:52.000Z</time>
        <extensions><power>290</power><gpxtpx:TrackPointExtension><gpxtpx:hr>162</gpxtpx:hr><gpxtpx:cad>78</gpxtpx:cad></gpxtpx:TrackPointExtension></extensions>
      </trkpt>
      <trkpt lat="46.604295" lon="6.490774">
        <ele>822.0</ele>
        <time>2026-09-15T08:39:56.000Z</time>
        <extensions><power>291</power><gpxtpx:TrackPointExtension><gpxtpx:hr>162</gpxtpx:hr><gpxtpx:cad>78</gpxtpx:cad></gpxtpx:TrackPointExtension></extensions>
      </trkpt>
      <trkpt lat="46.604020" lon="6.490734">
        <ele>822.5</ele>
        <time>2026-09-15T08:40:00.000Z</time>
        <extensions><power>291</power><gpxtpx:TrackPointExtension><gpxtpx:hr>162</gpxtpx:hr><gpxtpx:cad>78</gpxtpx:cad></gpxtpx:TrackPointExtension></extensions>
      </trkpt>
      <trkpt lat="46.603741" lon="6.490698">
        <ele>823.1</ele>
        <time>2026-09-15T08:40:04.000Z</time>
        <extensions><power>292</power><gpxtpx:TrackPointExtension><gpxtpx:hr>162</gpxtpx:hr><gpxtpx:cad>78</gpxtpx:cad></gpxtpx:TrackPointExtension></extensions>
      </trkpt>
      <trkpt lat="46.603458" lon="6.490667">
        <ele>823.7</ele>
        <time>2026-09-15T08:40:08.000Z</time>
        <extensions><power>292</power><gpxtpx:TrackPointExtension><gpxtpx:hr>162</gpxtpx:hr><gpxtpx:cad>78</gpxtpx:cad></gpxtpx:TrackPointExtension></extensions>
      </trkpt>
      <trkpt lat="46.603172" lon="6.490639">
        <ele>824.2</ele>
        <time>2026-09-15T08:40:12.000Z</time>
        <extensions><power>293</power><gpxtpx:TrackPointExtension><gpxtpx:hr>162</gpxtpx:hr><gpxtpx:cad>78</gpxtpx:cad></gpxtpx:TrackPointExtension></extensions>
      </trkpt>
      <trkpt lat="46.602886" lon="6.490614">
        <ele>824.8</ele>
        <time>2026-09-15T08:40:16.000Z</time>
        <extensions><power>293</power><gpxtpx:TrackPointExtension><gpxtpx:hr>162</gpxtpx:hr><gpxtpx:cad>78</gpxtpx:cad></gpxtpx:TrackPointExtension></extensions>
      </trkpt>
      <trkpt lat="46.602601" lon="6.490591">
        <ele>825.4</ele>
        <time>2026-09-15T08:40:20.000Z</time>
        <extensions><power>294</power><gpxtpx:TrackPointExtension><gpxtpx:hr>162</gpxtpx:hr><gpxtpx:cad>78</gpxtpx:cad></gpxtpx:TrackPointExtension></extensions>
      </trkpt>
      <trkpt lat="46.602317" lon="6.490569">
        <ele>825.9</ele>
        <time>2026-09-15T08:40:24.000Z</time>
        <extensions><power>294</power><gpxtpx:TrackPointExtension><gpxtpx:hr>162</gpxtpx:hr><gpxtpx:cad>78</gpxtpx:cad></gpxtpx:TrackPointExtension></extensions>
      </trkpt>
      <trkpt lat="46.602038" lon="6.490547">
        <ele>826.5</ele>
        <time>2026-09-15T08:40:28.000Z</time>
        <extensions><power>294</power><gpxtpx:TrackPointExtension><gpxtpx:hr>162</gpxtpx:hr><gpxtpx:cad>78</gpxtpx:cad></gpxtpx:TrackPointExtension></extensions>
      </trkpt>
      <trkpt lat="46.601763" lon="6.490525">
        <ele>827.1</ele>
        <time>2026-09-15T08:40:32.000Z</time>
        <extensions><power>295</power><gpxtpx:TrackPointExtension><gpxtpx:hr>162</gpxtpx:hr><gpxtpx:cad>78</gpxtpx:cad></gpxtpx:TrackPointExtension></extensions>
      </trkpt>
      <trkpt lat="46.601494" lon="6.490501">
        <ele>827.6</ele>
        <time>2026-09-15T08:40:36.000Z</time>
        <extensions><power>295</power><gpxtpx:TrackPointExtension><gpxtpx:hr>162</gpxtpx:hr><gpxtpx:cad>78</gpxtpx:cad></gpxtpx:TrackPointExtension></extensions>
      </trkpt>
      <trkpt lat="46.601233" lon="6.490474">
        <ele>828.2</ele>
        <time>2026-09-15T08:40:40.000Z</time>
        <extensions><power>296</power><gpxtpx:TrackPointExtension><gpxtpx:hr>162</gpxtpx:hr><gpxtpx:cad>78</gpxtpx:cad></gpxtpx:TrackPointExtension></extensions>
      </trkpt>
      <trkpt lat="46.600980" lon="6.490444">
        <ele>828.7</ele>
        <time>2026-09-15T08:40:44.000Z</time>
        <extensions><power>296</power><gpxtpx:TrackPointExtension><gpxtpx:hr>162</gpxtpx:hr><gpxtpx:cad>78</gpxtpx:cad></gpxtpx:TrackPointExtension></extensions>
      </trkpt>
      <trkpt lat="46.600738" lon="6.490411">
        <ele>829.3</ele>
        <time>2026-09-15T08:40:48.000Z</time>
        <extensions><power>297</power><gpxtpx:TrackPointExtension><gpxtpx:hr>162</gpxtpx:hr><gpxtpx:cad>78</gpxtpx:cad></gpxtpx:TrackPointExtension></extensions>
      </trkpt>
      <trkpt lat="46.600505" lon="6.490372">
        <ele>829.8</ele>
        <time>2026-09-15T08:40:52.000Z</time>
        <extensions><power>297</power><gpxtpx:TrackPointExtension><gpxtpx:hr>162</gpxtpx:hr><gpxtpx:cad>78</gpxtpx:cad></gpxtpx:TrackPointExtension></extensions>
      </trkpt>
      <trkpt lat="46.600285" lon="6.490328">
        <ele>830.4</ele>
        <time>2026-09-15T08:40:56.000Z</time>
        <extensions><power>298</power><gpxtpx:TrackPointExtension><gpxtpx:hr>162</gpxtpx:hr><gpxtpx:cad>78</gpxtpx:cad></gpxtpx:TrackPointExtension></extensions>
      </trkpt>
      <trkpt lat="46.600076" lon="6.490279">
        <ele>830.9</ele>
        <time>2026-09-15T08:41:00.000Z</time>
        <extensions><power>298</power><gpxtpx:TrackPointExtension><gpxtpx:hr>162</gpxtpx:hr><gpxtpx:cad>78</gpxtpx:cad></gpxtpx:TrackPointExtension></extensions>
      </trkpt>
      <trkpt lat="46.599880" lon="6.490222">
        <ele>831.5</ele>
        <time>2026-09-15T08:41:04.000Z</time>
        <extensions><power>299</power><gpxtpx:TrackPointExtension><gpxtpx:hr>162</gpxtpx:hr><gpxtpx:cad>78</gpxtpx:cad></gpxtpx:TrackPointExtension></extensions>
      </trkpt>
      <trkpt lat="46.599697" lon="6.490159">
        <ele>832.0</ele>
        <time>2026-09-15T08:41:08.000Z</time>
        <extensions><power>299</power><gpxtpx:TrackPointExtension><gpxtpx:hr>162</gpxtpx:hr><gpxtpx:cad>78</gpxtpx:cad></gpxtpx:TrackPointExtension></extensions>
      </trkpt>
      <trkpt lat="46.599527" lon="6.490089">
        <ele>832.5</ele>
        <time>2026-09-15T08:41:12.000Z</time>
        <extensions><power>299</power><gpxtpx:TrackPointExtension><gpxtpx:hr>162</gpxtpx:hr><gpxtpx:cad>78</gpxtpx:cad></gpxtpx:TrackPointExtension></extensions>
      </trkpt>
      <trkpt lat="46.599370" lon="6.490011">
        <ele>833.1</ele>
        <time>2026-09-15T08:41:16.000Z</time>
        <extensions><power>300</power><gpxtpx:TrackPointExtension><gpxtpx:hr>162</gpxtpx:hr><gpxtpx:cad>78</gpxtpx:cad></gpxtpx:TrackPointExtension></extensions>
      </trkpt>
      <trkpt lat="46.599226" lon="6.489926">
        <ele>833.6</ele>
        <time>2026-09-15T08:41:20.000Z</time>
        <extensions><power>300</power><gpxtpx:TrackPointExtension><gpxtpx:hr>162</gpxtpx:hr><gpxtpx:cad>78</gpxtpx:cad></gpxtpx:TrackPointExtension></extensions>
      </trkpt>
      <trkpt lat="46.599094" lon="6.489833">
        <ele>834.2</ele>
        <time>2026-09-15T08:41:24.000Z</time>
        <extensions><power>301</power><gpxtpx:TrackPointExtension><gpxtpx:hr>162</gpxtpx:hr><gpxtpx:cad>78</gpxtpx:cad></gpxtpx:TrackPointExtension></extensions>
      </trkpt>
      <trkpt lat="46.598975" lon="6.489733">
        <ele>834.7</ele>
        <time>2026-09-15T08:41:28.000Z</time>
        <extensions><power>301</power><gpxtpx:TrackPointExtension><gpxtpx:hr>162</gpxtpx:hr><gpxtpx:cad>78</gpxtpx:cad></gpxtpx:TrackPointExtension></extensions>
      </trkpt>
      <trkpt lat="46.598866" lon="6.489626">
        <ele>835.2</ele>
        <time>2026-09-15T08:41:32.000Z</time>
        <extensions><power>302</power><gpxtpx:TrackPointExtension><gpxtpx:hr>162</gpxtpx:hr><gpxtpx:cad>78</gpxtpx:cad></gpxtpx:TrackPointExtension></extensions>
      </trkpt>
      <trkpt lat="46.598768" lon="6.489513">
        <ele>835.7</ele>
        <time>2026-09-15T08:41:36.000Z</time>
        <extensions><power>302</power><gpxtpx:TrackPointExtension><gpxtpx:hr>162</gpxtpx:hr><gpxtpx:cad>78</gpxtpx:cad></gpxtpx:TrackPointExtension></extensions>
      </trkpt>
      <trkpt lat="46.598680" lon="6.489393">
        <ele>836.3</ele>
        <time>2026-09-15T08:41:40.000Z</time>
        <extensions><power>303</power><gpxtpx:TrackPointExtension><gpxtpx:hr>162</gpxtpx:hr><gpxtpx:cad>78</gpxtpx:cad></gpxtpx:TrackPointExtension></extensions>
      </trkpt>
      <trkpt lat="46.598601" lon="6.489267">
        <ele>836.8</ele>
        <time>2026-09-15T08:41:44.000Z</time>
        <extensions><power>303</power><gpxtpx:TrackPointExtension><gpxtpx:hr>162</gpxtpx:hr><gpxtpx:cad>78</gpxtpx:cad></gpxtpx:TrackPointExtension></extensions>
      </trkpt>
      <trkpt lat="46.598529" lon="6.489136">
        <ele>837.3</ele>
        <time>2026-09-15T08:41:48.000Z</time>
        <extensions><power>303</power><gpxtpx:TrackPointExtension><gpxtpx:hr>162</gpxtpx:hr><gpxtpx:cad>78</gpxtpx:cad></gpxtpx:TrackPointExtension></extensions>
      </trkpt>
      <trkpt lat="46.598464" lon="6.489001">
        <ele>837.8</ele>
        <time>2026-09-15T08:41:52.000Z</time>
        <extensions><power>304</power><gpxtpx:TrackPointExtension><gpxtpx:hr>162</gpxtpx:hr><gpxtpx:cad>78</gpxtpx:cad></gpxtpx:TrackPointExtension></extensions>
      </trkpt>
      <trkpt lat="46.598404" lon="6.488862">
        <ele>838.3</ele>
        <time>2026-09-15T08:41:56.000Z</time>
        <extensions><power>304</power><gpxtpx:TrackPointExtension><gpxtpx:hr>162</gpxtpx:hr><gpxtpx:cad>78</gpxtpx:cad></gpxtpx:TrackPointExtension></extensions>
      </trkpt>
      <trkpt lat="46.598349" lon="6.488720">
        <ele>838.8</ele>
        <time>2026-09-15T08:42:00.000Z</time>
        <extensions><power>305</power><gpxtpx:TrackPointExtension><gpxtpx:hr>162</gpxtpx:hr><gpxtpx:cad>78</gpxtpx:cad></gpxtpx:TrackPointExtension></extensions>
      </trkpt>
      <trkpt lat="46.598296" lon="6.488576">
        <ele>839.4</ele>
        <time>2026-09-15T08:42:04.000Z</time>
        <extensions><power>305</power><gpxtpx:TrackPointExtension><gpxtpx:hr>162</gpxtpx:hr><gpxtpx:cad>78</gpxtpx:cad></gpxtpx:TrackPointExtension></extensions>
      </trkpt>
      <trkpt lat="46.598245" lon="6.488430">
        <ele>839.9</ele>
        <time>2026-09-15T08:42:08.000Z</time>
        <extensions><power>305</power><gpxtpx:TrackPointExtension><gpxtpx:hr>162</gpxtpx:hr><gpxtpx:cad>78</gpxtpx:cad></gpxtpx:TrackPointExtension></extensions>
      </trkpt>
      <trkpt lat="46.598194" lon="6.488284">
        <ele>840.4</ele>
        <time>2026-09-15T08:42:12.000Z</time>
        <extensions><power>306</power><gpxtpx:TrackPointExtension><gpxtpx:hr>162</gpxtpx:hr><gpxtpx:cad>78</gpxtpx:cad></gpxtpx:TrackPointExtension></extensions>
      </trkpt>
      <trkpt lat="46.598143" lon="6.488139">
        <ele>840.9</ele>
        <time>2026-09-15T08:42:16.000Z</time>
        <extensions><power>306</power><gpxtpx:TrackPointExtension><gpxtpx:hr>162</gpxtpx:hr><gpxtpx:cad>78</gpxtpx:cad></gpxtpx:TrackPointExtension></extensions>
      </trkpt>
      <trkpt lat="46.598090" lon="6.487995">
        <ele>841.4</ele>
        <time>2026-09-15T08:42:20.000Z</time>
        <extensions><power>307</power><gpxtpx:TrackPointExtension><gpxtpx:hr>162</gpxtpx:hr><gpxtpx:cad>78</gpxtpx:cad></gpxtpx:TrackPointExtension></extensions>
      </trkpt>
      <trkpt lat="46.598034" lon="6.487852">
        <ele>841.9</ele>
        <time>2026-09-15T08:42:24.000Z</time>
        <extensions><power>307</power><gpxtpx:TrackPointExtension><gpxtpx:hr>161</gpxtpx:hr><gpxtpx:cad>78</gpxtpx:cad></gpxtpx:TrackPointExtension></extensions>
      </trkpt>
      <trkpt lat="46.597975" lon="6.487713">
        <ele>842.4</ele>
        <time>2026-09-15T08:42:28.000Z</time>
        <extensions><power>307</power><gpxtpx:TrackPointExtension><gpxtpx:hr>161</gpxtpx:hr><gpxtpx:cad>78</gpxtpx:cad></gpxtpx:TrackPointExtension></extensions>
      </trkpt>
      <trkpt lat="46.597911" lon="6.487576">
        <ele>842.9</ele>
        <time>2026-09-15T08:42:32.000Z</time>
        <extensions><power>308</power><gpxtpx:TrackPointExtension><gpxtpx:hr>161</gpxtpx:hr><gpxtpx:cad>78</gpxtpx:cad></gpxtpx:TrackPointExtension></extensions>
      </trkpt>
      <trkpt lat="46.597843" lon="6.487444">
        <ele>843.4</ele>
        <time>2026-09-15T08:42:36.000Z</time>
        <extensions><power>308</power><gpxtpx:TrackPointExtension><gpxtpx:hr>161</gpxtpx:hr><gpxtpx:cad>78</gpxtpx:cad></gpxtpx:TrackPointExtension></extensions>
      </trkpt>
      <trkpt lat="46.597769" lon="6.487316">
        <ele>843.9</ele>
        <time>2026-09-15T08:42:40.000Z</time>
        <extensions><power>309</power><gpxtpx:TrackPointExtension><gpxtpx:hr>161</gpxtpx:hr><gpxtpx:cad>79</gpxtpx:cad></gpxtpx:TrackPointExtension></extensions>
      </trkpt>
      <trkpt lat="46.597690" lon="6.487192">
        <ele>844.3</ele>
        <time>2026-09-15T08:42:44.000Z</time>
        <extensions><power>309</power><gpxtpx:TrackPointExtension><gpxtpx:hr>161</gpxtpx:hr><gpxtpx:cad>79</gpxtpx:cad></gpxtpx:TrackPointExtension></extensions>
      </trkpt>
      <trkpt lat="46.597604" lon="6.487074">
        <ele>844.8</ele>
        <time>2026-09-15T08:42:48.000Z</time>
        <extensions><power>309</power><gpxtpx:TrackPointExtension><gpxtpx:hr>161</gpxtpx:hr><gpxtpx:cad>79</gpxtpx:cad></gpxtpx:TrackPointExtension></extensions>
      </trkpt>
      <trkpt lat="46.597512" lon="6.486961">
        <ele>845.3</ele>
        <time>2026-09-15T08:42:52.000Z</time>
        <extensions><power>310</power><gpxtpx:TrackPointExtension><gpxtpx:hr>161</gpxtpx:hr><gpxtpx:cad>79</gpxtpx:cad></gpxtpx:TrackPointExtension></extensions>
      </trkpt>
      <trkpt lat="46.597415" lon="6.486854">
        <ele>845.8</ele>
        <time>2026-09-15T08:42:56.000Z</time>
        <extensions><power>310</power><gpxtpx:TrackPointExtension><gpxtpx:hr>161</gpxtpx:hr><gpxtpx:cad>79</gpxtpx:cad></gpxtpx:TrackPointExtension></extensions>
      </trkpt>
      <trkpt lat="46.597311" lon="6.486751">
        <ele>846.3</ele>
        <time>2026-09-15T08:43:00.000Z</time>
        <extensions><power>310</power><gpxtpx:TrackPointExtension><gpxtpx:hr>161</gpxtpx:hr><gpxtpx:cad>79</gpxtpx:cad></gpxtpx:TrackPointExtension></extensions>
      </trkpt>
      <trkpt lat="46.597202" lon="6.486654">
        <ele>846.7</ele>
        <time>2026-09-15T08:43:04.000Z</time>
        <extensions><power>311</power><gpxtpx:TrackPointExtension><gpxtpx:hr>161</gpxtpx:hr><gpxtpx:cad>79</gpxtpx:cad></gpxtpx:TrackPointExtension></extensions>
      </trkpt>
      <trkpt lat="46.597088" lon="6.486562">
        <ele>847.2</ele>
        <time>2026-09-15T08:43:08.000Z</time>
        <extensions><power>311</power><gpxtpx:TrackPointExtension><gpxtpx:hr>161</gpxtpx:hr><gpxtpx:cad>79</gpxtpx:cad></gpxtpx:TrackPointExtension></extensions>
      </trkpt>
      <trkpt lat="46.596969" lon="6.486475">
        <ele>847.7</ele>
        <time>2026-09-15T08:43:12.000Z</time>
        <extensions><power>311</power><gpxtpx:TrackPointExtension><gpxtpx:hr>161</gpxtpx:hr><gpxtpx:cad>79</gpxtpx:cad></gpxtpx:TrackPointExtension></extensions>
      </trkpt>
      <trkpt lat="46.596847" lon="6.486391">
        <ele>848.2</ele>
        <time>2026-09-15T08:43:16.000Z</time>
        <extensions><power>312</power><gpxtpx:TrackPointExtension><gpxtpx:hr>161</gpxtpx:hr><gpxtpx:cad>79</gpxtpx:cad></gpxtpx:TrackPointExtension></extensions>
      </trkpt>
      <trkpt lat="46.596721" lon="6.486312">
        <ele>848.6</ele>
        <time>2026-09-15T08:43:20.000Z</time>
        <extensions><power>312</power><gpxtpx:TrackPointExtension><gpxtpx:hr>161</gpxtpx:hr><gpxtpx:cad>79</gpxtpx:cad></gpxtpx:TrackPointExtension></extensions>
      </trkpt>
      <trkpt lat="46.596592" lon="6.486235">
        <ele>849.1</ele>
        <time>2026-09-15T08:43:24.000Z</time>
        <extensions><power>312</power><gpxtpx:TrackPointExtension><gpxtpx:hr>161</gpxtpx:hr><gpxtpx:cad>79</gpxtpx:cad></gpxtpx:TrackPointExtension></extensions>
      </trkpt>
      <trkpt lat="46.596462" lon="6.486161">
        <ele>849.6</ele>
        <time>2026-09-15T08:43:28.000Z</time>
        <extensions><power>313</power><gpxtpx:TrackPointExtension><gpxtpx:hr>161</gpxtpx:hr><gpxtpx:cad>79</gpxtpx:cad></gpxtpx:TrackPointExtension></extensions>
      </trkpt>
      <trkpt lat="46.596332" lon="6.486088">
        <ele>850.0</ele>
        <time>2026-09-15T08:43:32.000Z</time>
        <extensions><power>313</power><gpxtpx:TrackPointExtension><gpxtpx:hr>161</gpxtpx:hr><gpxtpx:cad>79</gpxtpx:cad></gpxtpx:TrackPointExtension></extensions>
      </trkpt>
      <trkpt lat="46.596201" lon="6.486016">
        <ele>850.5</ele>
        <time>2026-09-15T08:43:36.000Z</time>
        <extensions><power>313</power><gpxtpx:TrackPointExtension><gpxtpx:hr>161</gpxtpx:hr><gpxtpx:cad>79</gpxtpx:cad></gpxtpx:TrackPointExtension></extensions>
      </trkpt>
      <trkpt lat="46.596072" lon="6.485945">
        <ele>850.9</ele>
        <time>2026-09-15T08:43:40.000Z</time>
        <extensions><power>314</power><gpxtpx:TrackPointExtension><gpxtpx:hr>161</gpxtpx:hr><gpxtpx:cad>79</gpxtpx:cad></gpxtpx:TrackPointExtension></extensions>
      </trkpt>
      <trkpt lat="46.595944" lon="6.485872">
        <ele>851.4</ele>
        <time>2026-09-15T08:43:44.000Z</time>
        <extensions><power>314</power><gpxtpx:TrackPointExtension><gpxtpx:hr>161</gpxtpx:hr><gpxtpx:cad>79</gpxtpx:cad></gpxtpx:TrackPointExtension></extensions>
      </trkpt>
      <trkpt lat="46.595819" lon="6.485798">
        <ele>851.8</ele>
        <time>2026-09-15T08:43:48.000Z</time>
        <extensions><power>314</power><gpxtpx:TrackPointExtension><gpxtpx:hr>161</gpxtpx:hr><gpxtpx:cad>79</gpxtpx:cad></gpxtpx:TrackPointExtension></extensions>
      </trkpt>
      <trkpt lat="46.595698" lon="6.485722">
        <ele>852.3</ele>
        <time>2026-09-15T08:43:52.000Z</time>
        <extensions><power>315</power><gpxtpx:TrackPointExtension><gpxtpx:hr>161</gpxtpx:hr><gpxtpx:cad>79</gpxtpx:cad></gpxtpx:TrackPointExtension></extensions>
      </trkpt>
      <trkpt lat="46.595580" lon="6.485642">
        <ele>852.7</ele>
        <time>2026-09-15T08:43:56.000Z</time>
        <extensions><power>315</power><gpxtpx:TrackPointExtension><gpxtpx:hr>161</gpxtpx:hr><gpxtpx:cad>79</gpxtpx:cad></gpxtpx:TrackPointExtension></extensions>
      </trkpt>
      <trkpt lat="46.595468" lon="6.485559">
        <ele>853.2</ele>
        <time>2026-09-15T08:44:00.000Z</time>
        <extensions><power>315</power><gpxtpx:TrackPointExtension><gpxtpx:hr>161</gpxtpx:hr><gpxtpx:cad>79</gpxtpx:cad></gpxtpx:TrackPointExtension></extensions>
      </trkpt>
      <trkpt lat="46.595361" lon="6.485472">
        <ele>853.6</ele>
        <time>2026-09-15T08:44:04.000Z</time>
        <extensions><power>316</power><gpxtpx:TrackPointExtension><gpxtpx:hr>161</gpxtpx:hr><gpxtpx:cad>79</gpxtpx:cad></gpxtpx:TrackPointExtension></extensions>
      </trkpt>
      <trkpt lat="46.595259" lon="6.485380">
        <ele>854.0</ele>
        <time>2026-09-15T08:44:08.000Z</time>
        <extensions><power>316</power><gpxtpx:TrackPointExtension><gpxtpx:hr>161</gpxtpx:hr><gpxtpx:cad>79</gpxtpx:cad></gpxtpx:TrackPointExtension></extensions>
      </trkpt>
      <trkpt lat="46.595164" lon="6.485282">
        <ele>854.5</ele>
        <time>2026-09-15T08:44:12.000Z</time>
        <extensions><power>316</power><gpxtpx:TrackPointExtension><gpxtpx:hr>161</gpxtpx:hr><gpxtpx:cad>79</gpxtpx:cad></gpxtpx:TrackPointExtension></extensions>
      </trkpt>
      <trkpt lat="46.595075" lon="6.485179">
        <ele>854.9</ele>
        <time>2026-09-15T08:44:16.000Z</time>
        <extensions><power>316</power><gpxtpx:TrackPointExtension><gpxtpx:hr>161</gpxtpx:hr><gpxtpx:cad>79</gpxtpx:cad></gpxtpx:TrackPointExtension></extensions>
      </trkpt>
      <trkpt lat="46.594992" lon="6.485069">
        <ele>855.3</ele>
        <time>2026-09-15T08:44:20.000Z</time>
        <extensions><power>317</power><gpxtpx:TrackPointExtension><gpxtpx:hr>161</gpxtpx:hr><gpxtpx:cad>79</gpxtpx:cad></gpxtpx:TrackPointExtension></extensions>
      </trkpt>
      <trkpt lat="46.594916" lon="6.484954">
        <ele>855.8</ele>
        <time>2026-09-15T08:44:24.000Z</time>
        <extensions><power>317</power><gpxtpx:TrackPointExtension><gpxtpx:hr>161</gpxtpx:hr><gpxtpx:cad>79</gpxtpx:cad></gpxtpx:TrackPointExtension></extensions>
      </trkpt>
      <trkpt lat="46.594845" lon="6.484833">
        <ele>856.2</ele>
        <time>2026-09-15T08:44:28.000Z</time>
        <extensions><power>317</power><gpxtpx:TrackPointExtension><gpxtpx:hr>161</gpxtpx:hr><gpxtpx:cad>79</gpxtpx:cad></gpxtpx:TrackPointExtension></extensions>
      </trkpt>
      <trkpt lat="46.594780" lon="6.484706">
        <ele>856.6</ele>
        <time>2026-09-15T08:44:32.000Z</time>
        <extensions><power>317</power><gpxtpx:TrackPointExtension><gpxtpx:hr>161</gpxtpx:hr><gpxtpx:cad>80</gpxtpx:cad></gpxtpx:TrackPointExtension></extensions>
      </trkpt>
      <trkpt lat="46.594721" lon="6.484573">
        <ele>857.0</ele>
        <time>2026-09-15T08:44:36.000Z</time>
        <extensions><power>318</power><gpxtpx:TrackPointExtension><gpxtpx:hr>161</gpxtpx:hr><gpxtpx:cad>80</gpxtpx:cad></gpxtpx:TrackPointExtension></extensions>
      </trkpt>
      <trkpt lat="46.594666" lon="6.484436">
        <ele>857.5</ele>
        <time>2026-09-15T08:44:40.000Z</time>
        <extensions><power>318</power><gpxtpx:TrackPointExtension><gpxtpx:hr>161</gpxtpx:hr><gpxtpx:cad>80</gpxtpx:cad></gpxtpx:TrackPointExtension></extensions>
      </trkpt>
      <trkpt lat="46.594616" lon="6.484293">
        <ele>857.9</ele>
        <time>2026-09-15T08:44:44.000Z</time>
        <extensions><power>318</power><gpxtpx:TrackPointExtension><gpxtpx:hr>161</gpxtpx:hr><gpxtpx:cad>80</gpxtpx:cad></gpxtpx:TrackPointExtension></extensions>
      </trkpt>
      <trkpt lat="46.594569" lon="6.484146">
        <ele>858.3</ele>
        <time>2026-09-15T08:44:48.000Z</time>
        <extensions><power>318</power><gpxtpx:TrackPointExtension><gpxtpx:hr>161</gpxtpx:hr><gpxtpx:cad>80</gpxtpx:cad></gpxtpx:TrackPointExtension></extensions>
      </trkpt>
      <trkpt lat="46.594524" lon="6.483997">
        <ele>858.7</ele>
        <time>2026-09-15T08:44:52.000Z</time>
        <extensions><power>318</power><gpxtpx:TrackPointExtension><gpxtpx:hr>161</gpxtpx:hr><gpxtpx:cad>80</gpxtpx:cad></gpxtpx:TrackPointExtension></extensions>
      </trkpt>
      <trkpt lat="46.594481" lon="6.483844">
        <ele>859.1</ele>
        <time>2026-09-15T08:44:56.000Z</time>
        <extensions><power>319</power><gpxtpx:TrackPointExtension><gpxtpx:hr>161</gpxtpx:hr><gpxtpx:cad>80</gpxtpx:cad></gpxtpx:TrackPointExtension></extensions>
      </trkpt>
      <trkpt lat="46.594439" lon="6.483690">
        <ele>859.5</ele>
        <time>2026-09-15T08:45:00.000Z</time>
        <extensions><power>319</power><gpxtpx:TrackPointExtension><gpxtpx:hr>161</gpxtpx:hr><gpxtpx:cad>80</gpxtpx:cad></gpxtpx:TrackPointExtension></extensions>
      </trkpt>
      <trkpt lat="46.594397" lon="6.483536">
        <ele>859.9</ele>
        <time>2026-09-15T08:45:04.000Z</time>
        <extensions><power>319</power><gpxtpx:TrackPointExtension><gpxtpx:hr>161</gpxtpx:hr><gpxtpx:cad>80</gpxtpx:cad></gpxtpx:TrackPointExtension></extensions>
      </trkpt>
      <trkpt lat="46.594354" lon="6.483382">
        <ele>860.3</ele>
        <time>2026-09-15T08:45:08.000Z</time>
        <extensions><power>319</power><gpxtpx:TrackPointExtension><gpxtpx:hr>161</gpxtpx:hr><gpxtpx:cad>80</gpxtpx:cad></gpxtpx:TrackPointExtension></extensions>
      </trkpt>
      <trkpt lat="46.594309" lon="6.483229">
        <ele>860.7</ele>
        <time>2026-09-15T08:45:12.000Z</time>
        <extensions><power>319</power><gpxtpx:TrackPointExtension><gpxtpx:hr>161</gpxtpx:hr><gpxtpx:cad>80</gpxtpx:cad></gpxtpx:TrackPointExtension></extensions>
      </trkpt>
      <trkpt lat="46.594260" lon="6.483079">
        <ele>861.1</ele>
        <time>2026-09-15T08:45:16.000Z</time>
        <extensions><power>319</power><gpxtpx:TrackPointExtension><gpxtpx:hr>160</gpxtpx:hr><gpxtpx:cad>80</gpxtpx:cad></gpxtpx:TrackPointExtension></extensions>
      </trkpt>
      <trkpt lat="46.594208" lon="6.482933">
        <ele>861.5</ele>
        <time>2026-09-15T08:45:20.000Z</time>
        <extensions><power>320</power><gpxtpx:TrackPointExtension><gpxtpx:hr>160</gpxtpx:hr><gpxtpx:cad>80</gpxtpx:cad></gpxtpx:TrackPointExtension></extensions>
      </trkpt>
      <trkpt lat="46.594151" lon="6.482792">
        <ele>861.9</ele>
        <time>2026-09-15T08:45:24.000Z</time>
        <extensions><power>320</power><gpxtpx:TrackPointExtension><gpxtpx:hr>160</gpxtpx:hr><gpxtpx:cad>80</gpxtpx:cad></gpxtpx:TrackPointExtension></extensions>
      </trkpt>
      <trkpt lat="46.594089" lon="6.482656">
        <ele>862.3</ele>
        <time>2026-09-15T08:45:28.000Z</time>
        <extensions><power>320</power><gpxtpx:TrackPointExtension><gpxtpx:hr>160</gpxtpx:hr><gpxtpx:cad>80</gpxtpx:cad></gpxtpx:TrackPointExtension></extensions>
      </trkpt>
      <trkpt lat="46.594020" lon="6.482528">
        <ele>862.7</ele>
        <time>2026-09-15T08:45:32.000Z</time>
        <extensions><power>320</power><gpxtpx:TrackPointExtension><gpxtpx:hr>160</gpxtpx:hr><gpxtpx:cad>80</gpxtpx:cad></gpxtpx:TrackPointExtension></extensions>
      </trkpt>
      <trkpt lat="46.593944" lon="6.482408">
        <ele>863.0</ele>
        <time>2026-09-15T08:45:36.000Z</time>
        <extensions><power>320</power><gpxtpx:TrackPointExtension><gpxtpx:hr>160</gpxtpx:hr><gpxtpx:cad>80</gpxtpx:cad></gpxtpx:TrackPointExtension></extensions>
      </trkpt>
      <trkpt lat="46.593860" lon="6.482296">
        <ele>863.4</ele>
        <time>2026-09-15T08:45:40.000Z</time>
        <extensions><power>320</power><gpxtpx:TrackPointExtension><gpxtpx:hr>160</gpxtpx:hr><gpxtpx:cad>80</gpxtpx:cad></gpxtpx:TrackPointExtension></extensions>
      </trkpt>
      <trkpt lat="46.593769" lon="6.482194">
        <ele>863.8</ele>
        <time>2026-09-15T08:45:44.000Z</time>
        <extensions><power>320</power><gpxtpx:TrackPointExtension><gpxtpx:hr>160</gpxtpx:hr><gpxtpx:cad>80</gpxtpx:cad></gpxtpx:TrackPointExtension></extensions>
      </trkpt>
      <trkpt lat="46.593669" lon="6.482102">
        <ele>864.2</ele>
        <time>2026-09-15T08:45:48.000Z</time>
        <extensions><power>320</power><gpxtpx:TrackPointExtension><gpxtpx:hr>160</gpxtpx:hr><gpxtpx:cad>81</gpxtpx:cad></gpxtpx:TrackPointExtension></extensions>
      </trkpt>
      <trkpt lat="46.593561" lon="6.482021">
        <ele>864.5</ele>
        <time>2026-09-15T08:45:52.000Z</time>
        <extensions><power>321</power><gpxtpx:TrackPointExtension><gpxtpx:hr>160</gpxtpx:hr><gpxtpx:cad>81</gpxtpx:cad></gpxtpx:TrackPointExtension></extensions>
      </trkpt>
      <trkpt lat="46.593445" lon="6.481950">
        <ele>864.9</ele>
        <time>2026-09-15T08:45:56.000Z</time>
        <extensions><power>321</power><gpxtpx:TrackPointExtension><gpxtpx:hr>160</gpxtpx:hr><gpxtpx:cad>81</gpxtpx:cad></gpxtpx:TrackPointExtension></extensions>
      </trkpt>
      <trkpt lat="46.593320" lon="6.481891">
        <ele>865.3</ele>
        <time>2026-09-15T08:46:00.000Z</time>
        <extensions><power>321</power><gpxtpx:TrackPointExtension><gpxtpx:hr>160</gpxtpx:hr><gpxtpx:cad>81</gpxtpx:cad></gpxtpx:TrackPointExtension></extensions>
      </trkpt>
      <trkpt lat="46.593187" lon="6.481844">
        <ele>865.6</ele>
        <time>2026-09-15T08:46:04.000Z</time>
        <extensions><power>321</power><gpxtpx:TrackPointExtension><gpxtpx:hr>160</gpxtpx:hr><gpxtpx:cad>81</gpxtpx:cad></gpxtpx:TrackPointExtension></extensions>
      </trkpt>
      <trkpt lat="46.593046" lon="6.481808">
        <ele>866.0</ele>
        <time>2026-09-15T08:46:08.000Z</time>
        <extensions><power>321</power><gpxtpx:TrackPointExtension><gpxtpx:hr>160</gpxtpx:hr><gpxtpx:cad>81</gpxtpx:cad></gpxtpx:TrackPointExtension></extensions>
      </trkpt>
      <trkpt lat="46.592897" lon="6.481783">
        <ele>866.4</ele>
        <time>2026-09-15T08:46:12.000Z</time>
        <extensions><power>321</power><gpxtpx:TrackPointExtension><gpxtpx:hr>160</gpxtpx:hr><gpxtpx:cad>81</gpxtpx:cad></gpxtpx:TrackPointExtension></extensions>
      </trkpt>
      <trkpt lat="46.592741" lon="6.481769">
        <ele>866.7</ele>
        <time>2026-09-15T08:46:16.000Z</time>
        <extensions><power>321</power><gpxtpx:TrackPointExtension><gpxtpx:hr>160</gpxtpx:hr><gpxtpx:cad>81</gpxtpx:cad></gpxtpx:TrackPointExtension></extensions>
      </trkpt>
      <trkpt lat="46.592579" lon="6.481765">
        <ele>867.1</ele>
        <time>2026-09-15T08:46:20.000Z</time>
        <extensions><power>321</power><gpxtpx:TrackPointExtension><gpxtpx:hr>160</gpxtpx:hr><gpxtpx:cad>81</gpxtpx:cad></gpxtpx:TrackPointExtension></extensions>
      </trkpt>
      <trkpt lat="46.592412" lon="6.481770">
        <ele>867.4</ele>
        <time>2026-09-15T08:46:24.000Z</time>
        <extensions><power>321</power><gpxtpx:TrackPointExtension><gpxtpx:hr>160</gpxtpx:hr><gpxtpx:cad>81</gpxtpx:cad></gpxtpx:TrackPointExtension></extensions>
      </trkpt>
      <trkpt lat="46.592239" lon="6.481785">
        <ele>867.8</ele>
        <time>2026-09-15T08:46:28.000Z</time>
        <extensions><power>321</power><gpxtpx:TrackPointExtension><gpxtpx:hr>160</gpxtpx:hr><gpxtpx:cad>81</gpxtpx:cad></gpxtpx:TrackPointExtension></extensions>
      </trkpt>
      <trkpt lat="46.592063" lon="6.481807">
        <ele>868.1</ele>
        <time>2026-09-15T08:46:32.000Z</time>
        <extensions><power>321</power><gpxtpx:TrackPointExtension><gpxtpx:hr>160</gpxtpx:hr><gpxtpx:cad>81</gpxtpx:cad></gpxtpx:TrackPointExtension></extensions>
      </trkpt>
      <trkpt lat="46.591884" lon="6.481835">
        <ele>868.4</ele>
        <time>2026-09-15T08:46:36.000Z</time>
        <extensions><power>321</power><gpxtpx:TrackPointExtension><gpxtpx:hr>160</gpxtpx:hr><gpxtpx:cad>81</gpxtpx:cad></gpxtpx:TrackPointExtension></extensions>
      </trkpt>
      <trkpt lat="46.591702" lon="6.481870">
        <ele>868.8</ele>
        <time>2026-09-15T08:46:40.000Z</time>
        <extensions><power>321</power><gpxtpx:TrackPointExtension><gpxtpx:hr>160</gpxtpx:hr><gpxtpx:cad>81</gpxtpx:cad></gpxtpx:TrackPointExtension></extensions>
      </trkpt>
      <trkpt lat="46.591520" lon="6.481909">
        <ele>869.1</ele>
        <time>2026-09-15T08:46:44.000Z</time>
        <extensions><power>321</power><gpxtpx:TrackPointExtension><gpxtpx:hr>160</gpxtpx:hr><gpxtpx:cad>81</gpxtpx:cad></gpxtpx:TrackPointExtension></extensions>
      </trkpt>
      <trkpt lat="46.591337" lon="6.481951">
        <ele>869.5</ele>
        <time>2026-09-15T08:46:48.000Z</time>
        <extensions><power>321</power><gpxtpx:TrackPointExtension><gpxtpx:hr>160</gpxtpx:hr><gpxtpx:cad>81</gpxtpx:cad></gpxtpx:TrackPointExtension></extensions>
      </trkpt>
      <trkpt lat="46.591156" lon="6.481994">
        <ele>869.8</ele>
        <time>2026-09-15T08:46:52.000Z</time>
        <extensions><power>321</power><gpxtpx:TrackPointExtension><gpxtpx:hr>160</gpxtpx:hr><gpxtpx:cad>82</gpxtpx:cad></gpxtpx:TrackPointExtension></extensions>
      </trkpt>
      <trkpt lat="46.590976" lon="6.482038">
        <ele>870.1</ele>
        <time>2026-09-15T08:46:56.000Z</time>
        <extensions><power>321</power><gpxtpx:TrackPointExtension><gpxtpx:hr>160</gpxtpx:hr><gpxtpx:cad>82</gpxtpx:cad></gpxtpx:TrackPointExtension></extensions>
      </trkpt>
      <trkpt lat="46.590799" lon="6.482082">
        <ele>870.4</ele>
        <time>2026-09-15T08:47:00.000Z</time>
        <extensions><power>321</power><gpxtpx:TrackPointExtension><gpxtpx:hr>160</gpxtpx:hr><gpxtpx:cad>82</gpxtpx:cad></gpxtpx:TrackPointExtension></extensions>
      </trkpt>
      <trkpt lat="46.590625" lon="6.482123">
        <ele>870.8</ele>
        <time>2026-09-15T08:47:04.000Z</time>
        <extensions><power>321</power><gpxtpx:TrackPointExtension><gpxtpx:hr>160</gpxtpx:hr><gpxtpx:cad>82</gpxtpx:cad></gpxtpx:TrackPointExtension></extensions>
      </trkpt>
      <trkpt lat="46.590456" lon="6.482160">
        <ele>871.1</ele>
        <time>2026-09-15T08:47:08.000Z</time>
        <extensions><power>321</power><gpxtpx:TrackPointExtension><gpxtpx:hr>160</gpxtpx:hr><gpxtpx:cad>82</gpxtpx:cad></gpxtpx:TrackPointExtension></extensions>
      </trkpt>
      <trkpt lat="46.590292" lon="6.482192">
        <ele>871.4</ele>
        <time>2026-09-15T08:47:12.000Z</time>
        <extensions><power>321</power><gpxtpx:TrackPointExtension><gpxtpx:hr>160</gpxtpx:hr><gpxtpx:cad>82</gpxtpx:cad></gpxtpx:TrackPointExtension></extensions>
      </trkpt>
      <trkpt lat="46.590133" lon="6.482219">
        <ele>871.7</ele>
        <time>2026-09-15T08:47:16.000Z</time>
        <extensions><power>321</power><gpxtpx:TrackPointExtension><gpxtpx:hr>159</gpxtpx:hr><gpxtpx:cad>82</gpxtpx:cad></gpxtpx:TrackPointExtension></extensions>
      </trkpt>
      <trkpt lat="46.589981" lon="6.482238">
        <ele>872.0</ele>
        <time>2026-09-15T08:47:20.000Z</time>
        <extensions><power>321</power><gpxtpx:TrackPointExtension><gpxtpx:hr>159</gpxtpx:hr><gpxtpx:cad>82</gpxtpx:cad></gpxtpx:TrackPointExtension></extensions>
      </trkpt>
      <trkpt lat="46.589836" lon="6.482250">
        <ele>872.3</ele>
        <time>2026-09-15T08:47:24.000Z</time>
        <extensions><power>321</power><gpxtpx:TrackPointExtension><gpxtpx:hr>159</gpxtpx:hr><gpxtpx:cad>82</gpxtpx:cad></gpxtpx:TrackPointExtension></extensions>
      </trkpt>
      <trkpt lat="46.589697" lon="6.482252">
        <ele>872.6</ele>
        <time>2026-09-15T08:47:28.000Z</time>
        <extensions><power>320</power><gpxtpx:TrackPointExtension><gpxtpx:hr>159</gpxtpx:hr><gpxtpx:cad>82</gpxtpx:cad></gpxtpx:TrackPointExtension></extensions>
      </trkpt>
      <trkpt lat="46.589566" lon="6.482246">
        <ele>872.9</ele>
        <time>2026-09-15T08:47:32.000Z</time>
        <extensions><power>320</power><gpxtpx:TrackPointExtension><gpxtpx:hr>159</gpxtpx:hr><gpxtpx:cad>82</gpxtpx:cad></gpxtpx:TrackPointExtension></extensions>
      </trkpt>
      <trkpt lat="46.589442" lon="6.482228">
        <ele>873.2</ele>
        <time>2026-09-15T08:47:36.000Z</time>
        <extensions><power>320</power><gpxtpx:TrackPointExtension><gpxtpx:hr>159</gpxtpx:hr><gpxtpx:cad>82</gpxtpx:cad></gpxtpx:TrackPointExtension></extensions>
      </trkpt>
      <trkpt lat="46.589325" lon="6.482201">
        <ele>873.5</ele>
        <time>2026-09-15T08:47:40.000Z</time>
        <extensions><power>320</power><gpxtpx:TrackPointExtension><gpxtpx:hr>159</gpxtpx:hr><gpxtpx:cad>82</gpxtpx:cad></gpxtpx:TrackPointExtension></extensions>
      </trkpt>
      <trkpt lat="46.589216" lon="6.482163">
        <ele>873.8</ele>
        <time>2026-09-15T08:47:44.000Z</time>
        <extensions><power>320</power><gpxtpx:TrackPointExtension><gpxtpx:hr>159</gpxtpx:hr><gpxtpx:cad>82</gpxtpx:cad></gpxtpx:TrackPointExtension></extensions>
      </trkpt>
      <trkpt lat="46.589113" lon="6.482114">
        <ele>874.1</ele>
        <time>2026-09-15T08:47:48.000Z</time>
        <extensions><power>320</power><gpxtpx:TrackPointExtension><gpxtpx:hr>159</gpxtpx:hr><gpxtpx:cad>82</gpxtpx:cad></gpxtpx:TrackPointExtension></extensions>
      </trkpt>
      <trkpt lat="46.589018" lon="6.482054">
        <ele>874.4</ele>
        <time>2026-09-15T08:47:52.000Z</time>
        <extensions><power>320</power><gpxtpx:TrackPointExtension><gpxtpx:hr>159</gpxtpx:hr><gpxtpx:cad>83</gpxtpx:cad></gpxtpx:TrackPointExtension></extensions>
      </trkpt>
      <trkpt lat="46.588929" lon="6.481983">
        <ele>874.7</ele>
        <time>2026-09-15T08:47:56.000Z</time>
        <extensions><power>319</power><gpxtpx:TrackPointExtension><gpxtpx:hr>159</gpxtpx:hr><gpxtpx:cad>83</gpxtpx:cad></gpxtpx:TrackPointExtension></extensions>
      </trkpt>
      <trkpt lat="46.588845" lon="6.481903">
        <ele>875.0</ele>
        <time>2026-09-15T08:48:00.000Z</time>
        <extensions><power>319</power><gpxtpx:TrackPointExtension><gpxtpx:hr>159</gpxtpx:hr><gpxtpx:cad>83</gpxtpx:cad></gpxtpx:TrackPointExtension></extensions>
      </trkpt>
      <trkpt lat="46.588767" lon="6.481813">
        <ele>875.3</ele>
        <time>2026-09-15T08:48:04.000Z</time>
        <extensions><power>319</power><gpxtpx:TrackPointExtension><gpxtpx:hr>159</gpxtpx:hr><gpxtpx:cad>83</gpxtpx:cad></gpxtpx:TrackPointExtension></extensions>
      </trkpt>
      <trkpt lat="46.588694" lon="6.481714">
        <ele>875.5</ele>
        <time>2026-09-15T08:48:08.000Z</time>
        <extensions><power>319</power><gpxtpx:TrackPointExtension><gpxtpx:hr>159</gpxtpx:hr><gpxtpx:cad>83</gpxtpx:cad></gpxtpx:TrackPointExtension></extensions>
      </trkpt>
      <trkpt lat="46.588625" lon="6.481606">
        <ele>875.8</ele>
        <time>2026-09-15T08:48:12.000Z</time>
        <extensions><power>319</power><gpxtpx:TrackPointExtension><gpxtpx:hr>159</gpxtpx:hr><gpxtpx:cad>83</gpxtpx:cad></gpxtpx:TrackPointExtension></extensions>
      </trkpt>
      <trkpt lat="46.588560" lon="6.481492">
        <ele>876.1</ele>
        <time>2026-09-15T08:48:16.000Z</time>
        <extensions><power>318</power><gpxtpx:TrackPointExtension><gpxtpx:hr>159</gpxtpx:hr><gpxtpx:cad>83</gpxtpx:cad></gpxtpx:TrackPointExtension></extensions>
      </trkpt>
      <trkpt lat="46.588497" lon="6.481371">
        <ele>876.4</ele>
        <time>2026-09-15T08:48:20.000Z</time>
        <extensions><power>318</power><gpxtpx:TrackPointExtension><gpxtpx:hr>159</gpxtpx:hr><gpxtpx:cad>83</gpxtpx:cad></gpxtpx:TrackPointExtension></extensions>
      </trkpt>
      <trkpt lat="46.588436" lon="6.481245">
        <ele>876.6</ele>
        <time>2026-09-15T08:48:24.000Z</time>
        <extensions><power>318</power><gpxtpx:TrackPointExtension><gpxtpx:hr>159</gpxtpx:hr><gpxtpx:cad>83</gpxtpx:cad></gpxtpx:TrackPointExtension></extensions>
      </trkpt>
      <trkpt lat="46.588377" lon="6.481114">
        <ele>876.9</ele>
        <time>2026-09-15T08:48:28.000Z</time>
        <extensions><power>318</power><gpxtpx:TrackPointExtension><gpxtpx:hr>159</gpxtpx:hr><gpxtpx:cad>83</gpxtpx:cad></gpxtpx:TrackPointExtension></extensions>
      </trkpt>
      <trkpt lat="46.588319" lon="6.480981">
        <ele>877.1</ele>
        <time>2026-09-15T08:48:32.000Z</time>
        <extensions><power>318</power><gpxtpx:TrackPointExtension><gpxtpx:hr>159</gpxtpx:hr><gpxtpx:cad>83</gpxtpx:cad></gpxtpx:TrackPointExtension></extensions>
      </trkpt>
      <trkpt lat="46.588261" lon="6.480845">
        <ele>877.4</ele>
        <time>2026-09-15T08:48:36.000Z</time>
        <extensions><power>317</power><gpxtpx:TrackPointExtension><gpxtpx:hr>159</gpxtpx:hr><gpxtpx:cad>83</gpxtpx:cad></gpxtpx:TrackPointExtension></extensions>
      </trkpt>
      <trkpt lat="46.588202" lon="6.480708">
        <ele>877.7</ele>
        <time>2026-09-15T08:48:40.000Z</time>
        <extensions><power>317</power><gpxtpx:TrackPointExtension><gpxtpx:hr>159</gpxtpx:hr><gpxtpx:cad>83</gpxtpx:cad></gpxtpx:TrackPointExtension></extensions>
      </trkpt>
      <trkpt lat="46.588143" lon="6.480572">
        <ele>877.9</ele>
        <time>2026-09-15T08:48:44.000Z</time>
        <extensions><power>317</power><gpxtpx:TrackPointExtension><gpxtpx:hr>159</gpxtpx:hr><gpxtpx:cad>84</gpxtpx:cad></gpxtpx:TrackPointExtension></extensions>
      </trkpt>
      <trkpt lat="46.588082" lon="6.480437">
        <ele>878.2</ele>
        <time>2026-09-15T08:48:48.000Z</time>
        <extensions><power>316</power><gpxtpx:TrackPointExtension><gpxtpx:hr>159</gpxtpx:hr><gpxtpx:cad>84</gpxtpx:cad></gpxtpx:TrackPointExtension></extensions>
      </trkpt>
      <trkpt lat="46.588019" lon="6.480304">
        <ele>878.4</ele>
        <time>2026-09-15T08:48:52.000Z</time>
        <extensions><power>316</power><gpxtpx:TrackPointExtension><gpxtpx:hr>159</gpxtpx:hr><gpxtpx:cad>84</gpxtpx:cad></gpxtpx:TrackPointExtension></extensions>
      </trkpt>
      <trkpt lat="46.587954" lon="6.480173">
        <ele>878.6</ele>
        <time>2026-09-15T08:48:56.000Z</time>
        <extensions><power>316</power><gpxtpx:TrackPointExtension><gpxtpx:hr>158</gpxtpx:hr><gpxtpx:cad>84</gpxtpx:cad></gpxtpx:TrackPointExtension></extensions>
      </trkpt>
      <trkpt lat="46.587886" lon="6.480047">
        <ele>878.9</ele>
        <time>2026-09-15T08:49:00.000Z</time>
        <extensions><power>315</power><gpxtpx:TrackPointExtension><gpxtpx:hr>158</gpxtpx:hr><gpxtpx:cad>84</gpxtpx:cad></gpxtpx:TrackPointExtension></extensions>
      </trkpt>
      <trkpt lat="46.587816" lon="6.479924">
        <ele>879.1</ele>
        <time>2026-09-15T08:49:04.000Z</time>
        <extensions><power>315</power><gpxtpx:TrackPointExtension><gpxtpx:hr>158</gpxtpx:hr><gpxtpx:cad>84</gpxtpx:cad></gpxtpx:TrackPointExtension></extensions>
      </trkpt>
      <trkpt lat="46.587742" lon="6.479807">
        <ele>879.4</ele>
        <time>2026-09-15T08:49:08.000Z</time>
        <extensions><power>315</power><gpxtpx:TrackPointExtension><gpxtpx:hr>158</gpxtpx:hr><gpxtpx:cad>84</gpxtpx:cad></gpxtpx:TrackPointExtension></extensions>
      </trkpt>
      <trkpt lat="46.587666" lon="6.479694">
        <ele>879.6</ele>
        <time>2026-09-15T08:49:12.000Z</time>
        <extensions><power>314</power><gpxtpx:TrackPointExtension><gpxtpx:hr>158</gpxtpx:hr><gpxtpx:cad>84</gpxtpx:cad></gpxtpx:TrackPointExtension></extensions>
      </trkpt>
      <trkpt lat="46.587587" lon="6.479586">
        <ele>879.8</ele>
        <time>2026-09-15T08:49:16.000Z</time>
        <extensions><power>314</power><gpxtpx:TrackPointExtension><gpxtpx:hr>158</gpxtpx:hr><gpxtpx:cad>84</gpxtpx:cad></gpxtpx:TrackPointExtension></extensions>
      </trkpt>
      <trkpt lat="46.587505" lon="6.479484">
        <ele>880.0</ele>
        <time>2026-09-15T08:49:20.000Z</time>
        <extensions><power>314</power><gpxtpx:TrackPointExtension><gpxtpx:hr>158</gpxtpx:hr><gpxtpx:cad>84</gpxtpx:cad></gpxtpx:TrackPointExtension></extensions>
      </trkpt>
      <trkpt lat="46.587421" lon="6.479387">
        <ele>880.3</ele>
        <time>2026-09-15T08:49:24.000Z</time>
        <extensions><power>313</power><gpxtpx:TrackPointExtension><gpxtpx:hr>158</gpxtpx:hr><gpxtpx:cad>84</gpxtpx:cad></gpxtpx:TrackPointExtension></extensions>
      </trkpt>
      <trkpt lat="46.587334" lon="6.479295">
        <ele>880.5</ele>
        <time>2026-09-15T08:49:28.000Z</time>
        <extensions><power>313</power><gpxtpx:TrackPointExtension><gpxtpx:hr>158</gpxtpx:hr><gpxtpx:cad>84</gpxtpx:cad></gpxtpx:TrackPointExtension></extensions>
      </trkpt>
      <trkpt lat="46.587244" lon="6.479207">
        <ele>880.7</ele>
        <time>2026-09-15T08:49:32.000Z</time>
        <extensions><power>313</power><gpxtpx:TrackPointExtension><gpxtpx:hr>158</gpxtpx:hr><gpxtpx:cad>84</gpxtpx:cad></gpxtpx:TrackPointExtension></extensions>
      </trkpt>
      <trkpt lat="46.587153" lon="6.479122">
        <ele>880.9</ele>
        <time>2026-09-15T08:49:36.000Z</time>
        <extensions><power>312</power><gpxtpx:TrackPointExtension><gpxtpx:hr>158</gpxtpx:hr><gpxtpx:cad>85</gpxtpx:cad></gpxtpx:TrackPointExtension></extensions>
      </trkpt>
      <trkpt lat="46.587061" lon="6.479041">
        <ele>881.1</ele>
        <time>2026-09-15T08:49:40.000Z</time>
        <extensions><power>312</power><gpxtpx:TrackPointExtension><gpxtpx:hr>158</gpxtpx:hr><gpxtpx:cad>85</gpxtpx:cad></gpxtpx:TrackPointExtension></extensions>
      </trkpt>
      <trkpt lat="46.586967" lon="6.478962">
        <ele>881.3</ele>
        <time>2026-09-15T08:49:44.000Z</time>
        <extensions><power>311</power><gpxtpx:TrackPointExtension><gpxtpx:hr>158</gpxtpx:hr><gpxtpx:cad>85</gpxtpx:cad></gpxtpx:TrackPointExtension></extensions>
      </trkpt>
      <trkpt lat="46.586872" lon="6.478885">
        <ele>881.5</ele>
        <time>2026-09-15T08:49:48.000Z</time>
        <extensions><power>311</power><gpxtpx:TrackPointExtension><gpxtpx:hr>158</gpxtpx:hr><gpxtpx:cad>85</gpxtpx:cad></gpxtpx:TrackPointExtension></extensions>
      </trkpt>
      <trkpt lat="46.586777" lon="6.478807">
        <ele>881.7</ele>
        <time>2026-09-15T08:49:52.000Z</time>
        <extensions><power>310</power><gpxtpx:TrackPointExtension><gpxtpx:hr>158</gpxtpx:hr><gpxtpx:cad>85</gpxtpx:cad></gpxtpx:TrackPointExtension></extensions>
      </trkpt>
      <trkpt lat="46.586682" lon="6.478729">
        <ele>881.9</ele>
        <time>2026-09-15T08:49:56.000Z</time>
        <extensions><power>310</power><gpxtpx:TrackPointExtension><gpxtpx:hr>158</gpxtpx:hr><gpxtpx:cad>85</gpxtpx:cad></gpxtpx:TrackPointExtension></extensions>
      </trkpt>
      <trkpt lat="46.586588" lon="6.478649">
        <ele>882.1</ele>
        <time>2026-09-15T08:50:00.000Z</time>
        <extensions><power>310</power><gpxtpx:TrackPointExtension><gpxtpx:hr>158</gpxtpx:hr><gpxtpx:cad>85</gpxtpx:cad></gpxtpx:TrackPointExtension></extensions>
      </trkpt>
      <trkpt lat="46.586494" lon="6.478565">
        <ele>882.3</ele>
        <time>2026-09-15T08:50:04.000Z</time>
        <extensions><power>309</power><gpxtpx:TrackPointExtension><gpxtpx:hr>158</gpxtpx:hr><gpxtpx:cad>85</gpxtpx:cad></gpxtpx:TrackPointExtension></extensions>
      </trkpt>
      <trkpt lat="46.586401" lon="6.478478">
        <ele>882.5</ele>
        <time>2026-09-15T08:50:08.000Z</time>
        <extensions><power>309</power><gpxtpx:TrackPointExtension><gpxtpx:hr>158</gpxtpx:hr><gpxtpx:cad>85</gpxtpx:cad></gpxtpx:TrackPointExtension></extensions>
      </trkpt>
      <trkpt lat="46.586310" lon="6.478384">
        <ele>882.7</ele>
        <time>2026-09-15T08:50:12.000Z</time>
        <extensions><power>308</power><gpxtpx:TrackPointExtension><gpxtpx:hr>158</gpxtpx:hr><gpxtpx:cad>85</gpxtpx:cad></gpxtpx:TrackPointExtension></extensions>
      </trkpt>
      <trkpt lat="46.586221" lon="6.478285">
        <ele>882.9</ele>
        <time>2026-09-15T08:50:16.000Z</time>
        <extensions><power>308</power><gpxtpx:TrackPointExtension><gpxtpx:hr>158</gpxtpx:hr><gpxtpx:cad>85</gpxtpx:cad></gpxtpx:TrackPointExtension></extensions>
      </trkpt>
      <trkpt lat="46.586133" lon="6.478177">
        <ele>883.1</ele>
        <time>2026-09-15T08:50:20.000Z</time>
        <extensions><power>307</power><gpxtpx:TrackPointExtension><gpxtpx:hr>158</gpxtpx:hr><gpxtpx:cad>85</gpxtpx:cad></gpxtpx:TrackPointExtension></extensions>
      </trkpt>
      <trkpt lat="46.586048" lon="6.478061">
        <ele>883.2</ele>
        <time>2026-09-15T08:50:24.000Z</time>
        <extensions><power>307</power><gpxtpx:TrackPointExtension><gpxtpx:hr>157</gpxtpx:hr><gpxtpx:cad>86</gpxtpx:cad></gpxtpx:TrackPointExtension></extensions>
      </trkpt>
      <trkpt lat="46.585964" lon="6.477935">
        <ele>883.4</ele>
        <time>2026-09-15T08:50:28.000Z</time>
        <extensions><power>306</power><gpxtpx:TrackPointExtension><gpxtpx:hr>157</gpxtpx:hr><gpxtpx:cad>86</gpxtpx:cad></gpxtpx:TrackPointExtension></extensions>
      </trkpt>
      <trkpt lat="46.585883" lon="6.477800">
        <ele>883.6</ele>
        <time>2026-09-15T08:50:32.000Z</time>
        <extensions><power>306</power><gpxtpx:TrackPointExtension><gpxtpx:hr>157</gpxtpx:hr><gpxtpx:cad>86</gpxtpx:cad></gpxtpx:TrackPointExtension></extensions>
      </trkpt>
      <trkpt lat="46.585804" lon="6.477653">
        <ele>883.8</ele>
        <time>2026-09-15T08:50:36.000Z</time>
        <extensions><power>305</power><gpxtpx:TrackPointExtension><gpxtpx:hr>157</gpxtpx:hr><gpxtpx:cad>86</gpxtpx:cad></gpxtpx:TrackPointExtension></extensions>
      </trkpt>
      <trkpt lat="46.585727" lon="6.477495">
        <ele>883.9</ele>
        <time>2026-09-15T08:50:40.000Z</time>
        <extensions><power>304</power><gpxtpx:TrackPointExtension><gpxtpx:hr>157</gpxtpx:hr><gpxtpx:cad>86</gpxtpx:cad></gpxtpx:TrackPointExtension></extensions>
      </trkpt>
      <trkpt lat="46.585652" lon="6.477325">
        <ele>884.1</ele>
        <time>2026-09-15T08:50:44.000Z</time>
        <extensions><power>304</power><gpxtpx:TrackPointExtension><gpxtpx:hr>157</gpxtpx:hr><gpxtpx:cad>86</gpxtpx:cad></gpxtpx:TrackPointExtension></extensions>
      </trkpt>
      <trkpt lat="46.585578" lon="6.477144">
        <ele>884.2</ele>
        <time>2026-09-15T08:50:48.000Z</time>
        <extensions><power>303</power><gpxtpx:TrackPointExtension><gpxtpx:hr>157</gpxtpx:hr><gpxtpx:cad>86</gpxtpx:cad></gpxtpx:TrackPointExtension></extensions>
      </trkpt>
      <trkpt lat="46.585507" lon="6.476950">
        <ele>884.4</ele>
        <time>2026-09-15T08:50:52.000Z</time>
        <extensions><power>303</power><gpxtpx:TrackPointExtension><gpxtpx:hr>157</gpxtpx:hr><gpxtpx:cad>86</gpxtpx:cad></gpxtpx:TrackPointExtension></extensions>
      </trkpt>
      <trkpt lat="46.585436" lon="6.476746">
        <ele>884.6</ele>
        <time>2026-09-15T08:50:56.000Z</time>
        <extensions><power>302</power><gpxtpx:TrackPointExtension><gpxtpx:hr>157</gpxtpx:hr><gpxtpx:cad>86</gpxtpx:cad></gpxtpx:TrackPointExtension></extensions>
      </trkpt>
      <trkpt lat="46.585366" lon="6.476530">
        <ele>884.7</ele>
        <time>2026-09-15T08:51:00.000Z</time>
        <extensions><power>302</power><gpxtpx:TrackPointExtension><gpxtpx:hr>157</gpxtpx:hr><gpxtpx:cad>86</gpxtpx:cad></gpxtpx:TrackPointExtension></extensions>
      </trkpt>
      <trkpt lat="46.585296" lon="6.476304">
        <ele>884.9</ele>
        <time>2026-09-15T08:51:04.000Z</time>
        <extensions><power>301</power><gpxtpx:TrackPointExtension><gpxtpx:hr>157</gpxtpx:hr><gpxtpx:cad>86</gpxtpx:cad></gpxtpx:TrackPointExtension></extensions>
      </trkpt>
      <trkpt lat="46.585227" lon="6.476069">
        <ele>885.0</ele>
        <time>2026-09-15T08:51:08.000Z</time>
        <extensions><power>300</power><gpxtpx:TrackPointExtension><gpxtpx:hr>157</gpxtpx:hr><gpxtpx:cad>86</gpxtpx:cad></gpxtpx:TrackPointExtension></extensions>
      </trkpt>
      <trkpt lat="46.585157" lon="6.475825">
        <ele>885.1</ele>
        <time>2026-09-15T08:51:12.000Z</time>
        <extensions><power>300</power><gpxtpx:TrackPointExtension><gpxtpx:hr>157</gpxtpx:hr><gpxtpx:cad>87</gpxtpx:cad></gpxtpx:TrackPointExtension></extensions>
      </trkpt>
      <trkpt lat="46.585086" lon="6.475573">
        <ele>885.3</ele>
        <time>2026-09-15T08:51:16.000Z</time>
        <extensions><power>299</power><gpxtpx:TrackPointExtension><gpxtpx:hr>157</gpxtpx:hr><gpxtpx:cad>87</gpxtpx:cad></gpxtpx:TrackPointExtension></extensions>
      </trkpt>
      <trkpt lat="46.585014" lon="6.475315">
        <ele>885.4</ele>
        <time>2026-09-15T08:51:20.000Z</time>
        <extensions><power>298</power><gpxtpx:TrackPointExtension><gpxtpx:hr>157</gpxtpx:hr><gpxtpx:cad>87</gpxtpx:cad></gpxtpx:TrackPointExtension></extensions>
      </trkpt>
      <trkpt lat="46.584940" lon="6.475052">
        <ele>885.6</ele>
        <time>2026-09-15T08:51:24.000Z</time>
        <extensions><power>298</power><gpxtpx:TrackPointExtension><gpxtpx:hr>157</gpxtpx:hr><gpxtpx:cad>87</gpxtpx:cad></gpxtpx:TrackPointExtension></extensions>
      </trkpt>
      <trkpt lat="46.584864" lon="6.474785">
        <ele>885.7</ele>
        <time>2026-09-15T08:51:28.000Z</time>
        <extensions><power>297</power><gpxtpx:TrackPointExtension><gpxtpx:hr>157</gpxtpx:hr><gpxtpx:cad>87</gpxtpx:cad></gpxtpx:TrackPointExtension></extensions>
      </trkpt>
      <trkpt lat="46.584786" lon="6.474517">
        <ele>885.8</ele>
        <time>2026-09-15T08:51:32.000Z</time>
        <extensions><power>296</power><gpxtpx:TrackPointExtension><gpxtpx:hr>157</gpxtpx:hr><gpxtpx:cad>87</gpxtpx:cad></gpxtpx:TrackPointExtension></extensions>
      </trkpt>
      <trkpt lat="46.584704" lon="6.474249">
        <ele>885.9</ele>
        <time>2026-09-15T08:51:36.000Z</time>
        <extensions><power>296</power><gpxtpx:TrackPointExtension><gpxtpx:hr>157</gpxtpx:hr><gpxtpx:cad>87</gpxtpx:cad></gpxtpx:TrackPointExtension></extensions>
      </trkpt>
      <trkpt lat="46.584620" lon="6.473982">
        <ele>886.1</ele>
        <time>2026-09-15T08:51:40.000Z</time>
        <extensions><power>295</power><gpxtpx:TrackPointExtension><gpxtpx:hr>157</gpxtpx:hr><gpxtpx:cad>87</gpxtpx:cad></gpxtpx:TrackPointExtension></extensions>
      </trkpt>
      <trkpt lat="46.584531" lon="6.473718">
        <ele>886.2</ele>
        <time>2026-09-15T08:51:44.000Z</time>
        <extensions><power>294</power><gpxtpx:TrackPointExtension><gpxtpx:hr>156</gpxtpx:hr><gpxtpx:cad>87</gpxtpx:cad></gpxtpx:TrackPointExtension></extensions>
      </trkpt>
      <trkpt lat="46.584439" lon="6.473459">
        <ele>886.3</ele>
        <time>2026-09-15T08:51:48.000Z</time>
        <extensions><power>294</power><gpxtpx:TrackPointExtension><gpxtpx:hr>156</gpxtpx:hr><gpxtpx:cad>87</gpxtpx:cad></gpxtpx:TrackPointExtension></extensions>
      </trkpt>
      <trkpt lat="46.584343" lon="6.473207">
        <ele>886.4</ele>
        <time>2026-09-15T08:51:52.000Z</time>
        <extensions><power>293</power><gpxtpx:TrackPointExtension><gpxtpx:hr>156</gpxtpx:hr><gpxtpx:cad>87</gpxtpx:cad></gpxtpx:TrackPointExtension></extensions>
      </trkpt>
      <trkpt lat="46.584243" lon="6.472962">
        <ele>886.5</ele>
        <time>2026-09-15T08:51:56.000Z</time>
        <extensions><power>292</power><gpxtpx:TrackPointExtension><gpxtpx:hr>156</gpxtpx:hr><gpxtpx:cad>88</gpxtpx:cad></gpxtpx:TrackPointExtension></extensions>
      </trkpt>
      <trkpt lat="46.584138" lon="6.472727">
        <ele>886.6</ele>
        <time>2026-09-15T08:52:00.000Z</time>
        <extensions><power>291</power><gpxtpx:TrackPointExtension><gpxtpx:hr>156</gpxtpx:hr><gpxtpx:cad>88</gpxtpx:cad></gpxtpx:TrackPointExtension></extensions>
      </trkpt>
      <trkpt lat="46.584029" lon="6.472503">
        <ele>886.7</ele>
        <time>2026-09-15T08:52:04.000Z</time>
        <extensions><power>291</power><gpxtpx:TrackPointExtension><gpxtpx:hr>156</gpxtpx:hr><gpxtpx:cad>88</gpxtpx:cad></gpxtpx:TrackPointExtension></extensions>
      </trkpt>
      <trkpt lat="46.583915" lon="6.472292">
        <ele>886.8</ele>
        <time>2026-09-15T08:52:08.000Z</time>
        <extensions><power>290</power><gpxtpx:TrackPointExtension><gpxtpx:hr>156</gpxtpx:hr><gpxtpx:cad>88</gpxtpx:cad></gpxtpx:TrackPointExtension></extensions>
      </trkpt>
      <trkpt lat="46.583797" lon="6.472094">
        <ele>886.9</ele>
        <time>2026-09-15T08:52:12.000Z</time>
        <extensions><power>289</power><gpxtpx:TrackPointExtension><gpxtpx:hr>156</gpxtpx:hr><gpxtpx:cad>88</gpxtpx:cad></gpxtpx:TrackPointExtension></extensions>
      </trkpt>
      <trkpt lat="46.583675" lon="6.471910">
        <ele>887.0</ele>
        <time>2026-09-15T08:52:16.000Z</time>
        <extensions><power>288</power><gpxtpx:TrackPointExtension><gpxtpx:hr>156</gpxtpx:hr><gpxtpx:cad>88</gpxtpx:cad></gpxtpx:TrackPointExtension></extensions>
      </trkpt>
      <trkpt lat="46.583549" lon="6.471741">
        <ele>887.1</ele>
        <time>2026-09-15T08:52:20.000Z</time>
        <extensions><power>288</power><gpxtpx:TrackPointExtension><gpxtpx:hr>156</gpxtpx:hr><gpxtpx:cad>88</gpxtpx:cad></gpxtpx:TrackPointExtension></extensions>
      </trkpt>
      <trkpt lat="46.583419" lon="6.471588">
        <ele>887.2</ele>
        <time>2026-09-15T08:52:24.000Z</time>
        <extensions><power>287</power><gpxtpx:TrackPointExtension><gpxtpx:hr>156</gpxtpx:hr><gpxtpx:cad>88</gpxtpx:cad></gpxtpx:TrackPointExtension></extensions>
      </trkpt>
      <trkpt lat="46.583286" lon="6.471451">
        <ele>887.3</ele>
        <time>2026-09-15T08:52:28.000Z</time>
        <extensions><power>286</power><gpxtpx:TrackPointExtension><gpxtpx:hr>156</gpxtpx:hr><gpxtpx:cad>88</gpxtpx:cad></gpxtpx:TrackPointExtension></extensions>
      </trkpt>
      <trkpt lat="46.583149" lon="6.471331">
        <ele>887.4</ele>
        <time>2026-09-15T08:52:32.000Z</time>
        <extensions><power>285</power><gpxtpx:TrackPointExtension><gpxtpx:hr>156</gpxtpx:hr><gpxtpx:cad>88</gpxtpx:cad></gpxtpx:TrackPointExtension></extensions>
      </trkpt>
      <trkpt lat="46.583009" lon="6.471227">
        <ele>887.4</ele>
        <time>2026-09-15T08:52:36.000Z</time>
        <extensions><power>284</power><gpxtpx:TrackPointExtension><gpxtpx:hr>156</gpxtpx:hr><gpxtpx:cad>88</gpxtpx:cad></gpxtpx:TrackPointExtension></extensions>
      </trkpt>
      <trkpt lat="46.582866" lon="6.471139">
        <ele>887.5</ele>
        <time>2026-09-15T08:52:40.000Z</time>
        <extensions><power>284</power><gpxtpx:TrackPointExtension><gpxtpx:hr>156</gpxtpx:hr><gpxtpx:cad>88</gpxtpx:cad></gpxtpx:TrackPointExtension></extensions>
      </trkpt>
      <trkpt lat="46.582721" lon="6.471067">
        <ele>887.6</ele>
        <time>2026-09-15T08:52:44.000Z</time>
        <extensions><power>283</power><gpxtpx:TrackPointExtension><gpxtpx:hr>156</gpxtpx:hr><gpxtpx:cad>89</gpxtpx:cad></gpxtpx:TrackPointExtension></extensions>
      </trkpt>
      <trkpt lat="46.582574" lon="6.471011">
        <ele>887.6</ele>
        <time>2026-09-15T08:52:48.000Z</time>
        <extensions><power>282</power><gpxtpx:TrackPointExtension><gpxtpx:hr>156</gpxtpx:hr><gpxtpx:cad>89</gpxtpx:cad></gpxtpx:TrackPointExtension></extensions>
      </trkpt>
      <trkpt lat="46.582425" lon="6.470970">
        <ele>887.7</ele>
        <time>2026-09-15T08:52:52.000Z</time>
        <extensions><power>281</power><gpxtpx:TrackPointExtension><gpxtpx:hr>156</gpxtpx:hr><gpxtpx:cad>89</gpxtpx:cad></gpxtpx:TrackPointExtension></extensions>
      </trkpt>
      <trkpt lat="46.582274" lon="6.470942">
        <ele>887.8</ele>
        <time>2026-09-15T08:52:56.000Z</time>
        <extensions><power>280</power><gpxtpx:TrackPointExtension><gpxtpx:hr>155</gpxtpx:hr><gpxtpx:cad>89</gpxtpx:cad></gpxtpx:TrackPointExtension></extensions>
      </trkpt>
      <trkpt lat="46.582123" lon="6.470927">
        <ele>887.8</ele>
        <time>2026-09-15T08:53:00.000Z</time>
        <extensions><power>279</power><gpxtpx:TrackPointExtension><gpxtpx:hr>155</gpxtpx:hr><gpxtpx:cad>89</gpxtpx:cad></gpxtpx:TrackPointExtension></extensions>
      </trkpt>
      <trkpt lat="46.581971" lon="6.470923">
        <ele>887.9</ele>
        <time>2026-09-15T08:53:04.000Z</time>
        <extensions><power>278</power><gpxtpx:TrackPointExtension><gpxtpx:hr>155</gpxtpx:hr><gpxtpx:cad>89</gpxtpx:cad></gpxtpx:TrackPointExtension></extensions>
      </trkpt>
      <trkpt lat="46.581818" lon="6.470930">
        <ele>887.9</ele>
        <time>2026-09-15T08:53:08.000Z</time>
        <extensions><power>278</power><gpxtpx:TrackPointExtension><gpxtpx:hr>155</gpxtpx:hr><gpxtpx:cad>89</gpxtpx:cad></gpxtpx:TrackPointExtension></extensions>
      </trkpt>
      <trkpt lat="46.581665" lon="6.470946">
        <ele>888.0</ele>
        <time>2026-09-15T08:53:12.000Z</time>
        <extensions><power>277</power><gpxtpx:TrackPointExtension><gpxtpx:hr>155</gpxtpx:hr><gpxtpx:cad>89</gpxtpx:cad></gpxtpx:TrackPointExtension></extensions>
      </trkpt>
      <trkpt lat="46.581512" lon="6.470970">
        <ele>888.0</ele>
        <time>2026-09-15T08:53:16.000Z</time>
        <extensions><power>276</power><gpxtpx:TrackPointExtension><gpxtpx:hr>155</gpxtpx:hr><gpxtpx:cad>89</gpxtpx:cad></gpxtpx:TrackPointExtension></extensions>
      </trkpt>
      <trkpt lat="46.581359" lon="6.471000">
        <ele>888.1</ele>
        <time>2026-09-15T08:53:20.000Z</time>
        <extensions><power>275</power><gpxtpx:TrackPointExtension><gpxtpx:hr>155</gpxtpx:hr><gpxtpx:cad>89</gpxtpx:cad></gpxtpx:TrackPointExtension></extensions>
      </trkpt>
      <trkpt lat="46.581207" lon="6.471035">
        <ele>888.1</ele>
        <time>2026-09-15T08:53:24.000Z</time>
        <extensions><power>274</power><gpxtpx:TrackPointExtension><gpxtpx:hr>155</gpxtpx:hr><gpxtpx:cad>89</gpxtpx:cad></gpxtpx:TrackPointExtension></extensions>
      </trkpt>
      <trkpt lat="46.581055" lon="6.471074">
        <ele>888.2</ele>
        <time>2026-09-15T08:53:28.000Z</time>
        <extensions><power>273</power><gpxtpx:TrackPointExtension><gpxtpx:hr>155</gpxtpx:hr><gpxtpx:cad>90</gpxtpx:cad></gpxtpx:TrackPointExtension></extensions>
      </trkpt>
      <trkpt lat="46.580903" lon="6.471115">
        <ele>888.2</ele>
        <time>2026-09-15T08:53:32.000Z</time>
        <extensions><power>272</power><gpxtpx:TrackPointExtension><gpxtpx:hr>155</gpxtpx:hr><gpxtpx:cad>90</gpxtpx:cad></gpxtpx:TrackPointExtension></extensions>
      </trkpt>
      <trkpt lat="46.580752" lon="6.471156">
        <ele>888.2</ele>
        <time>2026-09-15T08:53:36.000Z</time>
        <extensions><power>271</power><gpxtpx:TrackPointExtension><gpxtpx:hr>155</gpxtpx:hr><gpxtpx:cad>90</gpxtpx:cad></gpxtpx:TrackPointExtension></extensions>
      </trkpt>
      <trkpt lat="46.580602" lon="6.471197">
        <ele>888.3</ele>
        <time>2026-09-15T08:53:40.000Z</time>
        <extensions><power>270</power><gpxtpx:TrackPointExtension><gpxtpx:hr>155</gpxtpx:hr><gpxtpx:cad>90</gpxtpx:cad></gpxtpx:TrackPointExtension></extensions>
      </trkpt>
      <trkpt lat="46.580452" lon="6.471236">
        <ele>888.3</ele>
        <time>2026-09-15T08:53:44.000Z</time>
        <extensions><power>269</power><gpxtpx:TrackPointExtension><gpxtpx:hr>155</gpxtpx:hr><gpxtpx:cad>90</gpxtpx:cad></gpxtpx:TrackPointExtension></extensions>
      </trkpt>
      <trkpt lat="46.580303" lon="6.471273">
        <ele>888.3</ele>
        <time>2026-09-15T08:53:48.000Z</time>
        <extensions><power>268</power><gpxtpx:TrackPointExtension><gpxtpx:hr>155</gpxtpx:hr><gpxtpx:cad>90</gpxtpx:cad></gpxtpx:TrackPointExtension></extensions>
      </trkpt>
      <trkpt lat="46.580154" lon="6.471307">
        <ele>888.3</ele>
        <time>2026-09-15T08:53:52.000Z</time>
        <extensions><power>267</power><gpxtpx:TrackPointExtension><gpxtpx:hr>155</gpxtpx:hr><gpxtpx:cad>90</gpxtpx:cad></gpxtpx:TrackPointExtension></extensions>
      </trkpt>
      <trkpt lat="46.580005" lon="6.471336">
        <ele>888.3</ele>
        <time>2026-09-15T08:53:56.000Z</time>
        <extensions><power>266</power><gpxtpx:TrackPointExtension><gpxtpx:hr>155</gpxtpx:hr><gpxtpx:cad>90</gpxtpx:cad></gpxtpx:TrackPointExtension></extensions>
      </trkpt>
      <trkpt lat="46.579857" lon="6.471361">
        <ele>888.4</ele>
        <time>2026-09-15T08:54:00.000Z</time>
        <extensions><power>265</power><gpxtpx:TrackPointExtension><gpxtpx:hr>155</gpxtpx:hr><gpxtpx:cad>69</gpxtpx:cad></gpxtpx:TrackPointExtension></extensions>
      </trkpt>
      <trkpt lat="46.579709" lon="6.471380">
        <ele>888.4</ele>
        <time>2026-09-15T08:54:04.000Z</time>
        <extensions><power>264</power><gpxtpx:TrackPointExtension><gpxtpx:hr>155</gpxtpx:hr><gpxtpx:cad>69</gpxtpx:cad></gpxtpx:TrackPointExtension></extensions>
      </trkpt>
      <trkpt lat="46.579561" lon="6.471395">
        <ele>888.4</ele>
        <time>2026-09-15T08:54:08.000Z</time>
        <extensions><power>263</power><gpxtpx:TrackPointExtension><gpxtpx:hr>154</gpxtpx:hr><gpxtpx:cad>69</gpxtpx:cad></gpxtpx:TrackPointExtension></extensions>
      </trkpt>
      <trkpt lat="46.579413" lon="6.471404">
        <ele>888.4</ele>
        <time>2026-09-15T08:54:12.000Z</time>
        <extensions><power>262</power><gpxtpx:TrackPointExtension><gpxtpx:hr>154</gpxtpx:hr><gpxtpx:cad>69</gpxtpx:cad></gpxtpx:TrackPointExtension></extensions>
      </trkpt>
      <trkpt lat="46.579264" lon="6.471408">
        <ele>888.4</ele>
        <time>2026-09-15T08:54:16.000Z</time>
        <extensions><power>261</power><gpxtpx:TrackPointExtension><gpxtpx:hr>154</gpxtpx:hr><gpxtpx:cad>69</gpxtpx:cad></gpxtpx:TrackPointExtension></extensions>
      </trkpt>
      <trkpt lat="46.579116" lon="6.471407">
        <ele>888.4</ele>
        <time>2026-09-15T08:54:20.000Z</time>
        <extensions><power>260</power><gpxtpx:TrackPointExtension><gpxtpx:hr>154</gpxtpx:hr><gpxtpx:cad>69</gpxtpx:cad></gpxtpx:TrackPointExtension></extensions>
      </trkpt>
      <trkpt lat="46.578967" lon="6.471401">
        <ele>888.4</ele>
        <time>2026-09-15T08:54:24.000Z</time>
        <extensions><power>259</power><gpxtpx:TrackPointExtension><gpxtpx:hr>154</gpxtpx:hr><gpxtpx:cad>69</gpxtpx:cad></gpxtpx:TrackPointExtension></extensions>
      </trkpt>
      <trkpt lat="46.578817" lon="6.471392">
        <ele>888.4</ele>
        <time>2026-09-15T08:54:28.000Z</time>
        <extensions><power>258</power><gpxtpx:TrackPointExtension><gpxtpx:hr>154</gpxtpx:hr><gpxtpx:cad>69</gpxtpx:cad></gpxtpx:TrackPointExtension></extensions>
      </trkpt>
      <trkpt lat="46.578667" lon="6.471380">
        <ele>888.4</ele>
        <time>2026-09-15T08:54:32.000Z</time>
        <extensions><power>257</power><gpxtpx:TrackPointExtension><gpxtpx:hr>154</gpxtpx:hr><gpxtpx:cad>69</gpxtpx:cad></gpxtpx:TrackPointExtension></extensions>
      </trkpt>
      <trkpt lat="46.578517" lon="6.471366">
        <ele>888.3</ele>
        <time>2026-09-15T08:54:36.000Z</time>
        <extensions><power>256</power><gpxtpx:TrackPointExtension><gpxtpx:hr>154</gpxtpx:hr><gpxtpx:cad>69</gpxtpx:cad></gpxtpx:TrackPointExtension></extensions>
      </trkpt>
      <trkpt lat="46.578366" lon="6.471350">
        <ele>888.3</ele>
        <time>2026-09-15T08:54:40.000Z</time>
        <extensions><power>255</power><gpxtpx:TrackPointExtension><gpxtpx:hr>154</gpxtpx:hr><gpxtpx:cad>69</gpxtpx:cad></gpxtpx:TrackPointExtension></extensions>
      </trkpt>
      <trkpt lat="46.578215" lon="6.471335">
        <ele>888.3</ele>
        <time>2026-09-15T08:54:44.000Z</time>
        <extensions><power>254</power><gpxtpx:TrackPointExtension><gpxtpx:hr>154</gpxtpx:hr><gpxtpx:cad>69</gpxtpx:cad></gpxtpx:TrackPointExtension></extensions>
      </trkpt>
      <trkpt lat="46.578064" lon="6.471320">
        <ele>888.3</ele>
        <time>2026-09-15T08:54:48.000Z</time>
        <extensions><power>253</power><gpxtpx:TrackPointExtension><gpxtpx:hr>154</gpxtpx:hr><gpxtpx:cad>69</gpxtpx:cad></gpxtpx:TrackPointExtension></extensions>
      </trkpt>
      <trkpt lat="46.577912" lon="6.471308">
        <ele>888.3</ele>
        <time>2026-09-15T08:54:52.000Z</time>
        <extensions><power>252</power><gpxtpx:TrackPointExtension><gpxtpx:hr>154</gpxtpx:hr><gpxtpx:cad>69</gpxtpx:cad></gpxtpx:TrackPointExtension></extensions>
      </trkpt>
      <trkpt lat="46.577761" lon="6.471299">
        <ele>888.2</ele>
        <time>2026-09-15T08:54:56.000Z</time>
        <extensions><power>251</power><gpxtpx:TrackPointExtension><gpxtpx:hr>154</gpxtpx:hr><gpxtpx:cad>69</gpxtpx:cad></gpxtpx:TrackPointExtension></extensions>
      </trkpt>
      <trkpt lat="46.577609" lon="6.471294">
        <ele>888.2</ele>
        <time>2026-09-15T08:55:00.000Z</time>
        <extensions><power>250</power><gpxtpx:TrackPointExtension><gpxtpx:hr>154</gpxtpx:hr><gpxtpx:cad>69</gpxtpx:cad></gpxtpx:TrackPointExtension></extensions>
      </trkpt>
      <trkpt lat="46.577458" lon="6.471295">
        <ele>888.2</ele>
        <time>2026-09-15T08:55:04.000Z</time>
        <extensions><power>249</power><gpxtpx:TrackPointExtension><gpxtpx:hr>154</gpxtpx:hr><gpxtpx:cad>69</gpxtpx:cad></gpxtpx:TrackPointExtension></extensions>
      </trkpt>
      <trkpt lat="46.577308" lon="6.471303">
        <ele>888.1</ele>
        <time>2026-09-15T08:55:08.000Z</time>
        <extensions><power>248</power><gpxtpx:TrackPointExtension><gpxtpx:hr>154</gpxtpx:hr><gpxtpx:cad>69</gpxtpx:cad></gpxtpx:TrackPointExtension></extensions>
      </trkpt>
      <trkpt lat="46.577159" lon="6.471318">
        <ele>888.1</ele>
        <time>2026-09-15T08:55:12.000Z</time>
        <extensions><power>247</power><gpxtpx:TrackPointExtension><gpxtpx:hr>153</gpxtpx:hr><gpxtpx:cad>69</gpxtpx:cad></gpxtpx:TrackPointExtension></extensions>
      </trkpt>
      <trkpt lat="46.577010" lon="6.471341">
        <ele>888.0</ele>
        <time>2026-09-15T08:55:16.000Z</time>
        <extensions><power>245</power><gpxtpx:TrackPointExtension><gpxtpx:hr>153</gpxtpx:hr><gpxtpx:cad>69</gpxtpx:cad></gpxtpx:TrackPointExtension></extensions>
      </trkpt>
      <trkpt lat="46.576863" lon="6.471374">
        <ele>888.0</ele>
        <time>2026-09-15T08:55:20.000Z</time>
        <extensions><power>244</power><gpxtpx:TrackPointExtension><gpxtpx:hr>153</gpxtpx:hr><gpxtpx:cad>68</gpxtpx:cad></gpxtpx:TrackPointExtension></extensions>
      </trkpt>
      <trkpt lat="46.576718" lon="6.471417">
        <ele>887.9</ele>
        <time>2026-09-15T08:55:24.000Z</time>
        <extensions><power>243</power><gpxtpx:TrackPointExtension><gpxtpx:hr>153</gpxtpx:hr><gpxtpx:cad>68</gpxtpx:cad></gpxtpx:TrackPointExtension></extensions>
      </trkpt>
      <trkpt lat="46.576575" lon="6.471471">
        <ele>887.9</ele>
        <time>2026-09-15T08:55:28.000Z</time>
        <extensions><power>242</power><gpxtpx:TrackPointExtension><gpxtpx:hr>153</gpxtpx:hr><gpxtpx:cad>68</gpxtpx:cad></gpxtpx:TrackPointExtension></extensions>
      </trkpt>
      <trkpt lat="46.576434" lon="6.471535">
        <ele>887.8</ele>
        <time>2026-09-15T08:55:32.000Z</time>
        <extensions><power>241</power><gpxtpx:TrackPointExtension><gpxtpx:hr>153</gpxtpx:hr><gpxtpx:cad>68</gpxtpx:cad></gpxtpx:TrackPointExtension></extensions>
      </trkpt>
      <trkpt lat="46.576295" lon="6.471610">
        <ele>887.8</ele>
        <time>2026-09-15T08:55:36.000Z</time>
        <extensions><power>240</power><gpxtpx:TrackPointExtension><gpxtpx:hr>153</gpxtpx:hr><gpxtpx:cad>68</gpxtpx:cad></gpxtpx:TrackPointExtension></extensions>
      </trkpt>
      <trkpt lat="46.576158" lon="6.471696">
        <ele>887.7</ele>
        <time>2026-09-15T08:55:40.000Z</time>
        <extensions><power>239</power><gpxtpx:TrackPointExtension><gpxtpx:hr>153</gpxtpx:hr><gpxtpx:cad>68</gpxtpx:cad></gpxtpx:TrackPointExtension></extensions>
      </trkpt>
      <trkpt lat="46.576025" lon="6.471793">
        <ele>887.6</ele>
        <time>2026-09-15T08:55:44.000Z</time>
        <extensions><power>238</power><gpxtpx:TrackPointExtension><gpxtpx:hr>153</gpxtpx:hr><gpxtpx:cad>68</gpxtpx:cad></gpxtpx:TrackPointExtension></extensions>
      </trkpt>
      <trkpt lat="46.575894" lon="6.471900">
        <ele>887.6</ele>
        <time>2026-09-15T08:55:48.000Z</time>
        <extensions><power>236</power><gpxtpx:TrackPointExtension><gpxtpx:hr>153</gpxtpx:hr><gpxtpx:cad>68</gpxtpx:cad></gpxtpx:TrackPointExtension></extensions>
      </trkpt>
      <trkpt lat="46.575767" lon="6.472017">
        <ele>887.5</ele>
        <time>2026-09-15T08:55:52.000Z</time>
        <extensions><power>235</power><gpxtpx:TrackPointExtension><gpxtpx:hr>153</gpxtpx:hr><gpxtpx:cad>68</gpxtpx:cad></gpxtpx:TrackPointExtension></extensions>
      </trkpt>
      <trkpt lat="46.575642" lon="6.472143">
        <ele>887.4</ele>
        <time>2026-09-15T08:55:56.000Z</time>
        <extensions><power>234</power><gpxtpx:TrackPointExtension><gpxtpx:hr>153</gpxtpx:hr><gpxtpx:cad>68</gpxtpx:cad></gpxtpx:TrackPointExtension></extensions>
      </trkpt>
      <trkpt lat="46.575520" lon="6.472277">
        <ele>887.3</ele>
        <time>2026-09-15T08:56:00.000Z</time>
        <extensions><power>233</power><gpxtpx:TrackPointExtension><gpxtpx:hr>153</gpxtpx:hr><gpxtpx:cad>68</gpxtpx:cad></gpxtpx:TrackPointExtension></extensions>
      </trkpt>
      <trkpt lat="46.575401" lon="6.472419">
        <ele>887.3</ele>
        <time>2026-09-15T08:56:04.000Z</time>
        <extensions><power>232</power><gpxtpx:TrackPointExtension><gpxtpx:hr>153</gpxtpx:hr><gpxtpx:cad>68</gpxtpx:cad></gpxtpx:TrackPointExtension></extensions>
      </trkpt>
      <trkpt lat="46.575285" lon="6.472567">
        <ele>887.2</ele>
        <time>2026-09-15T08:56:08.000Z</time>
        <extensions><power>231</power><gpxtpx:TrackPointExtension><gpxtpx:hr>153</gpxtpx:hr><gpxtpx:cad>68</gpxtpx:cad></gpxtpx:TrackPointExtension></extensions>
      </trkpt>
      <trkpt lat="46.575172" lon="6.472720">
        <ele>887.1</ele>
        <time>2026-09-15T08:56:12.000Z</time>
        <extensions><power>229</power><gpxtpx:TrackPointExtension><gpxtpx:hr>153</gpxtpx:hr><gpxtpx:cad>68</gpxtpx:cad></gpxtpx:TrackPointExtension></extensions>
      </trkpt>
      <trkpt lat="46.575060" lon="6.472877">
        <ele>887.0</ele>
        <time>2026-09-15T08:56:16.000Z</time>
        <extensions><power>228</power><gpxtpx:TrackPointExtension><gpxtpx:hr>152</gpxtpx:hr><gpxtpx:cad>68</gpxtpx:cad></gpxtpx:TrackPointExtension></extensions>
      </trkpt>
      <trkpt lat="46.574951" lon="6.473036">
        <ele>886.9</ele>
        <time>2026-09-15T08:56:20.000Z</time>
        <extensions><power>227</power><gpxtpx:TrackPointExtension><gpxtpx:hr>152</gpxtpx:hr><gpxtpx:cad>68</gpxtpx:cad></gpxtpx:TrackPointExtension></extensions>
      </trkpt>
      <trkpt lat="46.574844" lon="6.473195">
        <ele>886.8</ele>
        <time>2026-09-15T08:56:24.000Z</time>
        <extensions><power>226</power><gpxtpx:TrackPointExtension><gpxtpx:hr>152</gpxtpx:hr><gpxtpx:cad>68</gpxtpx:cad></gpxtpx:TrackPointExtension></extensions>
      </trkpt>
      <trkpt lat="46.574738" lon="6.473354">
        <ele>886.7</ele>
        <time>2026-09-15T08:56:28.000Z</time>
        <extensions><power>225</power><gpxtpx:TrackPointExtension><gpxtpx:hr>152</gpxtpx:hr><gpxtpx:cad>68</gpxtpx:cad></gpxtpx:TrackPointExtension></extensions>
      </trkpt>
      <trkpt lat="46.574633" lon="6.473511">
        <ele>886.6</ele>
        <time>2026-09-15T08:56:32.000Z</time>
        <extensions><power>224</power><gpxtpx:TrackPointExtension><gpxtpx:hr>152</gpxtpx:hr><gpxtpx:cad>68</gpxtpx:cad></gpxtpx:TrackPointExtension></extensions>
      </trkpt>
      <trkpt lat="46.574529" lon="6.473664">
        <ele>886.5</ele>
        <time>2026-09-15T08:56:36.000Z</time>
        <extensions><power>222</power><gpxtpx:TrackPointExtension><gpxtpx:hr>152</gpxtpx:hr><gpxtpx:cad>68</gpxtpx:cad></gpxtpx:TrackPointExtension></extensions>
      </trkpt>
      <trkpt lat="46.574424" lon="6.473813">
        <ele>886.4</ele>
        <time>2026-09-15T08:56:40.000Z</time>
        <extensions><power>221</power><gpxtpx:TrackPointExtension><gpxtpx:hr>152</gpxtpx:hr><gpxtpx:cad>68</gpxtpx:cad></gpxtpx:TrackPointExtension></extensions>
      </trkpt>
      <trkpt lat="46.574320" lon="6.473954">
        <ele>886.3</ele>
        <time>2026-09-15T08:56:44.000Z</time>
        <extensions><power>220</power><gpxtpx:TrackPointExtension><gpxtpx:hr>152</gpxtpx:hr><gpxtpx:cad>68</gpxtpx:cad></gpxtpx:TrackPointExtension></extensions>
      </trkpt>
      <trkpt lat="46.574214" lon="6.474089">
        <ele>886.2</ele>
        <time>2026-09-15T08:56:48.000Z</time>
        <extensions><power>219</power><gpxtpx:TrackPointExtension><gpxtpx:hr>152</gpxtpx:hr><gpxtpx:cad>68</gpxtpx:cad></gpxtpx:TrackPointExtension></extensions>
      </trkpt>
      <trkpt lat="46.574107" lon="6.474214">
        <ele>886.0</ele>
        <time>2026-09-15T08:56:52.000Z</time>
        <extensions><power>218</power><gpxtpx:TrackPointExtension><gpxtpx:hr>152</gpxtpx:hr><gpxtpx:cad>68</gpxtpx:cad></gpxtpx:TrackPointExtension></extensions>
      </trkpt>
      <trkpt lat="46.573998" lon="6.474330">
        <ele>885.9</ele>
        <time>2026-09-15T08:56:56.000Z</time>
        <extensions><power>216</power><gpxtpx:TrackPointExtension><gpxtpx:hr>152</gpxtpx:hr><gpxtpx:cad>68</gpxtpx:cad></gpxtpx:TrackPointExtension></extensions>
      </trkpt>
      <trkpt lat="46.573886" lon="6.474435">
        <ele>885.8</ele>
        <time>2026-09-15T08:57:00.000Z</time>
        <extensions><power>215</power><gpxtpx:TrackPointExtension><gpxtpx:hr>152</gpxtpx:hr><gpxtpx:cad>68</gpxtpx:cad></gpxtpx:TrackPointExtension></extensions>
      </trkpt>
      <trkpt lat="46.573772" lon="6.474528">
        <ele>885.7</ele>
        <time>2026-09-15T08:57:04.000Z</time>
        <extensions><power>214</power><gpxtpx:TrackPointExtension><gpxtpx:hr>152</gpxtpx:hr><gpxtpx:cad>68</gpxtpx:cad></gpxtpx:TrackPointExtension></extensions>
      </trkpt>
      <trkpt lat="46.573654" lon="6.474610">
        <ele>885.5</ele>
        <time>2026-09-15T08:57:08.000Z</time>
        <extensions><power>213</power><gpxtpx:TrackPointExtension><gpxtpx:hr>152</gpxtpx:hr><gpxtpx:cad>68</gpxtpx:cad></gpxtpx:TrackPointExtension></extensions>
      </trkpt>
      <trkpt lat="46.573533" lon="6.474680">
        <ele>885.4</ele>
        <time>2026-09-15T08:57:12.000Z</time>
        <extensions><power>211</power><gpxtpx:TrackPointExtension><gpxtpx:hr>152</gpxtpx:hr><gpxtpx:cad>68</gpxtpx:cad></gpxtpx:TrackPointExtension></extensions>
      </trkpt>
      <trkpt lat="46.573408" lon="6.474737">
        <ele>885.3</ele>
        <time>2026-09-15T08:57:16.000Z</time>
        <extensions><power>210</power><gpxtpx:TrackPointExtension><gpxtpx:hr>152</gpxtpx:hr><gpxtpx:cad>68</gpxtpx:cad></gpxtpx:TrackPointExtension></extensions>
      </trkpt>
      <trkpt lat="46.573279" lon="6.474781">
        <ele>885.1</ele>
        <time>2026-09-15T08:57:20.000Z</time>
        <extensions><power>209</power><gpxtpx:TrackPointExtension><gpxtpx:hr>151</gpxtpx:hr><gpxtpx:cad>68</gpxtpx:cad></gpxtpx:TrackPointExtension></extensions>
      </trkpt>
      <trkpt lat="46.573145" lon="6.474814">
        <ele>885.0</ele>
        <time>2026-09-15T08:57:24.000Z</time>
        <extensions><power>208</power><gpxtpx:TrackPointExtension><gpxtpx:hr>151</gpxtpx:hr><gpxtpx:cad>67</gpxtpx:cad></gpxtpx:TrackPointExtension></extensions>
      </trkpt>
      <trkpt lat="46.573007" lon="6.474834">
        <ele>884.8</ele>
        <time>2026-09-15T08:57:28.000Z</time>
        <extensions><power>206</power><gpxtpx:TrackPointExtension><gpxtpx:hr>151</gpxtpx:hr><gpxtpx:cad>67</gpxtpx:cad></gpxtpx:TrackPointExtension></extensions>
      </trkpt>
      <trkpt lat="46.572864" lon="6.474843">
        <ele>884.7</ele>
        <time>2026-09-15T08:57:32.000Z</time>
        <extensions><power>205</power><gpxtpx:TrackPointExtension><gpxtpx:hr>151</gpxtpx:hr><gpxtpx:cad>67</gpxtpx:cad></gpxtpx:TrackPointExtension></extensions>
      </trkpt>
      <trkpt lat="46.572717" lon="6.474842">
        <ele>884.5</ele>
        <time>2026-09-15T08:57:36.000Z</time>
        <extensions><power>204</power><gpxtpx:TrackPointExtension><gpxtpx:hr>151</gpxtpx:hr><gpxtpx:cad>67</gpxtpx:cad></gpxtpx:TrackPointExtension></extensions>
      </trkpt>
      <trkpt lat="46.572565" lon="6.474831">
        <ele>884.4</ele>
        <time>2026-09-15T08:57:40.000Z</time>
        <extensions><power>203</power><gpxtpx:TrackPointExtension><gpxtpx:hr>151</gpxtpx:hr><gpxtpx:cad>67</gpxtpx:cad></gpxtpx:TrackPointExtension></extensions>
      </trkpt>
      <trkpt lat="46.572410" lon="6.474812">
        <ele>884.2</ele>
        <time>2026-09-15T08:57:44.000Z</time>
        <extensions><power>201</power><gpxtpx:TrackPointExtension><gpxtpx:hr>151</gpxtpx:hr><gpxtpx:cad>67</gpxtpx:cad></gpxtpx:TrackPointExtension></extensions>
      </trkpt>
      <trkpt lat="46.572250" lon="6.474785">
        <ele>884.1</ele>
        <time>2026-09-15T08:57:48.000Z</time>
        <extensions><power>200</power><gpxtpx:TrackPointExtension><gpxtpx:hr>151</gpxtpx:hr><gpxtpx:cad>67</gpxtpx:cad></gpxtpx:TrackPointExtension></extensions>
      </trkpt>
      <trkpt lat="46.572087" lon="6.474751">
        <ele>883.9</ele>
        <time>2026-09-15T08:57:52.000Z</time>
        <extensions><power>199</power><gpxtpx:TrackPointExtension><gpxtpx:hr>151</gpxtpx:hr><gpxtpx:cad>67</gpxtpx:cad></gpxtpx:TrackPointExtension></extensions>
      </trkpt>
      <trkpt lat="46.571920" lon="6.474713">
        <ele>883.7</ele>
        <time>2026-09-15T08:57:56.000Z</time>
        <extensions><power>198</power><gpxtpx:TrackPointExtension><gpxtpx:hr>151</gpxtpx:hr><gpxtpx:cad>67</gpxtpx:cad></gpxtpx:TrackPointExtension></extensions>
      </trkpt>
      <trkpt lat="46.571751" lon="6.474672">
        <ele>883.6</ele>
        <time>2026-09-15T08:58:00.000Z</time>
        <extensions><power>196</power><gpxtpx:TrackPointExtension><gpxtpx:hr>151</gpxtpx:hr><gpxtpx:cad>67</gpxtpx:cad></gpxtpx:TrackPointExtension></extensions>
      </trkpt>
      <trkpt lat="46.571580" lon="6.474629">
        <ele>883.4</ele>
        <time>2026-09-15T08:58:04.000Z</time>
        <extensions><power>195</power><gpxtpx:TrackPointExtension><gpxtpx:hr>151</gpxtpx:hr><gpxtpx:cad>67</gpxtpx:cad></gpxtpx:TrackPointExtension></extensions>
      </trkpt>
      <trkpt lat="46.571406" lon="6.474585">
        <ele>883.2</ele>
        <time>2026-09-15T08:58:08.000Z</time>
        <extensions><power>194</power><gpxtpx:TrackPointExtension><gpxtpx:hr>151</gpxtpx:hr><gpxtpx:cad>67</gpxtpx:cad></gpxtpx:TrackPointExtension></extensions>
      </trkpt>
      <trkpt lat="46.571232" lon="6.474543">
        <ele>883.0</ele>
        <time>2026-09-15T08:58:12.000Z</time>
        <extensions><power>193</power><gpxtpx:TrackPointExtension><gpxtpx:hr>151</gpxtpx:hr><gpxtpx:cad>67</gpxtpx:cad></gpxtpx:TrackPointExtension></extensions>
      </trkpt>
      <trkpt lat="46.571058" lon="6.474503">
        <ele>882.9</ele>
        <time>2026-09-15T08:58:16.000Z</time>
        <extensions><power>191</power><gpxtpx:TrackPointExtension><gpxtpx:hr>151</gpxtpx:hr><gpxtpx:cad>67</gpxtpx:cad></gpxtpx:TrackPointExtension></extensions>
      </trkpt>
      <trkpt lat="46.570884" lon="6.474467">
        <ele>882.7</ele>
        <time>2026-09-15T08:58:20.000Z</time>
        <extensions><power>190</power><gpxtpx:TrackPointExtension><gpxtpx:hr>150</gpxtpx:hr><gpxtpx:cad>67</gpxtpx:cad></gpxtpx:TrackPointExtension></extensions>
      </trkpt>
      <trkpt lat="46.570711" lon="6.474436">
        <ele>882.5</ele>
        <time>2026-09-15T08:58:24.000Z</time>
        <extensions><power>189</power><gpxtpx:TrackPointExtension><gpxtpx:hr>150</gpxtpx:hr><gpxtpx:cad>67</gpxtpx:cad></gpxtpx:TrackPointExtension></extensions>
      </trkpt>
      <trkpt lat="46.570539" lon="6.474412">
        <ele>882.3</ele>
        <time>2026-09-15T08:58:28.000Z</time>
        <extensions><power>188</power><gpxtpx:TrackPointExtension><gpxtpx:hr>150</gpxtpx:hr><gpxtpx:cad>67</gpxtpx:cad></gpxtpx:TrackPointExtension></extensions>
      </trkpt>
      <trkpt lat="46.570370" lon="6.474395">
        <ele>882.1</ele>
        <time>2026-09-15T08:58:32.000Z</time>
        <extensions><power>186</power><gpxtpx:TrackPointExtension><gpxtpx:hr>150</gpxtpx:hr><gpxtpx:cad>67</gpxtpx:cad></gpxtpx:TrackPointExtension></extensions>
      </trkpt>
      <trkpt lat="46.570204" lon="6.474387">
        <ele>881.9</ele>
        <time>2026-09-15T08:58:36.000Z</time>
        <extensions><power>185</power><gpxtpx:TrackPointExtension><gpxtpx:hr>150</gpxtpx:hr><gpxtpx:cad>67</gpxtpx:cad></gpxtpx:TrackPointExtension></extensions>
      </trkpt>
      <trkpt lat="46.570041" lon="6.474389">
        <ele>881.7</ele>
        <time>2026-09-15T08:58:40.000Z</time>
        <extensions><power>184</power><gpxtpx:TrackPointExtension><gpxtpx:hr>150</gpxtpx:hr><gpxtpx:cad>67</gpxtpx:cad></gpxtpx:TrackPointExtension></extensions>
      </trkpt>
      <trkpt lat="46.569882" lon="6.474402">
        <ele>881.5</ele>
        <time>2026-09-15T08:58:44.000Z</time>
        <extensions><power>183</power><gpxtpx:TrackPointExtension><gpxtpx:hr>150</gpxtpx:hr><gpxtpx:cad>67</gpxtpx:cad></gpxtpx:TrackPointExtension></extensions>
      </trkpt>
      <trkpt lat="46.569728" lon="6.474425">
        <ele>881.3</ele>
        <time>2026-09-15T08:58:48.000Z</time>
        <extensions><power>181</power><gpxtpx:TrackPointExtension><gpxtpx:hr>150</gpxtpx:hr><gpxtpx:cad>67</gpxtpx:cad></gpxtpx:TrackPointExtension></extensions>
      </trkpt>
      <trkpt lat="46.569578" lon="6.474460">
        <ele>881.1</ele>
        <time>2026-09-15T08:58:52.000Z</time>
        <extensions><power>180</power><gpxtpx:TrackPointExtension><gpxtpx:hr>150</gpxtpx:hr><gpxtpx:cad>67</gpxtpx:cad></gpxtpx:TrackPointExtension></extensions>
      </trkpt>
      <trkpt lat="46.569434" lon="6.474506">
        <ele>880.9</ele>
        <time>2026-09-15T08:58:56.000Z</time>
        <extensions><power>179</power><gpxtpx:TrackPointExtension><gpxtpx:hr>150</gpxtpx:hr><gpxtpx:cad>67</gpxtpx:cad></gpxtpx:TrackPointExtension></extensions>
      </trkpt>
      <trkpt lat="46.569296" lon="6.474564">
        <ele>880.7</ele>
        <time>2026-09-15T08:59:00.000Z</time>
        <extensions><power>177</power><gpxtpx:TrackPointExtension><gpxtpx:hr>150</gpxtpx:hr><gpxtpx:cad>0</gpxtpx:cad></gpxtpx:TrackPointExtension></extensions>
      </trkpt>
      <trkpt lat="46.569163" lon="6.474634">
        <ele>880.5</ele>
        <time>2026-09-15T08:59:04.000Z</time>
        <extensions><power>176</power><gpxtpx:TrackPointExtension><gpxtpx:hr>150</gpxtpx:hr><gpxtpx:cad>0</gpxtpx:cad></gpxtpx:TrackPointExtension></extensions>
      </trkpt>
      <trkpt lat="46.569036" lon="6.474715">
        <ele>880.2</ele>
        <time>2026-09-15T08:59:08.000Z</time>
        <extensions><power>175</power><gpxtpx:TrackPointExtension><gpxtpx:hr>150</gpxtpx:hr><gpxtpx:cad>0</gpxtpx:cad></gpxtpx:TrackPointExtension></extensions>
      </trkpt>
      <trkpt lat="46.568915" lon="6.474807">
        <ele>880.0</ele>
        <time>2026-09-15T08:59:12.000Z</time>
        <extensions><power>174</power><gpxtpx:TrackPointExtension><gpxtpx:hr>150</gpxtpx:hr><gpxtpx:cad>0</gpxtpx:cad></gpxtpx:TrackPointExtension></extensions>
      </trkpt>
      <trkpt lat="46.568800" lon="6.474909">
        <ele>879.8</ele>
        <time>2026-09-15T08:59:16.000Z</time>
        <extensions><power>172</power><gpxtpx:TrackPointExtension><gpxtpx:hr>149</gpxtpx:hr><gpxtpx:cad>0</gpxtpx:cad></gpxtpx:TrackPointExtension></extensions>
      </trkpt>
      <trkpt lat="46.568691" lon="6.475021">
        <ele>879.6</ele>
        <time>2026-09-15T08:59:20.000Z</time>
        <extensions><power>171</power><gpxtpx:TrackPointExtension><gpxtpx:hr>149</gpxtpx:hr><gpxtpx:cad>0</gpxtpx:cad></gpxtpx:TrackPointExtension></extensions>
      </trkpt>
      <trkpt lat="46.568586" lon="6.475142">
        <ele>879.3</ele>
        <time>2026-09-15T08:59:24.000Z</time>
        <extensions><power>170</power><gpxtpx:TrackPointExtension><gpxtpx:hr>149</gpxtpx:hr><gpxtpx:cad>0</gpxtpx:cad></gpxtpx:TrackPointExtension></extensions>
      </trkpt>
      <trkpt lat="46.568487" lon="6.475272">
        <ele>879.1</ele>
        <time>2026-09-15T08:59:28.000Z</time>
        <extensions><power>169</power><gpxtpx:TrackPointExtension><gpxtpx:hr>149</gpxtpx:hr><gpxtpx:cad>0</gpxtpx:cad></gpxtpx:TrackPointExtension></extensions>
      </trkpt>
      <trkpt lat="46.568393" lon="6.475408">
        <ele>878.9</ele>
        <time>2026-09-15T08:59:32.000Z</time>
        <extensions><power>167</power><gpxtpx:TrackPointExtension><gpxtpx:hr>149</gpxtpx:hr><gpxtpx:cad>0</gpxtpx:cad></gpxtpx:TrackPointExtension></extensions>
      </trkpt>
      <trkpt lat="46.568303" lon="6.475550">
        <ele>878.6</ele>
        <time>2026-09-15T08:59:36.000Z</time>
        <extensions><power>166</power><gpxtpx:TrackPointExtension><gpxtpx:hr>149</gpxtpx:hr><gpxtpx:cad>0</gpxtpx:cad></gpxtpx:TrackPointExtension></extensions>
      </trkpt>
      <trkpt lat="46.568216" lon="6.475698">
        <ele>878.4</ele>
        <time>2026-09-15T08:59:40.000Z</time>
        <extensions><power>165</power><gpxtpx:TrackPointExtension><gpxtpx:hr>149</gpxtpx:hr><gpxtpx:cad>0</gpxtpx:cad></gpxtpx:TrackPointExtension></extensions>
      </trkpt>
      <trkpt lat="46.568133" lon="6.475849">
        <ele>878.1</ele>
        <time>2026-09-15T08:59:44.000Z</time>
        <extensions><power>164</power><gpxtpx:TrackPointExtension><gpxtpx:hr>149</gpxtpx:hr><gpxtpx:cad>0</gpxtpx:cad></gpxtpx:TrackPointExtension></extensions>
      </trkpt>
      <trkpt lat="46.568052" lon="6.476003">
        <ele>877.9</ele>
        <time>2026-09-15T08:59:48.000Z</time>
        <extensions><power>162</power><gpxtpx:TrackPointExtension><gpxtpx:hr>149</gpxtpx:hr><gpxtpx:cad>0</gpxtpx:cad></gpxtpx:TrackPointExtension></extensions>
      </trkpt>
      <trkpt lat="46.567973" lon="6.476158">
        <ele>877.6</ele>
        <time>2026-09-15T08:59:52.000Z</time>
        <extensions><power>161</power><gpxtpx:TrackPointExtension><gpxtpx:hr>149</gpxtpx:hr><gpxtpx:cad>0</gpxtpx:cad></gpxtpx:TrackPointExtension></extensions>
      </trkpt>
      <trkpt lat="46.567896" lon="6.476314">
        <ele>877.4</ele>
        <time>2026-09-15T08:59:56.000Z</time>
        <extensions><power>160</power><gpxtpx:TrackPointExtension><gpxtpx:hr>149</gpxtpx:hr><gpxtpx:cad>0</gpxtpx:cad></gpxtpx:TrackPointExtension></extensions>
      </trkpt>
      <trkpt lat="46.567819" lon="6.476470">
        <ele>877.1</ele>
        <time>2026-09-15T09:00:00.000Z</time>
        <extensions><power>158</power><gpxtpx:TrackPointExtension><gpxtpx:hr>149</gpxtpx:hr><gpxtpx:cad>0</gpxtpx:cad></gpxtpx:TrackPointExtension></extensions>
      </trkpt>
      <trkpt lat="46.567742" lon="6.476625">
        <ele>876.8</ele>
        <time>2026-09-15T09:00:04.000Z</time>
        <extensions><power>157</power><gpxtpx:TrackPointExtension><gpxtpx:hr>149</gpxtpx:hr><gpxtpx:cad>0</gpxtpx:cad></gpxtpx:TrackPointExtension></extensions>
      </trkpt>
      <trkpt lat="46.567665" lon="6.476777">
        <ele>876.6</ele>
        <time>2026-09-15T09:00:08.000Z</time>
        <extensions><power>156</power><gpxtpx:TrackPointExtension><gpxtpx:hr>149</gpxtpx:hr><gpxtpx:cad>0</gpxtpx:cad></gpxtpx:TrackPointExtension></extensions>
      </trkpt>
      <trkpt lat="46.567587" lon="6.476926">
        <ele>876.3</ele>
        <time>2026-09-15T09:00:12.000Z</time>
        <extensions><power>155</power><gpxtpx:TrackPointExtension><gpxtpx:hr>149</gpxtpx:hr><gpxtpx:cad>0</gpxtpx:cad></gpxtpx:TrackPointExtension></extensions>
      </trkpt>
      <trkpt lat="46.567508" lon="6.477072">
        <ele>876.0</ele>
        <time>2026-09-15T09:00:16.000Z</time>
        <extensions><power>153</power><gpxtpx:TrackPointExtension><gpxtpx:hr>148</gpxtpx:hr><gpxtpx:cad>0</gpxtpx:cad></gpxtpx:TrackPointExtension></extensions>
      </trkpt>
      <trkpt lat="46.567426" lon="6.477214">
        <ele>875.8</ele>
        <time>2026-09-15T09:00:20.000Z</time>
        <extensions><power>152</power><gpxtpx:TrackPointExtension><gpxtpx:hr>148</gpxtpx:hr><gpxtpx:cad>0</gpxtpx:cad></gpxtpx:TrackPointExtension></extensions>
      </trkpt>
      <trkpt lat="46.567343" lon="6.477351">
        <ele>875.5</ele>
        <time>2026-09-15T09:00:24.000Z</time>
        <extensions><power>151</power><gpxtpx:TrackPointExtension><gpxtpx:hr>148</gpxtpx:hr><gpxtpx:cad>0</gpxtpx:cad></gpxtpx:TrackPointExtension></extensions>
      </trkpt>
      <trkpt lat="46.567257" lon="6.477484">
        <ele>875.2</ele>
        <time>2026-09-15T09:00:28.000Z</time>
        <extensions><power>150</power><gpxtpx:TrackPointExtension><gpxtpx:hr>148</gpxtpx:hr><gpxtpx:cad>0</gpxtpx:cad></gpxtpx:TrackPointExtension></extensions>
      </trkpt>
      <trkpt lat="46.567169" lon="6.477613">
        <ele>874.9</ele>
        <time>2026-09-15T09:00:32.000Z</time>
        <extensions><power>148</power><gpxtpx:TrackPointExtension><gpxtpx:hr>148</gpxtpx:hr><gpxtpx:cad>0</gpxtpx:cad></gpxtpx:TrackPointExtension></extensions>
      </trkpt>
      <trkpt lat="46.567077" lon="6.477736">
        <ele>874.7</ele>
        <time>2026-09-15T09:00:36.000Z</time>
        <extensions><power>147</power><gpxtpx:TrackPointExtension><gpxtpx:hr>148</gpxtpx:hr><gpxtpx:cad>0</gpxtpx:cad></gpxtpx:TrackPointExtension></extensions>
      </trkpt>
      <trkpt lat="46.566984" lon="6.477856">
        <ele>874.4</ele>
        <time>2026-09-15T09:00:40.000Z</time>
        <extensions><power>146</power><gpxtpx:TrackPointExtension><gpxtpx:hr>148</gpxtpx:hr><gpxtpx:cad>0</gpxtpx:cad></gpxtpx:TrackPointExtension></extensions>
      </trkpt>
      <trkpt lat="46.566887" lon="6.477971">
        <ele>874.1</ele>
        <time>2026-09-15T09:00:44.000Z</time>
        <extensions><power>145</power><gpxtpx:TrackPointExtension><gpxtpx:hr>148</gpxtpx:hr><gpxtpx:cad>0</gpxtpx:cad></gpxtpx:TrackPointExtension></extensions>
      </trkpt>
      <trkpt lat="46.566789" lon="6.478083">
        <ele>873.8</ele>
        <time>2026-09-15T09:00:48.000Z</time>
        <extensions><power>144</power><gpxtpx:TrackPointExtension><gpxtpx:hr>148</gpxtpx:hr><gpxtpx:cad>0</gpxtpx:cad></gpxtpx:TrackPointExtension></extensions>
      </trkpt>
      <trkpt lat="46.566689" lon="6.478192">
        <ele>873.5</ele>
        <time>2026-09-15T09:00:52.000Z</time>
        <extensions><power>142</power><gpxtpx:TrackPointExtension><gpxtpx:hr>148</gpxtpx:hr><gpxtpx:cad>0</gpxtpx:cad></gpxtpx:TrackPointExtension></extensions>
      </trkpt>
      <trkpt lat="46.566587" lon="6.478299">
        <ele>873.2</ele>
        <time>2026-09-15T09:00:56.000Z</time>
        <extensions><power>141</power><gpxtpx:TrackPointExtension><gpxtpx:hr>148</gpxtpx:hr><gpxtpx:cad>0</gpxtpx:cad></gpxtpx:TrackPointExtension></extensions>
      </trkpt>
      <trkpt lat="46.566484" lon="6.478404">
        <ele>872.9</ele>
        <time>2026-09-15T09:01:00.000Z</time>
        <extensions><power>140</power><gpxtpx:TrackPointExtension><gpxtpx:hr>148</gpxtpx:hr><gpxtpx:cad>0</gpxtpx:cad></gpxtpx:TrackPointExtension></extensions>
      </trkpt>
      <trkpt lat="46.566381" lon="6.478509">
        <ele>872.6</ele>
        <time>2026-09-15T09:01:04.000Z</time>
        <extensions><power>139</power><gpxtpx:TrackPointExtension><gpxtpx:hr>148</gpxtpx:hr><gpxtpx:cad>0</gpxtpx:cad></gpxtpx:TrackPointExtension></extensions>
      </trkpt>
      <trkpt lat="46.566278" lon="6.478614">
        <ele>872.3</ele>
        <time>2026-09-15T09:01:08.000Z</time>
        <extensions><power>137</power><gpxtpx:TrackPointExtension><gpxtpx:hr>148</gpxtpx:hr><gpxtpx:cad>0</gpxtpx:cad></gpxtpx:TrackPointExtension></extensions>
      </trkpt>
      <trkpt lat="46.566176" lon="6.478720">
        <ele>872.0</ele>
        <time>2026-09-15T09:01:12.000Z</time>
        <extensions><power>136</power><gpxtpx:TrackPointExtension><gpxtpx:hr>147</gpxtpx:hr><gpxtpx:cad>0</gpxtpx:cad></gpxtpx:TrackPointExtension></extensions>
      </trkpt>
      <trkpt lat="46.566075" lon="6.478829">
        <ele>871.7</ele>
        <time>2026-09-15T09:01:16.000Z</time>
        <extensions><power>135</power><gpxtpx:TrackPointExtension><gpxtpx:hr>147</gpxtpx:hr><gpxtpx:cad>0</gpxtpx:cad></gpxtpx:TrackPointExtension></extensions>
      </trkpt>
      <trkpt lat="46.565978" lon="6.478941">
        <ele>871.3</ele>
        <time>2026-09-15T09:01:20.000Z</time>
        <extensions><power>134</power><gpxtpx:TrackPointExtension><gpxtpx:hr>147</gpxtpx:hr><gpxtpx:cad>0</gpxtpx:cad></gpxtpx:TrackPointExtension></extensions>
      </trkpt>
      <trkpt lat="46.565884" lon="6.479057">
        <ele>871.0</ele>
        <time>2026-09-15T09:01:24.000Z</time>
        <extensions><power>133</power><gpxtpx:TrackPointExtension><gpxtpx:hr>147</gpxtpx:hr><gpxtpx:cad>0</gpxtpx:cad></gpxtpx:TrackPointExtension></extensions>
      </trkpt>
      <trkpt lat="46.565793" lon="6.479178">
        <ele>870.7</ele>
        <time>2026-09-15T09:01:28.000Z</time>
        <extensions><power>131</power><gpxtpx:TrackPointExtension><gpxtpx:hr>147</gpxtpx:hr><gpxtpx:cad>0</gpxtpx:cad></gpxtpx:TrackPointExtension></extensions>
      </trkpt>
      <trkpt lat="46.565708" lon="6.479305">
        <ele>870.4</ele>
        <time>2026-09-15T09:01:32.000Z</time>
        <extensions><power>130</power><gpxtpx:TrackPointExtension><gpxtpx:hr>147</gpxtpx:hr><gpxtpx:cad>0</gpxtpx:cad></gpxtpx:TrackPointExtension></extensions>
      </trkpt>
      <trkpt lat="46.565629" lon="6.479439">
        <ele>870.1</ele>
        <time>2026-09-15T09:01:36.000Z</time>
        <extensions><power>129</power><gpxtpx:TrackPointExtension><gpxtpx:hr>147</gpxtpx:hr><gpxtpx:cad>0</gpxtpx:cad></gpxtpx:TrackPointExtension></extensions>
      </trkpt>
      <trkpt lat="46.565557" lon="6.479581">
        <ele>869.7</ele>
        <time>2026-09-15T09:01:40.000Z</time>
        <extensions><power>128</power><gpxtpx:TrackPointExtension><gpxtpx:hr>147</gpxtpx:hr><gpxtpx:cad>0</gpxtpx:cad></gpxtpx:TrackPointExtension></extensions>
      </trkpt>
      <trkpt lat="46.565491" lon="6.479731">
        <ele>869.4</ele>
        <time>2026-09-15T09:01:44.000Z</time>
        <extensions><power>127</power><gpxtpx:TrackPointExtension><gpxtpx:hr>147</gpxtpx:hr><gpxtpx:cad>0</gpxtpx:cad></gpxtpx:TrackPointExtension></extensions>
      </trkpt>
      <trkpt lat="46.565434" lon="6.479889">
        <ele>869.1</ele>
        <time>2026-09-15T09:01:48.000Z</time>
        <extensions><power>125</power><gpxtpx:TrackPointExtension><gpxtpx:hr>147</gpxtpx:hr><gpxtpx:cad>0</gpxtpx:cad></gpxtpx:TrackPointExtension></extensions>
      </trkpt>
      <trkpt lat="46.565385" lon="6.480057">
        <ele>868.7</ele>
        <time>2026-09-15T09:01:52.000Z</time>
        <extensions><power>124</power><gpxtpx:TrackPointExtension><gpxtpx:hr>147</gpxtpx:hr><gpxtpx:cad>0</gpxtpx:cad></gpxtpx:TrackPointExtension></extensions>
      </trkpt>
      <trkpt lat="46.565345" lon="6.480234">
        <ele>868.4</ele>
        <time>2026-09-15T09:01:56.000Z</time>
        <extensions><power>123</power><gpxtpx:TrackPointExtension><gpxtpx:hr>147</gpxtpx:hr><gpxtpx:cad>0</gpxtpx:cad></gpxtpx:TrackPointExtension></extensions>
      </trkpt>
      <trkpt lat="46.565314" lon="6.480420">
        <ele>868.0</ele>
        <time>2026-09-15T09:02:00.000Z</time>
        <extensions><power>122</power><gpxtpx:TrackPointExtension><gpxtpx:hr>147</gpxtpx:hr><gpxtpx:cad>0</gpxtpx:cad></gpxtpx:TrackPointExtension></extensions>
      </trkpt>
      <trkpt lat="46.565292" lon="6.480617">
        <ele>867.7</ele>
        <time>2026-09-15T09:02:04.000Z</time>
        <extensions><power>121</power><gpxtpx:TrackPointExtension><gpxtpx:hr>147</gpxtpx:hr><gpxtpx:cad>0</gpxtpx:cad></gpxtpx:TrackPointExtension></extensions>
      </trkpt>
      <trkpt lat="46.565281" lon="6.480822">
        <ele>867.4</ele>
        <time>2026-09-15T09:02:08.000Z</time>
        <extensions><power>120</power><gpxtpx:TrackPointExtension><gpxtpx:hr>146</gpxtpx:hr><gpxtpx:cad>0</gpxtpx:cad></gpxtpx:TrackPointExtension></extensions>
      </trkpt>
      <trkpt lat="46.565278" lon="6.481037">
        <ele>867.0</ele>
        <time>2026-09-15T09:02:12.000Z</time>
        <extensions><power>119</power><gpxtpx:TrackPointExtension><gpxtpx:hr>146</gpxtpx:hr><gpxtpx:cad>0</gpxtpx:cad></gpxtpx:TrackPointExtension></extensions>
      </trkpt>
      <trkpt lat="46.565285" lon="6.481260">
        <ele>866.6</ele>
        <time>2026-09-15T09:02:16.000Z</time>
        <extensions><power>117</power><gpxtpx:TrackPointExtension><gpxtpx:hr>146</gpxtpx:hr><gpxtpx:cad>0</gpxtpx:cad></gpxtpx:TrackPointExtension></extensions>
      </trkpt>
      <trkpt lat="46.565301" lon="6.481491">
        <ele>866.3</ele>
        <time>2026-09-15T09:02:20.000Z</time>
        <extensions><power>116</power><gpxtpx:TrackPointExtension><gpxtpx:hr>146</gpxtpx:hr><gpxtpx:cad>0</gpxtpx:cad></gpxtpx:TrackPointExtension></extensions>
      </trkpt>
      <trkpt lat="46.565326" lon="6.481729">
        <ele>865.9</ele>
        <time>2026-09-15T09:02:24.000Z</time>
        <extensions><power>115</power><gpxtpx:TrackPointExtension><gpxtpx:hr>146</gpxtpx:hr><gpxtpx:cad>0</gpxtpx:cad></gpxtpx:TrackPointExtension></extensions>
      </trkpt>
      <trkpt lat="46.565359" lon="6.481974">
        <ele>865.6</ele>
        <time>2026-09-15T09:02:28.000Z</time>
        <extensions><power>114</power><gpxtpx:TrackPointExtension><gpxtpx:hr>146</gpxtpx:hr><gpxtpx:cad>0</gpxtpx:cad></gpxtpx:TrackPointExtension></extensions>
      </trkpt>
      <trkpt lat="46.565399" lon="6.482225">
        <ele>865.2</ele>
        <time>2026-09-15T09:02:32.000Z</time>
        <extensions><power>113</power><gpxtpx:TrackPointExtension><gpxtpx:hr>146</gpxtpx:hr><gpxtpx:cad>0</gpxtpx:cad></gpxtpx:TrackPointExtension></extensions>
      </trkpt>
      <trkpt lat="46.565446" lon="6.482480">
        <ele>864.8</ele>
        <time>2026-09-15T09:02:36.000Z</time>
        <extensions><power>112</power><gpxtpx:TrackPointExtension><gpxtpx:hr>146</gpxtpx:hr><gpxtpx:cad>0</gpxtpx:cad></gpxtpx:TrackPointExtension></extensions>
      </trkpt>
      <trkpt lat="46.565498" lon="6.482739">
        <ele>864.5</ele>
        <time>2026-09-15T09:02:40.000Z</time>
        <extensions><power>111</power><gpxtpx:TrackPointExtension><gpxtpx:hr>146</gpxtpx:hr><gpxtpx:cad>0</gpxtpx:cad></gpxtpx:TrackPointExtension></extensions>
      </trkpt>
      <trkpt lat="46.565556" lon="6.483000">
        <ele>864.1</ele>
        <time>2026-09-15T09:02:44.000Z</time>
        <extensions><power>110</power><gpxtpx:TrackPointExtension><gpxtpx:hr>146</gpxtpx:hr><gpxtpx:cad>0</gpxtpx:cad></gpxtpx:TrackPointExtension></extensions>
      </trkpt>
      <trkpt lat="46.565617" lon="6.483263">
        <ele>863.7</ele>
        <time>2026-09-15T09:02:48.000Z</time>
        <extensions><power>108</power><gpxtpx:TrackPointExtension><gpxtpx:hr>146</gpxtpx:hr><gpxtpx:cad>0</gpxtpx:cad></gpxtpx:TrackPointExtension></extensions>
      </trkpt>
      <trkpt lat="46.565680" lon="6.483525">
        <ele>863.3</ele>
        <time>2026-09-15T09:02:52.000Z</time>
        <extensions><power>107</power><gpxtpx:TrackPointExtension><gpxtpx:hr>146</gpxtpx:hr><gpxtpx:cad>0</gpxtpx:cad></gpxtpx:TrackPointExtension></extensions>
      </trkpt>
      <trkpt lat="46.565746" lon="6.483786">
        <ele>863.0</ele>
        <time>2026-09-15T09:02:56.000Z</time>
        <extensions><power>106</power><gpxtpx:TrackPointExtension><gpxtpx:hr>146</gpxtpx:hr><gpxtpx:cad>0</gpxtpx:cad></gpxtpx:TrackPointExtension></extensions>
      </trkpt>
      <trkpt lat="46.565811" lon="6.484045">
        <ele>862.6</ele>
        <time>2026-09-15T09:03:00.000Z</time>
        <extensions><power>105</power><gpxtpx:TrackPointExtension><gpxtpx:hr>146</gpxtpx:hr><gpxtpx:cad>0</gpxtpx:cad></gpxtpx:TrackPointExtension></extensions>
      </trkpt>
      <trkpt lat="46.565875" lon="6.484300">
        <ele>862.2</ele>
        <time>2026-09-15T09:03:04.000Z</time>
        <extensions><power>104</power><gpxtpx:TrackPointExtension><gpxtpx:hr>145</gpxtpx:hr><gpxtpx:cad>0</gpxtpx:cad></gpxtpx:TrackPointExtension></extensions>
      </trkpt>
      <trkpt lat="46.565937" lon="6.484550">
        <ele>861.8</ele>
        <time>2026-09-15T09:03:08.000Z</time>
        <extensions><power>103</power><gpxtpx:TrackPointExtension><gpxtpx:hr>145</gpxtpx:hr><gpxtpx:cad>0</gpxtpx:cad></gpxtpx:TrackPointExtension></extensions>
      </trkpt>
      <trkpt lat="46.565995" lon="6.484795">
        <ele>861.4</ele>
        <time>2026-09-15T09:03:12.000Z</time>
        <extensions><power>102</power><gpxtpx:TrackPointExtension><gpxtpx:hr>145</gpxtpx:hr><gpxtpx:cad>0</gpxtpx:cad></gpxtpx:TrackPointExtension></extensions>
      </trkpt>
      <trkpt lat="46.566049" lon="6.485033">
        <ele>861.0</ele>
        <time>2026-09-15T09:03:16.000Z</time>
        <extensions><power>101</power><gpxtpx:TrackPointExtension><gpxtpx:hr>145</gpxtpx:hr><gpxtpx:cad>0</gpxtpx:cad></gpxtpx:TrackPointExtension></extensions>
      </trkpt>
      <trkpt lat="46.566097" lon="6.485263">
        <ele>860.6</ele>
        <time>2026-09-15T09:03:20.000Z</time>
        <extensions><power>100</power><gpxtpx:TrackPointExtension><gpxtpx:hr>145</gpxtpx:hr><gpxtpx:cad>0</gpxtpx:cad></gpxtpx:TrackPointExtension></extensions>
      </trkpt>
      <trkpt lat="46.566139" lon="6.485484">
        <ele>860.2</ele>
        <time>2026-09-15T09:03:24.000Z</time>
        <extensions><power>99</power><gpxtpx:TrackPointExtension><gpxtpx:hr>145</gpxtpx:hr><gpxtpx:cad>0</gpxtpx:cad></gpxtpx:TrackPointExtension></extensions>
      </trkpt>
      <trkpt lat="46.566172" lon="6.485696">
        <ele>859.8</ele>
        <time>2026-09-15T09:03:28.000Z</time>
        <extensions><power>98</power><gpxtpx:TrackPointExtension><gpxtpx:hr>145</gpxtpx:hr><gpxtpx:cad>0</gpxtpx:cad></gpxtpx:TrackPointExtension></extensions>
      </trkpt>
      <trkpt lat="46.566197" lon="6.485899">
        <ele>859.4</ele>
        <time>2026-09-15T09:03:32.000Z</time>
        <extensions><power>97</power><gpxtpx:TrackPointExtension><gpxtpx:hr>145</gpxtpx:hr><gpxtpx:cad>0</gpxtpx:cad></gpxtpx:TrackPointExtension></extensions>
      </trkpt>
      <trkpt lat="46.566213" lon="6.486091">
        <ele>859.0</ele>
        <time>2026-09-15T09:03:36.000Z</time>
        <extensions><power>96</power><gpxtpx:TrackPointExtension><gpxtpx:hr>145</gpxtpx:hr><gpxtpx:cad>0</gpxtpx:cad></gpxtpx:TrackPointExtension></extensions>
      </trkpt>
      <trkpt lat="46.566218" lon="6.486273">
        <ele>858.6</ele>
        <time>2026-09-15T09:03:40.000Z</time>
        <extensions><power>95</power><gpxtpx:TrackPointExtension><gpxtpx:hr>145</gpxtpx:hr><gpxtpx:cad>0</gpxtpx:cad></gpxtpx:TrackPointExtension></extensions>
      </trkpt>
      <trkpt lat="46.566214" lon="6.486444">
        <ele>858.2</ele>
        <time>2026-09-15T09:03:44.000Z</time>
        <extensions><power>94</power><gpxtpx:TrackPointExtension><gpxtpx:hr>145</gpxtpx:hr><gpxtpx:cad>0</gpxtpx:cad></gpxtpx:TrackPointExtension></extensions>
      </trkpt>
      <trkpt lat="46.566198" lon="6.486604">
        <ele>857.8</ele>
        <time>2026-09-15T09:03:48.000Z</time>
        <extensions><power>93</power><gpxtpx:TrackPointExtension><gpxtpx:hr>145</gpxtpx:hr><gpxtpx:cad>0</gpxtpx:cad></gpxtpx:TrackPointExtension></extensions>
      </trkpt>
      <trkpt lat="46.566172" lon="6.486754">
        <ele>857.4</ele>
        <time>2026-09-15T09:03:52.000Z</time>
        <extensions><power>92</power><gpxtpx:TrackPointExtension><gpxtpx:hr>145</gpxtpx:hr><gpxtpx:cad>0</gpxtpx:cad></gpxtpx:TrackPointExtension></extensions>
      </trkpt>
      <trkpt lat="46.566135" lon="6.486893">
        <ele>856.9</ele>
        <time>2026-09-15T09:03:56.000Z</time>
        <extensions><power>91</power><gpxtpx:TrackPointExtension><gpxtpx:hr>145</gpxtpx:hr><gpxtpx:cad>0</gpxtpx:cad></gpxtpx:TrackPointExtension></extensions>
      </trkpt>
      <trkpt lat="46.566087" lon="6.487023">
        <ele>856.5</ele>
        <time>2026-09-15T09:04:00.000Z</time>
        <extensions><power>90</power><gpxtpx:TrackPointExtension><gpxtpx:hr>144</gpxtpx:hr><gpxtpx:cad>0</gpxtpx:cad></gpxtpx:TrackPointExtension></extensions>
      </trkpt>
      <trkpt lat="46.566028" lon="6.487143">
        <ele>856.1</ele>
        <time>2026-09-15T09:04:04.000Z</time>
        <extensions><power>89</power><gpxtpx:TrackPointExtension><gpxtpx:hr>144</gpxtpx:hr><gpxtpx:cad>0</gpxtpx:cad></gpxtpx:TrackPointExtension></extensions>
      </trkpt>
      <trkpt lat="46.565959" lon="6.487254">
        <ele>855.7</ele>
        <time>2026-09-15T09:04:08.000Z</time>
        <extensions><power>88</power><gpxtpx:TrackPointExtension><gpxtpx:hr>144</gpxtpx:hr><gpxtpx:cad>0</gpxtpx:cad></gpxtpx:TrackPointExtension></extensions>
      </trkpt>
      <trkpt lat="46.565880" lon="6.487356">
        <ele>855.2</ele>
        <time>2026-09-15T09:04:12.000Z</time>
        <extensions><power>87</power><gpxtpx:TrackPointExtension><gpxtpx:hr>144</gpxtpx:hr><gpxtpx:cad>0</gpxtpx:cad></gpxtpx:TrackPointExtension></extensions>
      </trkpt>
      <trkpt lat="46.565792" lon="6.487451">
        <ele>854.8</ele>
        <time>2026-09-15T09:04:16.000Z</time>
        <extensions><power>86</power><gpxtpx:TrackPointExtension><gpxtpx:hr>144</gpxtpx:hr><gpxtpx:cad>0</gpxtpx:cad></gpxtpx:TrackPointExtension></extensions>
      </trkpt>
      <trkpt lat="46.565696" lon="6.487540">
        <ele>854.4</ele>
        <time>2026-09-15T09:04:20.000Z</time>
        <extensions><power>85</power><gpxtpx:TrackPointExtension><gpxtpx:hr>144</gpxtpx:hr><gpxtpx:cad>0</gpxtpx:cad></gpxtpx:TrackPointExtension></extensions>
      </trkpt>
      <trkpt lat="46.565592" lon="6.487623">
        <ele>853.9</ele>
        <time>2026-09-15T09:04:24.000Z</time>
        <extensions><power>84</power><gpxtpx:TrackPointExtension><gpxtpx:hr>144</gpxtpx:hr><gpxtpx:cad>0</gpxtpx:cad></gpxtpx:TrackPointExtension></extensions>
      </trkpt>
      <trkpt lat="46.565481" lon="6.487701">
        <ele>853.5</ele>
        <time>2026-09-15T09:04:28.000Z</time>
        <extensions><power>83</power><gpxtpx:TrackPointExtension><gpxtpx:hr>144</gpxtpx:hr><gpxtpx:cad>0</gpxtpx:cad></gpxtpx:TrackPointExtension></extensions>
      </trkpt>
      <trkpt lat="46.565365" lon="6.487775">
        <ele>853.1</ele>
        <time>2026-09-15T09:04:32.000Z</time>
        <extensions><power>82</power><gpxtpx:TrackPointExtension><gpxtpx:hr>144</gpxtpx:hr><gpxtpx:cad>0</gpxtpx:cad></gpxtpx:TrackPointExtension></extensions>
      </trkpt>
      <trkpt lat="46.565243" lon="6.487845">
        <ele>852.6</ele>
        <time>2026-09-15T09:04:36.000Z</time>
        <extensions><power>81</power><gpxtpx:TrackPointExtension><gpxtpx:hr>144</gpxtpx:hr><gpxtpx:cad>0</gpxtpx:cad></gpxtpx:TrackPointExtension></extensions>
      </trkpt>
      <trkpt lat="46.565119" lon="6.487914">
        <ele>852.2</ele>
        <time>2026-09-15T09:04:40.000Z</time>
        <extensions><power>81</power><gpxtpx:TrackPointExtension><gpxtpx:hr>144</gpxtpx:hr><gpxtpx:cad>0</gpxtpx:cad></gpxtpx:TrackPointExtension></extensions>
      </trkpt>
      <trkpt lat="46.564991" lon="6.487982">
        <ele>851.7</ele>
        <time>2026-09-15T09:04:44.000Z</time>
        <extensions><power>80</power><gpxtpx:TrackPointExtension><gpxtpx:hr>144</gpxtpx:hr><gpxtpx:cad>0</gpxtpx:cad></gpxtpx:TrackPointExtension></extensions>
      </trkpt>
      <trkpt lat="46.564862" lon="6.488049">
        <ele>851.3</ele>
        <time>2026-09-15T09:04:48.000Z</time>
        <extensions><power>79</power><gpxtpx:TrackPointExtension><gpxtpx:hr>144</gpxtpx:hr><gpxtpx:cad>0</gpxtpx:cad></gpxtpx:TrackPointExtension></extensions>
      </trkpt>
      <trkpt lat="46.564732" lon="6.488117">
        <ele>850.8</ele>
        <time>2026-09-15T09:04:52.000Z</time>
        <extensions><power>78</power><gpxtpx:TrackPointExtension><gpxtpx:hr>144</gpxtpx:hr><gpxtpx:cad>0</gpxtpx:cad></gpxtpx:TrackPointExtension></extensions>
      </trkpt>
      <trkpt lat="46.564603" lon="6.488186">
        <ele>850.4</ele>
        <time>2026-09-15T09:04:56.000Z</time>
        <extensions><power>77</power><gpxtpx:TrackPointExtension><gpxtpx:hr>143</gpxtpx:hr><gpxtpx:cad>0</gpxtpx:cad></gpxtpx:TrackPointExtension></extensions>
      </trkpt>
      <trkpt lat="46.564474" lon="6.488258">
        <ele>849.9</ele>
        <time>2026-09-15T09:05:00.000Z</time>
        <extensions><power>76</power><gpxtpx:TrackPointExtension><gpxtpx:hr>143</gpxtpx:hr><gpxtpx:cad>0</gpxtpx:cad></gpxtpx:TrackPointExtension></extensions>
      </trkpt>
      <trkpt lat="46.564348" lon="6.488331">
        <ele>849.4</ele>
        <time>2026-09-15T09:05:04.000Z</time>
        <extensions><power>75</power><gpxtpx:TrackPointExtension><gpxtpx:hr>143</gpxtpx:hr><gpxtpx:cad>0</gpxtpx:cad></gpxtpx:TrackPointExtension></extensions>
      </trkpt>
      <trkpt lat="46.564224" lon="6.488408">
        <ele>849.0</ele>
        <time>2026-09-15T09:05:08.000Z</time>
        <extensions><power>75</power><gpxtpx:TrackPointExtension><gpxtpx:hr>143</gpxtpx:hr><gpxtpx:cad>0</gpxtpx:cad></gpxtpx:TrackPointExtension></extensions>
      </trkpt>
      <trkpt lat="46.564104" lon="6.488488">
        <ele>848.5</ele>
        <time>2026-09-15T09:05:12.000Z</time>
        <extensions><power>74</power><gpxtpx:TrackPointExtension><gpxtpx:hr>143</gpxtpx:hr><gpxtpx:cad>0</gpxtpx:cad></gpxtpx:TrackPointExtension></extensions>
      </trkpt>
      <trkpt lat="46.563987" lon="6.488572">
        <ele>848.0</ele>
        <time>2026-09-15T09:05:16.000Z</time>
        <extensions><power>73</power><gpxtpx:TrackPointExtension><gpxtpx:hr>143</gpxtpx:hr><gpxtpx:cad>0</gpxtpx:cad></gpxtpx:TrackPointExtension></extensions>
      </trkpt>
      <trkpt lat="46.563875" lon="6.488660">
        <ele>847.6</ele>
        <time>2026-09-15T09:05:20.000Z</time>
        <extensions><power>72</power><gpxtpx:TrackPointExtension><gpxtpx:hr>143</gpxtpx:hr><gpxtpx:cad>0</gpxtpx:cad></gpxtpx:TrackPointExtension></extensions>
      </trkpt>
      <trkpt lat="46.563767" lon="6.488751">
        <ele>847.1</ele>
        <time>2026-09-15T09:05:24.000Z</time>
        <extensions><power>71</power><gpxtpx:TrackPointExtension><gpxtpx:hr>143</gpxtpx:hr><gpxtpx:cad>0</gpxtpx:cad></gpxtpx:TrackPointExtension></extensions>
      </trkpt>
      <trkpt lat="46.563663" lon="6.488847">
        <ele>846.6</ele>
        <time>2026-09-15T09:05:28.000Z</time>
        <extensions><power>71</power><gpxtpx:TrackPointExtension><gpxtpx:hr>143</gpxtpx:hr><gpxtpx:cad>0</gpxtpx:cad></gpxtpx:TrackPointExtension></extensions>
      </trkpt>
      <trkpt lat="46.563564" lon="6.488947">
        <ele>846.1</ele>
        <time>2026-09-15T09:05:32.000Z</time>
        <extensions><power>70</power><gpxtpx:TrackPointExtension><gpxtpx:hr>143</gpxtpx:hr><gpxtpx:cad>0</gpxtpx:cad></gpxtpx:TrackPointExtension></extensions>
      </trkpt>
      <trkpt lat="46.563468" lon="6.489050">
        <ele>845.6</ele>
        <time>2026-09-15T09:05:36.000Z</time>
        <extensions><power>69</power><gpxtpx:TrackPointExtension><gpxtpx:hr>143</gpxtpx:hr><gpxtpx:cad>0</gpxtpx:cad></gpxtpx:TrackPointExtension></extensions>
      </trkpt>
      <trkpt lat="46.563377" lon="6.489156">
        <ele>845.2</ele>
        <time>2026-09-15T09:05:40.000Z</time>
        <extensions><power>68</power><gpxtpx:TrackPointExtension><gpxtpx:hr>143</gpxtpx:hr><gpxtpx:cad>0</gpxtpx:cad></gpxtpx:TrackPointExtension></extensions>
      </trkpt>
      <trkpt lat="46.563289" lon="6.489266">
        <ele>844.7</ele>
        <time>2026-09-15T09:05:44.000Z</time>
        <extensions><power>67</power><gpxtpx:TrackPointExtension><gpxtpx:hr>143</gpxtpx:hr><gpxtpx:cad>0</gpxtpx:cad></gpxtpx:TrackPointExtension></extensions>
      </trkpt>
      <trkpt lat="46.563204" lon="6.489378">
        <ele>844.2</ele>
        <time>2026-09-15T09:05:48.000Z</time>
        <extensions><power>67</power><gpxtpx:TrackPointExtension><gpxtpx:hr>143</gpxtpx:hr><gpxtpx:cad>0</gpxtpx:cad></gpxtpx:TrackPointExtension></extensions>
      </trkpt>
      <trkpt lat="46.563121" lon="6.489491">
        <ele>843.7</ele>
        <time>2026-09-15T09:05:52.000Z</time>
        <extensions><power>66</power><gpxtpx:TrackPointExtension><gpxtpx:hr>142</gpxtpx:hr><gpxtpx:cad>0</gpxtpx:cad></gpxtpx:TrackPointExtension></extensions>
      </trkpt>
      <trkpt lat="46.563039" lon="6.489607">
        <ele>843.2</ele>
        <time>2026-09-15T09:05:56.000Z</time>
        <extensions><power>65</power><gpxtpx:TrackPointExtension><gpxtpx:hr>142</gpxtpx:hr><gpxtpx:cad>0</gpxtpx:cad></gpxtpx:TrackPointExtension></extensions>
      </trkpt>
      <trkpt lat="46.562958" lon="6.489722">
        <ele>842.7</ele>
        <time>2026-09-15T09:06:00.000Z</time>
        <extensions><power>65</power><gpxtpx:TrackPointExtension><gpxtpx:hr>142</gpxtpx:hr><gpxtpx:cad>65</gpxtpx:cad></gpxtpx:TrackPointExtension></extensions>
      </trkpt>
      <trkpt lat="46.562877" lon="6.489838">
        <ele>842.2</ele>
        <time>2026-09-15T09:06:04.000Z</time>
        <extensions><power>64</power><gpxtpx:TrackPointExtension><gpxtpx:hr>142</gpxtpx:hr><gpxtpx:cad>65</gpxtpx:cad></gpxtpx:TrackPointExtension></extensions>
      </trkpt>
      <trkpt lat="46.562794" lon="6.489954">
        <ele>841.7</ele>
        <time>2026-09-15T09:06:08.000Z</time>
        <extensions><power>63</power><gpxtpx:TrackPointExtension><gpxtpx:hr>142</gpxtpx:hr><gpxtpx:cad>65</gpxtpx:cad></gpxtpx:TrackPointExtension></extensions>
      </trkpt>
      <trkpt lat="46.562709" lon="6.490068">
        <ele>841.2</ele>
        <time>2026-09-15T09:06:12.000Z</time>
        <extensions><power>62</power><gpxtpx:TrackPointExtension><gpxtpx:hr>142</gpxtpx:hr><gpxtpx:cad>65</gpxtpx:cad></gpxtpx:TrackPointExtension></extensions>
      </trkpt>
      <trkpt lat="46.562621" lon="6.490181">
        <ele>840.7</ele>
        <time>2026-09-15T09:06:16.000Z</time>
        <extensions><power>62</power><gpxtpx:TrackPointExtension><gpxtpx:hr>142</gpxtpx:hr><gpxtpx:cad>64</gpxtpx:cad></gpxtpx:TrackPointExtension></extensions>
      </trkpt>
      <trkpt lat="46.562528" lon="6.490291">
        <ele>840.2</ele>
        <time>2026-09-15T09:06:20.000Z</time>
        <extensions><power>61</power><gpxtpx:TrackPointExtension><gpxtpx:hr>142</gpxtpx:hr><gpxtpx:cad>64</gpxtpx:cad></gpxtpx:TrackPointExtension></extensions>
      </trkpt>
      <trkpt lat="46.562430" lon="6.490399">
        <ele>839.7</ele>
        <time>2026-09-15T09:06:24.000Z</time>
        <extensions><power>60</power><gpxtpx:TrackPointExtension><gpxtpx:hr>142</gpxtpx:hr><gpxtpx:cad>64</gpxtpx:cad></gpxtpx:TrackPointExtension></extensions>
      </trkpt>
      <trkpt lat="46.562327" lon="6.490503">
        <ele>839.2</ele>
        <time>2026-09-15T09:06:28.000Z</time>
        <extensions><power>60</power><gpxtpx:TrackPointExtension><gpxtpx:hr>142</gpxtpx:hr><gpxtpx:cad>64</gpxtpx:cad></gpxtpx:TrackPointExtension></extensions>
      </trkpt>
      <trkpt lat="46.562216" lon="6.490603">
        <ele>838.7</ele>
        <time>2026-09-15T09:06:32.000Z</time>
        <extensions><power>59</power><gpxtpx:TrackPointExtension><gpxtpx:hr>142</gpxtpx:hr><gpxtpx:cad>64</gpxtpx:cad></gpxtpx:TrackPointExtension></extensions>
      </trkpt>
      <trkpt lat="46.562097" lon="6.490699">
        <ele>838.2</ele>
        <time>2026-09-15T09:06:36.000Z</time>
        <extensions><power>59</power><gpxtpx:TrackPointExtension><gpxtpx:hr>142</gpxtpx:hr><gpxtpx:cad>64</gpxtpx:cad></gpxtpx:TrackPointExtension></extensions>
      </trkpt>
      <trkpt lat="46.561971" lon="6.490791">
        <ele>837.6</ele>
        <time>2026-09-15T09:06:40.000Z</time>
        <extensions><power>58</power><gpxtpx:TrackPointExtension><gpxtpx:hr>142</gpxtpx:hr><gpxtpx:cad>64</gpxtpx:cad></gpxtpx:TrackPointExtension></extensions>
      </trkpt>
      <trkpt lat="46.561835" lon="6.490878">
        <ele>837.1</ele>
        <time>2026-09-15T09:06:44.000Z</time>
        <extensions><power>57</power><gpxtpx:TrackPointExtension><gpxtpx:hr>142</gpxtpx:hr><gpxtpx:cad>64</gpxtpx:cad></gpxtpx:TrackPointExtension></extensions>
      </trkpt>
      <trkpt lat="46.561691" lon="6.490960">
        <ele>836.6</ele>
        <time>2026-09-15T09:06:48.000Z</time>
        <extensions><power>57</power><gpxtpx:TrackPointExtension><gpxtpx:hr>142</gpxtpx:hr><gpxtpx:cad>64</gpxtpx:cad></gpxtpx:TrackPointExtension></extensions>
      </trkpt>
      <trkpt lat="46.561536" lon="6.491037">
        <ele>836.1</ele>
        <time>2026-09-15T09:06:52.000Z</time>
        <extensions><power>56</power><gpxtpx:TrackPointExtension><gpxtpx:hr>141</gpxtpx:hr><gpxtpx:cad>64</gpxtpx:cad></gpxtpx:TrackPointExtension></extensions>
      </trkpt>
      <trkpt lat="46.561373" lon="6.491110">
        <ele>835.5</ele>
        <time>2026-09-15T09:06:56.000Z</time>
        <extensions><power>56</power><gpxtpx:TrackPointExtension><gpxtpx:hr>141</gpxtpx:hr><gpxtpx:cad>64</gpxtpx:cad></gpxtpx:TrackPointExtension></extensions>
      </trkpt>
      <trkpt lat="46.561200" lon="6.491178">
        <ele>835.0</ele>
        <time>2026-09-15T09:07:00.000Z</time>
        <extensions><power>55</power><gpxtpx:TrackPointExtension><gpxtpx:hr>141</gpxtpx:hr><gpxtpx:cad>64</gpxtpx:cad></gpxtpx:TrackPointExtension></extensions>
      </trkpt>
      <trkpt lat="46.561017" lon="6.491242">
        <ele>834.5</ele>
        <time>2026-09-15T09:07:04.000Z</time>
        <extensions><power>54</power><gpxtpx:TrackPointExtension><gpxtpx:hr>141</gpxtpx:hr><gpxtpx:cad>64</gpxtpx:cad></gpxtpx:TrackPointExtension></extensions>
      </trkpt>
      <trkpt lat="46.560826" lon="6.491302">
        <ele>834.0</ele>
        <time>2026-09-15T09:07:08.000Z</time>
        <extensions><power>54</power><gpxtpx:TrackPointExtension><gpxtpx:hr>141</gpxtpx:hr><gpxtpx:cad>64</gpxtpx:cad></gpxtpx:TrackPointExtension></extensions>
      </trkpt>
      <trkpt lat="46.560627" lon="6.491359">
        <ele>833.4</ele>
        <time>2026-09-15T09:07:12.000Z</time>
        <extensions><power>53</power><gpxtpx:TrackPointExtension><gpxtpx:hr>141</gpxtpx:hr><gpxtpx:cad>64</gpxtpx:cad></gpxtpx:TrackPointExtension></extensions>
      </trkpt>
      <trkpt lat="46.560419" lon="6.491413">
        <ele>832.9</ele>
        <time>2026-09-15T09:07:16.000Z</time>
        <extensions><power>53</power><gpxtpx:TrackPointExtension><gpxtpx:hr>141</gpxtpx:hr><gpxtpx:cad>64</gpxtpx:cad></gpxtpx:TrackPointExtension></extensions>
      </trkpt>
      <trkpt lat="46.560205" lon="6.491464">
        <ele>832.3</ele>
        <time>2026-09-15T09:14:20.000Z</time>
        <extensions><power>52</power><gpxtpx:TrackPointExtension><gpxtpx:hr>141</gpxtpx:hr><gpxtpx:cad>64</gpxtpx:cad></gpxtpx:TrackPointExtension></extensions>
      </trkpt>
      <trkpt lat="46.559985" lon="6.491513">
        <ele>831.8</ele>
        <time>2026-09-15T09:14:24.000Z</time>
        <extensions><power>52</power><gpxtpx:TrackPointExtension><gpxtpx:hr>141</gpxtpx:hr><gpxtpx:cad>64</gpxtpx:cad></gpxtpx:TrackPointExtension></extensions>
      </trkpt>
      <trkpt lat="46.559760" lon="6.491562">
        <ele>831.3</ele>
        <time>2026-09-15T09:14:28.000Z</time>
        <extensions><power>51</power><gpxtpx:TrackPointExtension><gpxtpx:hr>141</gpxtpx:hr><gpxtpx:cad>64</gpxtpx:cad></gpxtpx:TrackPointExtension></extensions>
      </trkpt>
      <trkpt lat="46.559531" lon="6.491610">
        <ele>830.7</ele>
        <time>2026-09-15T09:14:32.000Z</time>
        <extensions><power>51</power><gpxtpx:TrackPointExtension><gpxtpx:hr>141</gpxtpx:hr><gpxtpx:cad>64</gpxtpx:cad></gpxtpx:TrackPointExtension></extensions>
      </trkpt>
      <trkpt lat="46.559300" lon="6.491658">
        <ele>830.2</ele>
        <time>2026-09-15T09:14:36.000Z</time>
        <extensions><power>50</power><gpxtpx:TrackPointExtension><gpxtpx:hr>141</gpxtpx:hr><gpxtpx:cad>64</gpxtpx:cad></gpxtpx:TrackPointExtension></extensions>
      </trkpt>
      <trkpt lat="46.559067" lon="6.491708">
        <ele>829.6</ele>
        <time>2026-09-15T09:14:40.000Z</time>
        <extensions><power>50</power><gpxtpx:TrackPointExtension><gpxtpx:hr>141</gpxtpx:hr><gpxtpx:cad>64</gpxtpx:cad></gpxtpx:TrackPointExtension></extensions>
      </trkpt>
      <trkpt lat="46.558835" lon="6.491759">
        <ele>829.1</ele>
        <time>2026-09-15T09:14:44.000Z</time>
        <extensions><power>49</power><gpxtpx:TrackPointExtension><gpxtpx:hr>141</gpxtpx:hr><gpxtpx:cad>64</gpxtpx:cad></gpxtpx:TrackPointExtension></extensions>
      </trkpt>
      <trkpt lat="46.558605" lon="6.491813">
        <ele>828.5</ele>
        <time>2026-09-15T09:14:48.000Z</time>
        <extensions><power>49</power><gpxtpx:TrackPointExtension><gpxtpx:hr>140</gpxtpx:hr><gpxtpx:cad>64</gpxtpx:cad></gpxtpx:TrackPointExtension></extensions>
      </trkpt>
      <trkpt lat="46.558377" lon="6.491871">
        <ele>828.0</ele>
        <time>2026-09-15T09:14:52.000Z</time>
        <extensions><power>49</power><gpxtpx:TrackPointExtension><gpxtpx:hr>140</gpxtpx:hr><gpxtpx:cad>64</gpxtpx:cad></gpxtpx:TrackPointExtension></extensions>
      </trkpt>
      <trkpt lat="46.558154" lon="6.491933">
        <ele>827.4</ele>
        <time>2026-09-15T09:14:56.000Z</time>
        <extensions><power>48</power><gpxtpx:TrackPointExtension><gpxtpx:hr>140</gpxtpx:hr><gpxtpx:cad>64</gpxtpx:cad></gpxtpx:TrackPointExtension></extensions>
      </trkpt>
      <trkpt lat="46.557937" lon="6.491999">
        <ele>826.8</ele>
        <time>2026-09-15T09:15:00.000Z</time>
        <extensions><power>48</power><gpxtpx:TrackPointExtension><gpxtpx:hr>140</gpxtpx:hr><gpxtpx:cad>64</gpxtpx:cad></gpxtpx:TrackPointExtension></extensions>
      </trkpt>
      <trkpt lat="46.557726" lon="6.492070">
        <ele>826.3</ele>
        <time>2026-09-15T09:15:04.000Z</time>
        <extensions><power>47</power><gpxtpx:TrackPointExtension><gpxtpx:hr>140</gpxtpx:hr><gpxtpx:cad>64</gpxtpx:cad></gpxtpx:TrackPointExtension></extensions>
      </trkpt>
      <trkpt lat="46.557524" lon="6.492148">
        <ele>825.7</ele>
        <time>2026-09-15T09:15:08.000Z</time>
        <extensions><power>47</power><gpxtpx:TrackPointExtension><gpxtpx:hr>140</gpxtpx:hr><gpxtpx:cad>64</gpxtpx:cad></gpxtpx:TrackPointExtension></extensions>
      </trkpt>
      <trkpt lat="46.557331" lon="6.492232">
        <ele>825.1</ele>
        <time>2026-09-15T09:15:12.000Z</time>
        <extensions><power>47</power><gpxtpx:TrackPointExtension><gpxtpx:hr>140</gpxtpx:hr><gpxtpx:cad>64</gpxtpx:cad></gpxtpx:TrackPointExtension></extensions>
      </trkpt>
      <trkpt lat="46.557149" lon="6.492322">
        <ele>824.6</ele>
        <time>2026-09-15T09:15:16.000Z</time>
        <extensions><power>46</power><gpxtpx:TrackPointExtension><gpxtpx:hr>140</gpxtpx:hr><gpxtpx:cad>64</gpxtpx:cad></gpxtpx:TrackPointExtension></extensions>
      </trkpt>
      <trkpt lat="46.556978" lon="6.492420">
        <ele>824.0</ele>
        <time>2026-09-15T09:15:20.000Z</time>
        <extensions><power>46</power><gpxtpx:TrackPointExtension><gpxtpx:hr>140</gpxtpx:hr><gpxtpx:cad>64</gpxtpx:cad></gpxtpx:TrackPointExtension></extensions>
      </trkpt>
      <trkpt lat="46.556819" lon="6.492524">
        <ele>823.4</ele>
        <time>2026-09-15T09:15:24.000Z</time>
        <extensions><power>46</power><gpxtpx:TrackPointExtension><gpxtpx:hr>140</gpxtpx:hr><gpxtpx:cad>64</gpxtpx:cad></gpxtpx:TrackPointExtension></extensions>
      </trkpt>
      <trkpt lat="46.556672" lon="6.492636">
        <ele>822.9</ele>
        <time>2026-09-15T09:15:28.000Z</time>
        <extensions><power>45</power><gpxtpx:TrackPointExtension><gpxtpx:hr>140</gpxtpx:hr><gpxtpx:cad>64</gpxtpx:cad></gpxtpx:TrackPointExtension></extensions>
      </trkpt>
      <trkpt lat="46.556539" lon="6.492755">
        <ele>822.3</ele>
        <time>2026-09-15T09:15:32.000Z</time>
        <extensions><power>45</power><gpxtpx:TrackPointExtension><gpxtpx:hr>140</gpxtpx:hr><gpxtpx:cad>64</gpxtpx:cad></gpxtpx:TrackPointExtension></extensions>
      </trkpt>
      <trkpt lat="46.556418" lon="6.492882">
        <ele>821.7</ele>
        <time>2026-09-15T09:15:36.000Z</time>
        <extensions><power>45</power><gpxtpx:TrackPointExtension><gpxtpx:hr>140</gpxtpx:hr><gpxtpx:cad>64</gpxtpx:cad></gpxtpx:TrackPointExtension></extensions>
      </trkpt>
      <trkpt lat="46.556311" lon="6.493016">
        <ele>821.1</ele>
        <time>2026-09-15T09:15:40.000Z</time>
        <extensions><power>44</power><gpxtpx:TrackPointExtension><gpxtpx:hr>140</gpxtpx:hr><gpxtpx:cad>64</gpxtpx:cad></gpxtpx:TrackPointExtension></extensions>
      </trkpt>
      <trkpt lat="46.556217" lon="6.493157">
        <ele>820.5</ele>
        <time>2026-09-15T09:15:44.000Z</time>
        <extensions><power>44</power><gpxtpx:TrackPointExtension><gpxtpx:hr>140</gpxtpx:hr><gpxtpx:cad>64</gpxtpx:cad></gpxtpx:TrackPointExtension></extensions>
      </trkpt>
      <trkpt lat="46.556136" lon="6.493304">
        <ele>820.0</ele>
        <time>2026-09-15T09:15:48.000Z</time>
        <extensions><power>44</power><gpxtpx:TrackPointExtension><gpxtpx:hr>139</gpxtpx:hr><gpxtpx:cad>64</gpxtpx:cad></gpxtpx:TrackPointExtension></extensions>
      </trkpt>
      <trkpt lat="46.556067" lon="6.493457">
        <ele>819.4</ele>
        <time>2026-09-15T09:15:52.000Z</time>
        <extensions><power>43</power><gpxtpx:TrackPointExtension><gpxtpx:hr>139</gpxtpx:hr><gpxtpx:cad>64</gpxtpx:cad></gpxtpx:TrackPointExtension></extensions>
      </trkpt>
      <trkpt lat="46.556010" lon="6.493617">
        <ele>818.8</ele>
        <time>2026-09-15T09:15:56.000Z</time>
        <extensions><power>43</power><gpxtpx:TrackPointExtension><gpxtpx:hr>139</gpxtpx:hr><gpxtpx:cad>64</gpxtpx:cad></gpxtpx:TrackPointExtension></extensions>
      </trkpt>
      <trkpt lat="46.555963" lon="6.493781">
        <ele>818.2</ele>
        <time>2026-09-15T09:16:00.000Z</time>
        <extensions><power>43</power><gpxtpx:TrackPointExtension><gpxtpx:hr>139</gpxtpx:hr><gpxtpx:cad>64</gpxtpx:cad></gpxtpx:TrackPointExtension></extensions>
      </trkpt>
      <trkpt lat="46.555927" lon="6.493950">
        <ele>817.6</ele>
        <time>2026-09-15T09:16:04.000Z</time>
        <extensions><power>43</power><gpxtpx:TrackPointExtension><gpxtpx:hr>139</gpxtpx:hr><gpxtpx:cad>64</gpxtpx:cad></gpxtpx:TrackPointExtension></extensions>
      </trkpt>
      <trkpt lat="46.555899" lon="6.494123">
        <ele>817.0</ele>
        <time>2026-09-15T09:16:08.000Z</time>
        <extensions><power>42</power><gpxtpx:TrackPointExtension><gpxtpx:hr>139</gpxtpx:hr><gpxtpx:cad>64</gpxtpx:cad></gpxtpx:TrackPointExtension></extensions>
      </trkpt>
      <trkpt lat="46.555879" lon="6.494300">
        <ele>816.4</ele>
        <time>2026-09-15T09:16:12.000Z</time>
        <extensions><power>42</power><gpxtpx:TrackPointExtension><gpxtpx:hr>139</gpxtpx:hr><gpxtpx:cad>64</gpxtpx:cad></gpxtpx:TrackPointExtension></extensions>
      </trkpt>
      <trkpt lat="46.555866" lon="6.494479">
        <ele>815.8</ele>
        <time>2026-09-15T09:16:16.000Z</time>
        <extensions><power>42</power><gpxtpx:TrackPointExtension><gpxtpx:hr>139</gpxtpx:hr><gpxtpx:cad>64</gpxtpx:cad></gpxtpx:TrackPointExtension></extensions>
      </trkpt>
      <trkpt lat="46.555858" lon="6.494661">
        <ele>815.2</ele>
        <time>2026-09-15T09:16:20.000Z</time>
        <extensions><power>42</power><gpxtpx:TrackPointExtension><gpxtpx:hr>139</gpxtpx:hr><gpxtpx:cad>64</gpxtpx:cad></gpxtpx:TrackPointExtension></extensions>
      </trkpt>
      <trkpt lat="46.555853" lon="6.494844">
        <ele>814.6</ele>
        <time>2026-09-15T09:16:24.000Z</time>
        <extensions><power>42</power><gpxtpx:TrackPointExtension><gpxtpx:hr>139</gpxtpx:hr><gpxtpx:cad>64</gpxtpx:cad></gpxtpx:TrackPointExtension></extensions>
      </trkpt>
      <trkpt lat="46.555851" lon="6.495027">
        <ele>814.0</ele>
        <time>2026-09-15T09:16:28.000Z</time>
        <extensions><power>41</power><gpxtpx:TrackPointExtension><gpxtpx:hr>139</gpxtpx:hr><gpxtpx:cad>64</gpxtpx:cad></gpxtpx:TrackPointExtension></extensions>
      </trkpt>
      <trkpt lat="46.555850" lon="6.495211">
        <ele>813.4</ele>
        <time>2026-09-15T09:16:32.000Z</time>
        <extensions><power>41</power><gpxtpx:TrackPointExtension><gpxtpx:hr>139</gpxtpx:hr><gpxtpx:cad>64</gpxtpx:cad></gpxtpx:TrackPointExtension></extensions>
      </trkpt>
      <trkpt lat="46.555848" lon="6.495394">
        <ele>812.8</ele>
        <time>2026-09-15T09:16:36.000Z</time>
        <extensions><power>41</power><gpxtpx:TrackPointExtension><gpxtpx:hr>139</gpxtpx:hr><gpxtpx:cad>64</gpxtpx:cad></gpxtpx:TrackPointExtension></extensions>
      </trkpt>
      <trkpt lat="46.555845" lon="6.495577">
        <ele>812.2</ele>
        <time>2026-09-15T09:16:40.000Z</time>
        <extensions><power>41</power><gpxtpx:TrackPointExtension><gpxtpx:hr>139</gpxtpx:hr><gpxtpx:cad>64</gpxtpx:cad></gpxtpx:TrackPointExtension></extensions>
      </trkpt>
      <trkpt lat="46.555838" lon="6.495757">
        <ele>811.6</ele>
        <time>2026-09-15T09:16:44.000Z</time>
        <extensions><power>41</power><gpxtpx:TrackPointExtension><gpxtpx:hr>139</gpxtpx:hr><gpxtpx:cad>64</gpxtpx:cad></gpxtpx:TrackPointExtension></extensions>
      </trkpt>
      <trkpt lat="46.555827" lon="6.495936">
        <ele>811.0</ele>
        <time>2026-09-15T09:16:48.000Z</time>
        <extensions><power>41</power><gpxtpx:TrackPointExtension><gpxtpx:hr>138</gpxtpx:hr><gpxtpx:cad>64</gpxtpx:cad></gpxtpx:TrackPointExtension></extensions>
      </trkpt>
      <trkpt lat="46.555810" lon="6.496112">
        <ele>810.4</ele>
        <time>2026-09-15T09:16:52.000Z</time>
        <extensions><power>41</power><gpxtpx:TrackPointExtension><gpxtpx:hr>138</gpxtpx:hr><gpxtpx:cad>64</gpxtpx:cad></gpxtpx:TrackPointExtension></extensions>
      </trkpt>
      <trkpt lat="46.555787" lon="6.496285">
        <ele>809.7</ele>
        <time>2026-09-15T09:16:56.000Z</time>
        <extensions><power>40</power><gpxtpx:TrackPointExtension><gpxtpx:hr>138</gpxtpx:hr><gpxtpx:cad>64</gpxtpx:cad></gpxtpx:TrackPointExtension></extensions>
      </trkpt>
      <trkpt lat="46.555757" lon="6.496455">
        <ele>809.1</ele>
        <time>2026-09-15T09:17:00.000Z</time>
        <extensions><power>40</power><gpxtpx:TrackPointExtension><gpxtpx:hr>138</gpxtpx:hr><gpxtpx:cad>64</gpxtpx:cad></gpxtpx:TrackPointExtension></extensions>
      </trkpt>
      <trkpt lat="46.555718" lon="6.496622">
        <ele>808.5</ele>
        <time>2026-09-15T09:17:04.000Z</time>
        <extensions><power>40</power><gpxtpx:TrackPointExtension><gpxtpx:hr>138</gpxtpx:hr><gpxtpx:cad>64</gpxtpx:cad></gpxtpx:TrackPointExtension></extensions>
      </trkpt>
      <trkpt lat="46.555671" lon="6.496786">
        <ele>807.9</ele>
        <time>2026-09-15T09:17:08.000Z</time>
        <extensions><power>40</power><gpxtpx:TrackPointExtension><gpxtpx:hr>138</gpxtpx:hr><gpxtpx:cad>64</gpxtpx:cad></gpxtpx:TrackPointExtension></extensions>
      </trkpt>
      <trkpt lat="46.555614" lon="6.496946">
        <ele>807.3</ele>
        <time>2026-09-15T09:17:12.000Z</time>
        <extensions><power>40</power><gpxtpx:TrackPointExtension><gpxtpx:hr>138</gpxtpx:hr><gpxtpx:cad>64</gpxtpx:cad></gpxtpx:TrackPointExtension></extensions>
      </trkpt>
      <trkpt lat="46.555549" lon="6.497102">
        <ele>806.6</ele>
        <time>2026-09-15T09:17:16.000Z</time>
        <extensions><power>40</power><gpxtpx:TrackPointExtension><gpxtpx:hr>138</gpxtpx:hr><gpxtpx:cad>64</gpxtpx:cad></gpxtpx:TrackPointExtension></extensions>
      </trkpt>
      <trkpt lat="46.555474" lon="6.497255">
        <ele>806.0</ele>
        <time>2026-09-15T09:17:20.000Z</time>
        <extensions><power>40</power><gpxtpx:TrackPointExtension><gpxtpx:hr>138</gpxtpx:hr><gpxtpx:cad>64</gpxtpx:cad></gpxtpx:TrackPointExtension></extensions>
      </trkpt>
      <trkpt lat="46.555389" lon="6.497405">
        <ele>805.4</ele>
        <time>2026-09-15T09:17:24.000Z</time>
        <extensions><power>40</power><gpxtpx:TrackPointExtension><gpxtpx:hr>138</gpxtpx:hr><gpxtpx:cad>64</gpxtpx:cad></gpxtpx:TrackPointExtension></extensions>
      </trkpt>
      <trkpt lat="46.555295" lon="6.497551">
        <ele>804.8</ele>
        <time>2026-09-15T09:17:28.000Z</time>
        <extensions><power>40</power><gpxtpx:TrackPointExtension><gpxtpx:hr>138</gpxtpx:hr><gpxtpx:cad>64</gpxtpx:cad></gpxtpx:TrackPointExtension></extensions>
      </trkpt>
      <trkpt lat="46.555193" lon="6.497695">
        <ele>804.1</ele>
        <time>2026-09-15T09:17:32.000Z</time>
        <extensions><power>40</power><gpxtpx:TrackPointExtension><gpxtpx:hr>138</gpxtpx:hr><gpxtpx:cad>64</gpxtpx:cad></gpxtpx:TrackPointExtension></extensions>
      </trkpt>
      <trkpt lat="46.555083" lon="6.497837">
        <ele>803.5</ele>
        <time>2026-09-15T09:17:36.000Z</time>
        <extensions><power>40</power><gpxtpx:TrackPointExtension><gpxtpx:hr>138</gpxtpx:hr><gpxtpx:cad>64</gpxtpx:cad></gpxtpx:TrackPointExtension></extensions>
      </trkpt>
      <trkpt lat="46.554965" lon="6.497976">
        <ele>802.9</ele>
        <time>2026-09-15T09:17:40.000Z</time>
        <extensions><power>40</power><gpxtpx:TrackPointExtension><gpxtpx:hr>138</gpxtpx:hr><gpxtpx:cad>64</gpxtpx:cad></gpxtpx:TrackPointExtension></extensions>
      </trkpt>
      <trkpt lat="46.554841" lon="6.498113">
        <ele>802.2</ele>
        <time>2026-09-15T09:17:44.000Z</time>
        <extensions><power>40</power><gpxtpx:TrackPointExtension><gpxtpx:hr>138</gpxtpx:hr><gpxtpx:cad>64</gpxtpx:cad></gpxtpx:TrackPointExtension></extensions>
      </trkpt>
      <trkpt lat="46.554710" lon="6.498249">
        <ele>801.6</ele>
        <time>2026-09-15T09:17:48.000Z</time>
        <extensions><power>40</power><gpxtpx:TrackPointExtension><gpxtpx:hr>137</gpxtpx:hr><gpxtpx:cad>64</gpxtpx:cad></gpxtpx:TrackPointExtension></extensions>
      </trkpt>
      <trkpt lat="46.554576" lon="6.498384">
        <ele>801.0</ele>
        <time>2026-09-15T09:17:52.000Z</time>
        <extensions><power>40</power><gpxtpx:TrackPointExtension><gpxtpx:hr>137</gpxtpx:hr><gpxtpx:cad>64</gpxtpx:cad></gpxtpx:TrackPointExtension></extensions>
      </trkpt>
      <trkpt lat="46.554437" lon="6.498519">
        <ele>800.3</ele>
        <time>2026-09-15T09:17:56.000Z</time>
        <extensions><power>40</power><gpxtpx:TrackPointExtension><gpxtpx:hr>137</gpxtpx:hr><gpxtpx:cad>64</gpxtpx:cad></gpxtpx:TrackPointExtension></extensions>
      </trkpt>
      <trkpt lat="46.554296" lon="6.498653">
        <ele>799.7</ele>
        <time>2026-09-15T09:18:00.000Z</time>
        <extensions><power>40</power><gpxtpx:TrackPointExtension><gpxtpx:hr>137</gpxtpx:hr><gpxtpx:cad>64</gpxtpx:cad></gpxtpx:TrackPointExtension></extensions>
      </trkpt>
      <trkpt lat="46.554154" lon="6.498788">
        <ele>799.0</ele>
        <time>2026-09-15T09:18:04.000Z</time>
        <extensions><power>40</power><gpxtpx:TrackPointExtension><gpxtpx:hr>137</gpxtpx:hr><gpxtpx:cad>64</gpxtpx:cad></gpxtpx:TrackPointExtension></extensions>
      </trkpt>
      <trkpt lat="46.554012" lon="6.498923">
        <ele>798.4</ele>
        <time>2026-09-15T09:18:08.000Z</time>
        <extensions><power>40</power><gpxtpx:TrackPointExtension><gpxtpx:hr>137</gpxtpx:hr><gpxtpx:cad>64</gpxtpx:cad></gpxtpx:TrackPointExtension></extensions>
      </trkpt>
      <trkpt lat="46.553870" lon="6.499060">
        <ele>797.7</ele>
        <time>2026-09-15T09:18:12.000Z</time>
        <extensions><power>41</power><gpxtpx:TrackPointExtension><gpxtpx:hr>137</gpxtpx:hr><gpxtpx:cad>64</gpxtpx:cad></gpxtpx:TrackPointExtension></extensions>
      </trkpt>
      <trkpt lat="46.553731" lon="6.499198">
        <ele>797.1</ele>
        <time>2026-09-15T09:18:16.000Z</time>
        <extensions><power>41</power><gpxtpx:TrackPointExtension><gpxtpx:hr>137</gpxtpx:hr><gpxtpx:cad>64</gpxtpx:cad></gpxtpx:TrackPointExtension></extensions>
      </trkpt>
      <trkpt lat="46.553594" lon="6.499338">
        <ele>796.4</ele>
        <time>2026-09-15T09:18:20.000Z</time>
        <extensions><power>41</power><gpxtpx:TrackPointExtension><gpxtpx:hr>137</gpxtpx:hr><gpxtpx:cad>64</gpxtpx:cad></gpxtpx:TrackPointExtension></extensions>
      </trkpt>
      <trkpt lat="46.553462" lon="6.499480">
        <ele>795.8</ele>
        <time>2026-09-15T09:18:24.000Z</time>
        <extensions><power>41</power><gpxtpx:TrackPointExtension><gpxtpx:hr>137</gpxtpx:hr><gpxtpx:cad>64</gpxtpx:cad></gpxtpx:TrackPointExtension></extensions>
      </trkpt>
      <trkpt lat="46.553334" lon="6.499624">
        <ele>795.1</ele>
        <time>2026-09-15T09:18:28.000Z</time>
        <extensions><power>41</power><gpxtpx:TrackPointExtension><gpxtpx:hr>137</gpxtpx:hr><gpxtpx:cad>64</gpxtpx:cad></gpxtpx:TrackPointExtension></extensions>
      </trkpt>
      <trkpt lat="46.553212" lon="6.499771">
        <ele>794.5</ele>
        <time>2026-09-15T09:18:32.000Z</time>
        <extensions><power>41</power><gpxtpx:TrackPointExtension><gpxtpx:hr>137</gpxtpx:hr><gpxtpx:cad>64</gpxtpx:cad></gpxtpx:TrackPointExtension></extensions>
      </trkpt>
      <trkpt lat="46.553096" lon="6.499921">
        <ele>793.8</ele>
        <time>2026-09-15T09:18:36.000Z</time>
        <extensions><power>41</power><gpxtpx:TrackPointExtension><gpxtpx:hr>137</gpxtpx:hr><gpxtpx:cad>64</gpxtpx:cad></gpxtpx:TrackPointExtension></extensions>
      </trkpt>
      <trkpt lat="46.552987" lon="6.500073">
        <ele>793.2</ele>
        <time>2026-09-15T09:18:40.000Z</time>
        <extensions><power>41</power><gpxtpx:TrackPointExtension><gpxtpx:hr>137</gpxtpx:hr><gpxtpx:cad>64</gpxtpx:cad></gpxtpx:TrackPointExtension></extensions>
      </trkpt>
      <trkpt lat="46.552885" lon="6.500228">
        <ele>792.5</ele>
        <time>2026-09-15T09:18:44.000Z</time>
        <extensions><power>42</power><gpxtpx:TrackPointExtension><gpxtpx:hr>137</gpxtpx:hr><gpxtpx:cad>64</gpxtpx:cad></gpxtpx:TrackPointExtension></extensions>
      </trkpt>
      <trkpt lat="46.552790" lon="6.500385">
        <ele>791.9</ele>
        <time>2026-09-15T09:18:48.000Z</time>
        <extensions><power>42</power><gpxtpx:TrackPointExtension><gpxtpx:hr>137</gpxtpx:hr><gpxtpx:cad>64</gpxtpx:cad></gpxtpx:TrackPointExtension></extensions>
      </trkpt>
      <trkpt lat="46.552702" lon="6.500546">
        <ele>791.2</ele>
        <time>2026-09-15T09:18:52.000Z</time>
        <extensions><power>42</power><gpxtpx:TrackPointExtension><gpxtpx:hr>136</gpxtpx:hr><gpxtpx:cad>64</gpxtpx:cad></gpxtpx:TrackPointExtension></extensions>
      </trkpt>
      <trkpt lat="46.552621" lon="6.500709">
        <ele>790.5</ele>
        <time>2026-09-15T09:18:56.000Z</time>
        <extensions><power>42</power><gpxtpx:TrackPointExtension><gpxtpx:hr>136</gpxtpx:hr><gpxtpx:cad>64</gpxtpx:cad></gpxtpx:TrackPointExtension></extensions>
      </trkpt>
      <trkpt lat="46.552546" lon="6.500874">
        <ele>789.9</ele>
        <time>2026-09-15T09:19:00.000Z</time>
        <extensions><power>42</power><gpxtpx:TrackPointExtension><gpxtpx:hr>136</gpxtpx:hr><gpxtpx:cad>64</gpxtpx:cad></gpxtpx:TrackPointExtension></extensions>
      </trkpt>
      <trkpt lat="46.552478" lon="6.501041">
        <ele>789.2</ele>
        <time>2026-09-15T09:19:04.000Z</time>
        <extensions><power>43</power><gpxtpx:TrackPointExtension><gpxtpx:hr>136</gpxtpx:hr><gpxtpx:cad>64</gpxtpx:cad></gpxtpx:TrackPointExtension></extensions>
      </trkpt>
      <trkpt lat="46.552415" lon="6.501211">
        <ele>788.5</ele>
        <time>2026-09-15T09:19:08.000Z</time>
        <extensions><power>43</power><gpxtpx:TrackPointExtension><gpxtpx:hr>136</gpxtpx:hr><gpxtpx:cad>64</gpxtpx:cad></gpxtpx:TrackPointExtension></extensions>
      </trkpt>
      <trkpt lat="46.552356" lon="6.501381">
        <ele>787.9</ele>
        <time>2026-09-15T09:19:12.000Z</time>
        <extensions><power>43</power><gpxtpx:TrackPointExtension><gpxtpx:hr>136</gpxtpx:hr><gpxtpx:cad>64</gpxtpx:cad></gpxtpx:TrackPointExtension></extensions>
      </trkpt>
      <trkpt lat="46.552302" lon="6.501554">
        <ele>787.2</ele>
        <time>2026-09-15T09:19:16.000Z</time>
        <extensions><power>43</power><gpxtpx:TrackPointExtension><gpxtpx:hr>136</gpxtpx:hr><gpxtpx:cad>64</gpxtpx:cad></gpxtpx:TrackPointExtension></extensions>
      </trkpt>
      <trkpt lat="46.552249" lon="6.501727">
        <ele>786.5</ele>
        <time>2026-09-15T09:19:20.000Z</time>
        <extensions><power>44</power><gpxtpx:TrackPointExtension><gpxtpx:hr>136</gpxtpx:hr><gpxtpx:cad>64</gpxtpx:cad></gpxtpx:TrackPointExtension></extensions>
      </trkpt>
      <trkpt lat="46.552199" lon="6.501900">
        <ele>785.9</ele>
        <time>2026-09-15T09:19:24.000Z</time>
        <extensions><power>44</power><gpxtpx:TrackPointExtension><gpxtpx:hr>136</gpxtpx:hr><gpxtpx:cad>64</gpxtpx:cad></gpxtpx:TrackPointExtension></extensions>
      </trkpt>
      <trkpt lat="46.552149" lon="6.502074">
        <ele>785.2</ele>
        <time>2026-09-15T09:19:28.000Z</time>
        <extensions><power>44</power><gpxtpx:TrackPointExtension><gpxtpx:hr>136</gpxtpx:hr><gpxtpx:cad>64</gpxtpx:cad></gpxtpx:TrackPointExtension></extensions>
      </trkpt>
      <trkpt lat="46.552098" lon="6.502248">
        <ele>784.5</ele>
        <time>2026-09-15T09:19:32.000Z</time>
        <extensions><power>44</power><gpxtpx:TrackPointExtension><gpxtpx:hr>136</gpxtpx:hr><gpxtpx:cad>64</gpxtpx:cad></gpxtpx:TrackPointExtension></extensions>
      </trkpt>
      <trkpt lat="46.552045" lon="6.502422">
        <ele>783.8</ele>
        <time>2026-09-15T09:19:36.000Z</time>
        <extensions><power>45</power><gpxtpx:TrackPointExtension><gpxtpx:hr>136</gpxtpx:hr><gpxtpx:cad>64</gpxtpx:cad></gpxtpx:TrackPointExtension></extensions>
      </trkpt>
      <trkpt lat="46.551989" lon="6.502595">
        <ele>783.1</ele>
        <time>2026-09-15T09:19:40.000Z</time>
        <extensions><power>45</power><gpxtpx:TrackPointExtension><gpxtpx:hr>136</gpxtpx:hr><gpxtpx:cad>64</gpxtpx:cad></gpxtpx:TrackPointExtension></extensions>
      </trkpt>
      <trkpt lat="46.551927" lon="6.502767">
        <ele>782.5</ele>
        <time>2026-09-15T09:19:44.000Z</time>
        <extensions><power>45</power><gpxtpx:TrackPointExtension><gpxtpx:hr>136</gpxtpx:hr><gpxtpx:cad>64</gpxtpx:cad></gpxtpx:TrackPointExtension></extensions>
      </trkpt>
      <trkpt lat="46.551860" lon="6.502937">
        <ele>781.8</ele>
        <time>2026-09-15T09:19:48.000Z</time>
        <extensions><power>46</power><gpxtpx:TrackPointExtension><gpxtpx:hr>136</gpxtpx:hr><gpxtpx:cad>64</gpxtpx:cad></gpxtpx:TrackPointExtension></extensions>
      </trkpt>
      <trkpt lat="46.551786" lon="6.503106">
        <ele>781.1</ele>
        <time>2026-09-15T09:19:52.000Z</time>
        <extensions><power>46</power><gpxtpx:TrackPointExtension><gpxtpx:hr>136</gpxtpx:hr><gpxtpx:cad>64</gpxtpx:cad></gpxtpx:TrackPointExtension></extensions>
      </trkpt>
      <trkpt lat="46.551703" lon="6.503273">
        <ele>780.4</ele>
        <time>2026-09-15T09:19:56.000Z</time>
        <extensions><power>46</power><gpxtpx:TrackPointExtension><gpxtpx:hr>136</gpxtpx:hr><gpxtpx:cad>64</gpxtpx:cad></gpxtpx:TrackPointExtension></extensions>
      </trkpt>
      <trkpt lat="46.551612" lon="6.503439">
        <ele>779.7</ele>
        <time>2026-09-15T09:20:00.000Z</time>
        <extensions><power>47</power><gpxtpx:TrackPointExtension><gpxtpx:hr>135</gpxtpx:hr><gpxtpx:cad>64</gpxtpx:cad></gpxtpx:TrackPointExtension></extensions>
      </trkpt>
      <trkpt lat="46.551510" lon="6.503602">
        <ele>779.1</ele>
        <time>2026-09-15T09:20:04.000Z</time>
        <extensions><power>47</power><gpxtpx:TrackPointExtension><gpxtpx:hr>135</gpxtpx:hr><gpxtpx:cad>64</gpxtpx:cad></gpxtpx:TrackPointExtension></extensions>
      </trkpt>
      <trkpt lat="46.551397" lon="6.503763">
        <ele>778.4</ele>
        <time>2026-09-15T09:20:08.000Z</time>
        <extensions><power>47</power><gpxtpx:TrackPointExtension><gpxtpx:hr>135</gpxtpx:hr><gpxtpx:cad>64</gpxtpx:cad></gpxtpx:TrackPointExtension></extensions>
      </trkpt>
      <trkpt lat="46.551273" lon="6.503922">
        <ele>777.7</ele>
        <time>2026-09-15T09:20:12.000Z</time>
        <extensions><power>48</power><gpxtpx:TrackPointExtension><gpxtpx:hr>135</gpxtpx:hr><gpxtpx:cad>64</gpxtpx:cad></gpxtpx:TrackPointExtension></extensions>
      </trkpt>
      <trkpt lat="46.551137" lon="6.504079">
        <ele>777.0</ele>
        <time>2026-09-15T09:20:16.000Z</time>
        <extensions><power>48</power><gpxtpx:TrackPointExtension><gpxtpx:hr>135</gpxtpx:hr><gpxtpx:cad>64</gpxtpx:cad></gpxtpx:TrackPointExtension></extensions>
      </trkpt>
      <trkpt lat="46.550989" lon="6.504233">
        <ele>776.3</ele>
        <time>2026-09-15T09:20:20.000Z</time>
        <extensions><power>49</power><gpxtpx:TrackPointExtension><gpxtpx:hr>135</gpxtpx:hr><gpxtpx:cad>64</gpxtpx:cad></gpxtpx:TrackPointExtension></extensions>
      </trkpt>
      <trkpt lat="46.550829" lon="6.504386">
        <ele>775.6</ele>
        <time>2026-09-15T09:20:24.000Z</time>
        <extensions><power>49</power><gpxtpx:TrackPointExtension><gpxtpx:hr>135</gpxtpx:hr><gpxtpx:cad>64</gpxtpx:cad></gpxtpx:TrackPointExtension></extensions>
      </trkpt>
      <trkpt lat="46.550657" lon="6.504537">
        <ele>774.9</ele>
        <time>2026-09-15T09:20:28.000Z</time>
        <extensions><power>49</power><gpxtpx:TrackPointExtension><gpxtpx:hr>135</gpxtpx:hr><gpxtpx:cad>64</gpxtpx:cad></gpxtpx:TrackPointExtension></extensions>
      </trkpt>
      <trkpt lat="46.550473" lon="6.504685">
        <ele>774.2</ele>
        <time>2026-09-15T09:20:32.000Z</time>
        <extensions><power>50</power><gpxtpx:TrackPointExtension><gpxtpx:hr>135</gpxtpx:hr><gpxtpx:cad>64</gpxtpx:cad></gpxtpx:TrackPointExtension></extensions>
      </trkpt>
      <trkpt lat="46.550278" lon="6.504833">
        <ele>773.5</ele>
        <time>2026-09-15T09:20:36.000Z</time>
        <extensions><power>50</power><gpxtpx:TrackPointExtension><gpxtpx:hr>135</gpxtpx:hr><gpxtpx:cad>64</gpxtpx:cad></gpxtpx:TrackPointExtension></extensions>
      </trkpt>
      <trkpt lat="46.550072" lon="6.504979">
        <ele>772.8</ele>
        <time>2026-09-15T09:20:40.000Z</time>
        <extensions><power>51</power><gpxtpx:TrackPointExtension><gpxtpx:hr>135</gpxtpx:hr><gpxtpx:cad>64</gpxtpx:cad></gpxtpx:TrackPointExtension></extensions>
      </trkpt>
      <trkpt lat="46.549857" lon="6.505125">
        <ele>772.1</ele>
        <time>2026-09-15T09:20:44.000Z</time>
        <extensions><power>51</power><gpxtpx:TrackPointExtension><gpxtpx:hr>135</gpxtpx:hr><gpxtpx:cad>64</gpxtpx:cad></gpxtpx:TrackPointExtension></extensions>
      </trkpt>
      <trkpt lat="46.549633" lon="6.505269">
        <ele>771.4</ele>
        <time>2026-09-15T09:20:48.000Z</time>
        <extensions><power>52</power><gpxtpx:TrackPointExtension><gpxtpx:hr>135</gpxtpx:hr><gpxtpx:cad>64</gpxtpx:cad></gpxtpx:TrackPointExtension></extensions>
      </trkpt>
      <trkpt lat="46.549401" lon="6.505414">
        <ele>770.7</ele>
        <time>2026-09-15T09:20:52.000Z</time>
        <extensions><power>52</power><gpxtpx:TrackPointExtension><gpxtpx:hr>135</gpxtpx:hr><gpxtpx:cad>64</gpxtpx:cad></gpxtpx:TrackPointExtension></extensions>
      </trkpt>
      <trkpt lat="46.549163" lon="6.505558">
        <ele>770.0</ele>
        <time>2026-09-15T09:20:56.000Z</time>
        <extensions><power>52</power><gpxtpx:TrackPointExtension><gpxtpx:hr>135</gpxtpx:hr><gpxtpx:cad>64</gpxtpx:cad></gpxtpx:TrackPointExtension></extensions>
      </trkpt>
      <trkpt lat="46.548921" lon="6.505703">
        <ele>769.3</ele>
        <time>2026-09-15T09:21:00.000Z</time>
        <extensions><power>53</power><gpxtpx:TrackPointExtension><gpxtpx:hr>135</gpxtpx:hr><gpxtpx:cad>64</gpxtpx:cad></gpxtpx:TrackPointExtension></extensions>
      </trkpt>
      <trkpt lat="46.548675" lon="6.505848">
        <ele>768.6</ele>
        <time>2026-09-15T09:21:04.000Z</time>
        <extensions><power>53</power><gpxtpx:TrackPointExtension><gpxtpx:hr>135</gpxtpx:hr><gpxtpx:cad>64</gpxtpx:cad></gpxtpx:TrackPointExtension></extensions>
      </trkpt>
      <trkpt lat="46.548427" lon="6.505994">
        <ele>767.9</ele>
        <time>2026-09-15T09:21:08.000Z</time>
        <extensions><power>54</power><gpxtpx:TrackPointExtension><gpxtpx:hr>134</gpxtpx:hr><gpxtpx:cad>64</gpxtpx:cad></gpxtpx:TrackPointExtension></extensions>
      </trkpt>
      <trkpt lat="46.548180" lon="6.506142">
        <ele>767.2</ele>
        <time>2026-09-15T09:21:12.000Z</time>
        <extensions><power>54</power><gpxtpx:TrackPointExtension><gpxtpx:hr>134</gpxtpx:hr><gpxtpx:cad>64</gpxtpx:cad></gpxtpx:TrackPointExtension></extensions>
      </trkpt>
      <trkpt lat="46.547934" lon="6.506292">
        <ele>766.5</ele>
        <time>2026-09-15T09:21:16.000Z</time>
        <extensions><power>55</power><gpxtpx:TrackPointExtension><gpxtpx:hr>134</gpxtpx:hr><gpxtpx:cad>64</gpxtpx:cad></gpxtpx:TrackPointExtension></extensions>
      </trkpt>
      <trkpt lat="46.547691" lon="6.506443">
        <ele>765.8</ele>
        <time>2026-09-15T09:21:20.000Z</time>
        <extensions><power>55</power><gpxtpx:TrackPointExtension><gpxtpx:hr>134</gpxtpx:hr><gpxtpx:cad>64</gpxtpx:cad></gpxtpx:TrackPointExtension></extensions>
      </trkpt>
      <trkpt lat="46.547453" lon="6.506597">
        <ele>765.1</ele>
        <time>2026-09-15T09:21:24.000Z</time>
        <extensions><power>56</power><gpxtpx:TrackPointExtension><gpxtpx:hr>134</gpxtpx:hr><gpxtpx:cad>64</gpxtpx:cad></gpxtpx:TrackPointExtension></extensions>
      </trkpt>
      <trkpt lat="46.547222" lon="6.506753">
        <ele>764.4</ele>
        <time>2026-09-15T09:21:28.000Z</time>
        <extensions><power>56</power><gpxtpx:TrackPointExtension><gpxtpx:hr>134</gpxtpx:hr><gpxtpx:cad>64</gpxtpx:cad></gpxtpx:TrackPointExtension></extensions>
      </trkpt>
      <trkpt lat="46.546999" lon="6.506912">
        <ele>763.7</ele>
        <time>2026-09-15T09:21:32.000Z</time>
        <extensions><power>57</power><gpxtpx:TrackPointExtension><gpxtpx:hr>134</gpxtpx:hr><gpxtpx:cad>64</gpxtpx:cad></gpxtpx:TrackPointExtension></extensions>
      </trkpt>
      <trkpt lat="46.546785" lon="6.507074">
        <ele>763.0</ele>
        <time>2026-09-15T09:21:36.000Z</time>
        <extensions><power>57</power><gpxtpx:TrackPointExtension><gpxtpx:hr>134</gpxtpx:hr><gpxtpx:cad>64</gpxtpx:cad></gpxtpx:TrackPointExtension></extensions>
      </trkpt>
      <trkpt lat="46.546582" lon="6.507240">
        <ele>762.3</ele>
        <time>2026-09-15T09:21:40.000Z</time>
        <extensions><power>58</power><gpxtpx:TrackPointExtension><gpxtpx:hr>134</gpxtpx:hr><gpxtpx:cad>64</gpxtpx:cad></gpxtpx:TrackPointExtension></extensions>
      </trkpt>
      <trkpt lat="46.546391" lon="6.507408">
        <ele>761.6</ele>
        <time>2026-09-15T09:21:44.000Z</time>
        <extensions><power>59</power><gpxtpx:TrackPointExtension><gpxtpx:hr>134</gpxtpx:hr><gpxtpx:cad>64</gpxtpx:cad></gpxtpx:TrackPointExtension></extensions>
      </trkpt>
      <trkpt lat="46.546213" lon="6.507579">
        <ele>760.9</ele>
        <time>2026-09-15T09:21:48.000Z</time>
        <extensions><power>59</power><gpxtpx:TrackPointExtension><gpxtpx:hr>134</gpxtpx:hr><gpxtpx:cad>64</gpxtpx:cad></gpxtpx:TrackPointExtension></extensions>
      </trkpt>
      <trkpt lat="46.546049" lon="6.507754">
        <ele>760.1</ele>
        <time>2026-09-15T09:21:52.000Z</time>
        <extensions><power>60</power><gpxtpx:TrackPointExtension><gpxtpx:hr>134</gpxtpx:hr><gpxtpx:cad>64</gpxtpx:cad></gpxtpx:TrackPointExtension></extensions>
      </trkpt>
      <trkpt lat="46.545900" lon="6.507932">
        <ele>759.4</ele>
        <time>2026-09-15T09:21:56.000Z</time>
        <extensions><power>60</power><gpxtpx:TrackPointExtension><gpxtpx:hr>134</gpxtpx:hr><gpxtpx:cad>64</gpxtpx:cad></gpxtpx:TrackPointExtension></extensions>
      </trkpt>
      <trkpt lat="46.545766" lon="6.508113">
        <ele>758.7</ele>
        <time>2026-09-15T09:22:00.000Z</time>
        <extensions><power>61</power><gpxtpx:TrackPointExtension><gpxtpx:hr>134</gpxtpx:hr><gpxtpx:cad>64</gpxtpx:cad></gpxtpx:TrackPointExtension></extensions>
      </trkpt>
      <trkpt lat="46.545647" lon="6.508297">
        <ele>758.0</ele>
        <time>2026-09-15T09:22:04.000Z</time>
        <extensions><power>61</power><gpxtpx:TrackPointExtension><gpxtpx:hr>134</gpxtpx:hr><gpxtpx:cad>64</gpxtpx:cad></gpxtpx:TrackPointExtension></extensions>
      </trkpt>
      <trkpt lat="46.545544" lon="6.508485">
        <ele>757.3</ele>
        <time>2026-09-15T09:22:08.000Z</time>
        <extensions><power>62</power><gpxtpx:TrackPointExtension><gpxtpx:hr>134</gpxtpx:hr><gpxtpx:cad>64</gpxtpx:cad></gpxtpx:TrackPointExtension></extensions>
      </trkpt>
      <trkpt lat="46.545457" lon="6.508675">
        <ele>756.6</ele>
        <time>2026-09-15T09:22:12.000Z</time>
        <extensions><power>63</power><gpxtpx:TrackPointExtension><gpxtpx:hr>134</gpxtpx:hr><gpxtpx:cad>64</gpxtpx:cad></gpxtpx:TrackPointExtension></extensions>
      </trkpt>
      <trkpt lat="46.545386" lon="6.508868">
        <ele>755.8</ele>
        <time>2026-09-15T09:22:16.000Z</time>
        <extensions><power>63</power><gpxtpx:TrackPointExtension><gpxtpx:hr>134</gpxtpx:hr><gpxtpx:cad>64</gpxtpx:cad></gpxtpx:TrackPointExtension></extensions>
      </trkpt>
      <trkpt lat="46.545329" lon="6.509063">
        <ele>755.1</ele>
        <time>2026-09-15T09:22:20.000Z</time>
        <extensions><power>64</power><gpxtpx:TrackPointExtension><gpxtpx:hr>133</gpxtpx:hr><gpxtpx:cad>64</gpxtpx:cad></gpxtpx:TrackPointExtension></extensions>
      </trkpt>
      <trkpt lat="46.545287" lon="6.509261">
        <ele>754.4</ele>
        <time>2026-09-15T09:22:24.000Z</time>
        <extensions><power>64</power><gpxtpx:TrackPointExtension><gpxtpx:hr>133</gpxtpx:hr><gpxtpx:cad>64</gpxtpx:cad></gpxtpx:TrackPointExtension></extensions>
      </trkpt>
      <trkpt lat="46.545258" lon="6.509461">
        <ele>753.7</ele>
        <time>2026-09-15T09:22:28.000Z</time>
        <extensions><power>65</power><gpxtpx:TrackPointExtension><gpxtpx:hr>133</gpxtpx:hr><gpxtpx:cad>64</gpxtpx:cad></gpxtpx:TrackPointExtension></extensions>
      </trkpt>
      <trkpt lat="46.545243" lon="6.509663">
        <ele>753.0</ele>
        <time>2026-09-15T09:22:32.000Z</time>
        <extensions><power>66</power><gpxtpx:TrackPointExtension><gpxtpx:hr>133</gpxtpx:hr><gpxtpx:cad>64</gpxtpx:cad></gpxtpx:TrackPointExtension></extensions>
      </trkpt>
      <trkpt lat="46.545239" lon="6.509866">
        <ele>752.2</ele>
        <time>2026-09-15T09:22:36.000Z</time>
        <extensions><power>66</power><gpxtpx:TrackPointExtension><gpxtpx:hr>133</gpxtpx:hr><gpxtpx:cad>64</gpxtpx:cad></gpxtpx:TrackPointExtension></extensions>
      </trkpt>
      <trkpt lat="46.545246" lon="6.510071">
        <ele>751.5</ele>
        <time>2026-09-15T09:22:40.000Z</time>
        <extensions><power>67</power><gpxtpx:TrackPointExtension><gpxtpx:hr>133</gpxtpx:hr><gpxtpx:cad>64</gpxtpx:cad></gpxtpx:TrackPointExtension></extensions>
      </trkpt>
      <trkpt lat="46.545263" lon="6.510276">
        <ele>750.8</ele>
        <time>2026-09-15T09:22:44.000Z</time>
        <extensions><power>68</power><gpxtpx:TrackPointExtension><gpxtpx:hr>133</gpxtpx:hr><gpxtpx:cad>64</gpxtpx:cad></gpxtpx:TrackPointExtension></extensions>
      </trkpt>
      <trkpt lat="46.545288" lon="6.510483">
        <ele>750.1</ele>
        <time>2026-09-15T09:22:48.000Z</time>
        <extensions><power>68</power><gpxtpx:TrackPointExtension><gpxtpx:hr>133</gpxtpx:hr><gpxtpx:cad>64</gpxtpx:cad></gpxtpx:TrackPointExtension></extensions>
      </trkpt>
      <trkpt lat="46.545320" lon="6.510690">
        <ele>749.3</ele>
        <time>2026-09-15T09:22:52.000Z</time>
        <extensions><power>69</power><gpxtpx:TrackPointExtension><gpxtpx:hr>133</gpxtpx:hr><gpxtpx:cad>64</gpxtpx:cad></gpxtpx:TrackPointExtension></extensions>
      </trkpt>
      <trkpt lat="46.545358" lon="6.510898">
        <ele>748.6</ele>
        <time>2026-09-15T09:22:56.000Z</time>
        <extensions><power>69</power><gpxtpx:TrackPointExtension><gpxtpx:hr>133</gpxtpx:hr><gpxtpx:cad>64</gpxtpx:cad></gpxtpx:TrackPointExtension></extensions>
      </trkpt>
      <trkpt lat="46.545399" lon="6.511106">
        <ele>747.9</ele>
        <time>2026-09-15T09:23:00.000Z</time>
        <extensions><power>70</power><gpxtpx:TrackPointExtension><gpxtpx:hr>133</gpxtpx:hr><gpxtpx:cad>64</gpxtpx:cad></gpxtpx:TrackPointExtension></extensions>
      </trkpt>
      <trkpt lat="46.545444" lon="6.511314">
        <ele>747.2</ele>
        <time>2026-09-15T09:23:04.000Z</time>
        <extensions><power>71</power><gpxtpx:TrackPointExtension><gpxtpx:hr>133</gpxtpx:hr><gpxtpx:cad>64</gpxtpx:cad></gpxtpx:TrackPointExtension></extensions>
      </trkpt>
      <trkpt lat="46.545491" lon="6.511521">
        <ele>746.4</ele>
        <time>2026-09-15T09:23:08.000Z</time>
        <extensions><power>71</power><gpxtpx:TrackPointExtension><gpxtpx:hr>133</gpxtpx:hr><gpxtpx:cad>64</gpxtpx:cad></gpxtpx:TrackPointExtension></extensions>
      </trkpt>
      <trkpt lat="46.545538" lon="6.511729">
        <ele>745.7</ele>
        <time>2026-09-15T09:23:12.000Z</time>
        <extensions><power>72</power><gpxtpx:TrackPointExtension><gpxtpx:hr>133</gpxtpx:hr><gpxtpx:cad>64</gpxtpx:cad></gpxtpx:TrackPointExtension></extensions>
      </trkpt>
      <trkpt lat="46.545585" lon="6.511936">
        <ele>745.0</ele>
        <time>2026-09-15T09:23:16.000Z</time>
        <extensions><power>73</power><gpxtpx:TrackPointExtension><gpxtpx:hr>133</gpxtpx:hr><gpxtpx:cad>64</gpxtpx:cad></gpxtpx:TrackPointExtension></extensions>
      </trkpt>
      <trkpt lat="46.545631" lon="6.512143">
        <ele>744.2</ele>
        <time>2026-09-15T09:23:20.000Z</time>
        <extensions><power>74</power><gpxtpx:TrackPointExtension><gpxtpx:hr>133</gpxtpx:hr><gpxtpx:cad>64</gpxtpx:cad></gpxtpx:TrackPointExtension></extensions>
      </trkpt>
      <trkpt lat="46.545674" lon="6.512349">
        <ele>743.5</ele>
        <time>2026-09-15T09:23:24.000Z</time>
        <extensions><power>74</power><gpxtpx:TrackPointExtension><gpxtpx:hr>133</gpxtpx:hr><gpxtpx:cad>65</gpxtpx:cad></gpxtpx:TrackPointExtension></extensions>
      </trkpt>
      <trkpt lat="46.545714" lon="6.512554">
        <ele>742.8</ele>
        <time>2026-09-15T09:23:28.000Z</time>
        <extensions><power>75</power><gpxtpx:TrackPointExtension><gpxtpx:hr>133</gpxtpx:hr><gpxtpx:cad>65</gpxtpx:cad></gpxtpx:TrackPointExtension></extensions>
      </trkpt>
      <trkpt lat="46.545750" lon="6.512759">
        <ele>742.0</ele>
        <time>2026-09-15T09:23:32.000Z</time>
        <extensions><power>76</power><gpxtpx:TrackPointExtension><gpxtpx:hr>133</gpxtpx:hr><gpxtpx:cad>65</gpxtpx:cad></gpxtpx:TrackPointExtension></extensions>
      </trkpt>
      <trkpt lat="46.545783" lon="6.512963">
        <ele>741.3</ele>
        <time>2026-09-15T09:23:36.000Z</time>
        <extensions><power>76</power><gpxtpx:TrackPointExtension><gpxtpx:hr>133</gpxtpx:hr><gpxtpx:cad>65</gpxtpx:cad></gpxtpx:TrackPointExtension></extensions>
      </trkpt>
      <trkpt lat="46.545811" lon="6.513167">
        <ele>740.6</ele>
        <time>2026-09-15T09:23:40.000Z</time>
        <extensions><power>77</power><gpxtpx:TrackPointExtension><gpxtpx:hr>132</gpxtpx:hr><gpxtpx:cad>65</gpxtpx:cad></gpxtpx:TrackPointExtension></extensions>
      </trkpt>
      <trkpt lat="46.545835" lon="6.513370">
        <ele>739.8</ele>
        <time>2026-09-15T09:23:44.000Z</time>
        <extensions><power>78</power><gpxtpx:TrackPointExtension><gpxtpx:hr>132</gpxtpx:hr><gpxtpx:cad>65</gpxtpx:cad></gpxtpx:TrackPointExtension></extensions>
      </trkpt>
      <trkpt lat="46.545855" lon="6.513572">
        <ele>739.1</ele>
        <time>2026-09-15T09:23:48.000Z</time>
        <extensions><power>78</power><gpxtpx:TrackPointExtension><gpxtpx:hr>132</gpxtpx:hr><gpxtpx:cad>65</gpxtpx:cad></gpxtpx:TrackPointExtension></extensions>
      </trkpt>
      <trkpt lat="46.545870" lon="6.513774">
        <ele>738.4</ele>
        <time>2026-09-15T09:23:52.000Z</time>
        <extensions><power>79</power><gpxtpx:TrackPointExtension><gpxtpx:hr>132</gpxtpx:hr><gpxtpx:cad>65</gpxtpx:cad></gpxtpx:TrackPointExtension></extensions>
      </trkpt>
      <trkpt lat="46.545883" lon="6.513976">
        <ele>737.6</ele>
        <time>2026-09-15T09:23:56.000Z</time>
        <extensions><power>80</power><gpxtpx:TrackPointExtension><gpxtpx:hr>132</gpxtpx:hr><gpxtpx:cad>65</gpxtpx:cad></gpxtpx:TrackPointExtension></extensions>
      </trkpt>
      <trkpt lat="46.545892" lon="6.514177">
        <ele>736.9</ele>
        <time>2026-09-15T09:24:00.000Z</time>
        <extensions><power>81</power><gpxtpx:TrackPointExtension><gpxtpx:hr>132</gpxtpx:hr><gpxtpx:cad>65</gpxtpx:cad></gpxtpx:TrackPointExtension></extensions>
      </trkpt>
      <trkpt lat="46.545899" lon="6.514379">
        <ele>736.2</ele>
        <time>2026-09-15T09:24:04.000Z</time>
        <extensions><power>81</power><gpxtpx:TrackPointExtension><gpxtpx:hr>132</gpxtpx:hr><gpxtpx:cad>65</gpxtpx:cad></gpxtpx:TrackPointExtension></extensions>
      </trkpt>
      <trkpt lat="46.545905" lon="6.514579">
        <ele>735.4</ele>
        <time>2026-09-15T09:24:08.000Z</time>
        <extensions><power>82</power><gpxtpx:TrackPointExtension><gpxtpx:hr>132</gpxtpx:hr><gpxtpx:cad>65</gpxtpx:cad></gpxtpx:TrackPointExtension></extensions>
      </trkpt>
      <trkpt lat="46.545911" lon="6.514780">
        <ele>734.7</ele>
        <time>2026-09-15T09:24:12.000Z</time>
        <extensions><power>83</power><gpxtpx:TrackPointExtension><gpxtpx:hr>132</gpxtpx:hr><gpxtpx:cad>65</gpxtpx:cad></gpxtpx:TrackPointExtension></extensions>
      </trkpt>
      <trkpt lat="46.545917" lon="6.514981">
        <ele>733.9</ele>
        <time>2026-09-15T09:24:16.000Z</time>
        <extensions><power>83</power><gpxtpx:TrackPointExtension><gpxtpx:hr>132</gpxtpx:hr><gpxtpx:cad>65</gpxtpx:cad></gpxtpx:TrackPointExtension></extensions>
      </trkpt>
      <trkpt lat="46.545925" lon="6.515182">
        <ele>733.2</ele>
        <time>2026-09-15T09:24:20.000Z</time>
        <extensions><power>84</power><gpxtpx:TrackPointExtension><gpxtpx:hr>132</gpxtpx:hr><gpxtpx:cad>65</gpxtpx:cad></gpxtpx:TrackPointExtension></extensions>
      </trkpt>
      <trkpt lat="46.545936" lon="6.515383">
        <ele>732.5</ele>
        <time>2026-09-15T09:24:24.000Z</time>
        <extensions><power>85</power><gpxtpx:TrackPointExtension><gpxtpx:hr>132</gpxtpx:hr><gpxtpx:cad>65</gpxtpx:cad></gpxtpx:TrackPointExtension></extensions>
      </trkpt>
      <trkpt lat="46.545951" lon="6.515584">
        <ele>731.7</ele>
        <time>2026-09-15T09:24:28.000Z</time>
        <extensions><power>86</power><gpxtpx:TrackPointExtension><gpxtpx:hr>132</gpxtpx:hr><gpxtpx:cad>65</gpxtpx:cad></gpxtpx:TrackPointExtension></extensions>
      </trkpt>
      <trkpt lat="46.545971" lon="6.515785">
        <ele>731.0</ele>
        <time>2026-09-15T09:24:32.000Z</time>
        <extensions><power>86</power><gpxtpx:TrackPointExtension><gpxtpx:hr>132</gpxtpx:hr><gpxtpx:cad>65</gpxtpx:cad></gpxtpx:TrackPointExtension></extensions>
      </trkpt>
      <trkpt lat="46.545997" lon="6.515986">
        <ele>730.3</ele>
        <time>2026-09-15T09:24:36.000Z</time>
        <extensions><power>87</power><gpxtpx:TrackPointExtension><gpxtpx:hr>132</gpxtpx:hr><gpxtpx:cad>65</gpxtpx:cad></gpxtpx:TrackPointExtension></extensions>
      </trkpt>
      <trkpt lat="46.546031" lon="6.516188">
        <ele>729.5</ele>
        <time>2026-09-15T09:24:40.000Z</time>
        <extensions><power>88</power><gpxtpx:TrackPointExtension><gpxtpx:hr>132</gpxtpx:hr><gpxtpx:cad>65</gpxtpx:cad></gpxtpx:TrackPointExtension></extensions>
      </trkpt>
      <trkpt lat="46.546074" lon="6.516390">
        <ele>728.8</ele>
        <time>2026-09-15T09:24:44.000Z</time>
        <extensions><power>89</power><gpxtpx:TrackPointExtension><gpxtpx:hr>132</gpxtpx:hr><gpxtpx:cad>65</gpxtpx:cad></gpxtpx:TrackPointExtension></extensions>
      </trkpt>
      <trkpt lat="46.546126" lon="6.516592">
        <ele>728.0</ele>
        <time>2026-09-15T09:24:48.000Z</time>
        <extensions><power>89</power><gpxtpx:TrackPointExtension><gpxtpx:hr>132</gpxtpx:hr><gpxtpx:cad>65</gpxtpx:cad></gpxtpx:TrackPointExtension></extensions>
      </trkpt>
      <trkpt lat="46.546188" lon="6.516793">
        <ele>727.3</ele>
        <time>2026-09-15T09:24:52.000Z</time>
        <extensions><power>90</power><gpxtpx:TrackPointExtension><gpxtpx:hr>132</gpxtpx:hr><gpxtpx:cad>65</gpxtpx:cad></gpxtpx:TrackPointExtension></extensions>
      </trkpt>
      <trkpt lat="46.546261" lon="6.516995">
        <ele>726.5</ele>
        <time>2026-09-15T09:24:56.000Z</time>
        <extensions><power>91</power><gpxtpx:TrackPointExtension><gpxtpx:hr>132</gpxtpx:hr><gpxtpx:cad>65</gpxtpx:cad></gpxtpx:TrackPointExtension></extensions>
      </trkpt>
      <trkpt lat="46.546346" lon="6.517197">
        <ele>725.8</ele>
        <time>2026-09-15T09:25:00.000Z</time>
        <extensions><power>92</power><gpxtpx:TrackPointExtension><gpxtpx:hr>132</gpxtpx:hr><gpxtpx:cad>65</gpxtpx:cad></gpxtpx:TrackPointExtension></extensions>
      </trkpt>
      <trkpt lat="46.546443" lon="6.517399">
        <ele>725.1</ele>
        <time>2026-09-15T09:25:04.000Z</time>
        <extensions><power>93</power><gpxtpx:TrackPointExtension><gpxtpx:hr>132</gpxtpx:hr><gpxtpx:cad>65</gpxtpx:cad></gpxtpx:TrackPointExtension></extensions>
      </trkpt>
      <trkpt lat="46.546552" lon="6.517600">
        <ele>724.3</ele>
        <time>2026-09-15T09:25:08.000Z</time>
        <extensions><power>93</power><gpxtpx:TrackPointExtension><gpxtpx:hr>131</gpxtpx:hr><gpxtpx:cad>65</gpxtpx:cad></gpxtpx:TrackPointExtension></extensions>
      </trkpt>
      <trkpt lat="46.546674" lon="6.517801">
        <ele>723.6</ele>
        <time>2026-09-15T09:25:12.000Z</time>
        <extensions><power>94</power><gpxtpx:TrackPointExtension><gpxtpx:hr>131</gpxtpx:hr><gpxtpx:cad>65</gpxtpx:cad></gpxtpx:TrackPointExtension></extensions>
      </trkpt>
      <trkpt lat="46.546808" lon="6.518002">
        <ele>722.8</ele>
        <time>2026-09-15T09:25:16.000Z</time>
        <extensions><power>95</power><gpxtpx:TrackPointExtension><gpxtpx:hr>131</gpxtpx:hr><gpxtpx:cad>65</gpxtpx:cad></gpxtpx:TrackPointExtension></extensions>
      </trkpt>
      <trkpt lat="46.546953" lon="6.518202">
        <ele>722.1</ele>
        <time>2026-09-15T09:25:20.000Z</time>
        <extensions><power>96</power><gpxtpx:TrackPointExtension><gpxtpx:hr>131</gpxtpx:hr><gpxtpx:cad>65</gpxtpx:cad></gpxtpx:TrackPointExtension></extensions>
      </trkpt>
      <trkpt lat="46.547110" lon="6.518402">
        <ele>721.3</ele>
        <time>2026-09-15T09:25:24.000Z</time>
        <extensions><power>96</power><gpxtpx:TrackPointExtension><gpxtpx:hr>131</gpxtpx:hr><gpxtpx:cad>65</gpxtpx:cad></gpxtpx:TrackPointExtension></extensions>
      </trkpt>
      <trkpt lat="46.547278" lon="6.518600">
        <ele>720.6</ele>
        <time>2026-09-15T09:25:28.000Z</time>
        <extensions><power>97</power><gpxtpx:TrackPointExtension><gpxtpx:hr>131</gpxtpx:hr><gpxtpx:cad>65</gpxtpx:cad></gpxtpx:TrackPointExtension></extensions>
      </trkpt>
      <trkpt lat="46.547456" lon="6.518798">
        <ele>719.9</ele>
        <time>2026-09-15T09:25:32.000Z</time>
        <extensions><power>98</power><gpxtpx:TrackPointExtension><gpxtpx:hr>131</gpxtpx:hr><gpxtpx:cad>65</gpxtpx:cad></gpxtpx:TrackPointExtension></extensions>
      </trkpt>
      <trkpt lat="46.547643" lon="6.518995">
        <ele>719.1</ele>
        <time>2026-09-15T09:25:36.000Z</time>
        <extensions><power>99</power><gpxtpx:TrackPointExtension><gpxtpx:hr>131</gpxtpx:hr><gpxtpx:cad>65</gpxtpx:cad></gpxtpx:TrackPointExtension></extensions>
      </trkpt>
      <trkpt lat="46.547838" lon="6.519191">
        <ele>718.4</ele>
        <time>2026-09-15T09:25:40.000Z</time>
        <extensions><power>99</power><gpxtpx:TrackPointExtension><gpxtpx:hr>131</gpxtpx:hr><gpxtpx:cad>65</gpxtpx:cad></gpxtpx:TrackPointExtension></extensions>
      </trkpt>
      <trkpt lat="46.548039" lon="6.519386">
        <ele>717.6</ele>
        <time>2026-09-15T09:25:44.000Z</time>
        <extensions><power>100</power><gpxtpx:TrackPointExtension><gpxtpx:hr>131</gpxtpx:hr><gpxtpx:cad>65</gpxtpx:cad></gpxtpx:TrackPointExtension></extensions>
      </trkpt>
      <trkpt lat="46.548246" lon="6.519579">
        <ele>716.9</ele>
        <time>2026-09-15T09:25:48.000Z</time>
        <extensions><power>101</power><gpxtpx:TrackPointExtension><gpxtpx:hr>131</gpxtpx:hr><gpxtpx:cad>65</gpxtpx:cad></gpxtpx:TrackPointExtension></extensions>
      </trkpt>
      <trkpt lat="46.548456" lon="6.519772">
        <ele>716.1</ele>
        <time>2026-09-15T09:25:52.000Z</time>
        <extensions><power>102</power><gpxtpx:TrackPointExtension><gpxtpx:hr>131</gpxtpx:hr><gpxtpx:cad>65</gpxtpx:cad></gpxtpx:TrackPointExtension></extensions>
      </trkpt>
      <trkpt lat="46.548669" lon="6.519963">
        <ele>715.4</ele>
        <time>2026-09-15T09:25:56.000Z</time>
        <extensions><power>103</power><gpxtpx:TrackPointExtension><gpxtpx:hr>131</gpxtpx:hr><gpxtpx:cad>65</gpxtpx:cad></gpxtpx:TrackPointExtension></extensions>
      </trkpt>
      <trkpt lat="46.548882" lon="6.520153">
        <ele>714.6</ele>
        <time>2026-09-15T09:26:00.000Z</time>
        <extensions><power>103</power><gpxtpx:TrackPointExtension><gpxtpx:hr>131</gpxtpx:hr><gpxtpx:cad>65</gpxtpx:cad></gpxtpx:TrackPointExtension></extensions>
      </trkpt>
      <trkpt lat="46.549094" lon="6.520342">
        <ele>713.9</ele>
        <time>2026-09-15T09:26:04.000Z</time>
        <extensions><power>104</power><gpxtpx:TrackPointExtension><gpxtpx:hr>131</gpxtpx:hr><gpxtpx:cad>65</gpxtpx:cad></gpxtpx:TrackPointExtension></extensions>
      </trkpt>
      <trkpt lat="46.549303" lon="6.520530">
        <ele>713.2</ele>
        <time>2026-09-15T09:26:08.000Z</time>
        <extensions><power>105</power><gpxtpx:TrackPointExtension><gpxtpx:hr>131</gpxtpx:hr><gpxtpx:cad>65</gpxtpx:cad></gpxtpx:TrackPointExtension></extensions>
      </trkpt>
      <trkpt lat="46.549508" lon="6.520717">
        <ele>712.4</ele>
        <time>2026-09-15T09:26:12.000Z</time>
        <extensions><power>106</power><gpxtpx:TrackPointExtension><gpxtpx:hr>131</gpxtpx:hr><gpxtpx:cad>65</gpxtpx:cad></gpxtpx:TrackPointExtension></extensions>
      </trkpt>
      <trkpt lat="46.549707" lon="6.520902">
        <ele>711.7</ele>
        <time>2026-09-15T09:26:16.000Z</time>
        <extensions><power>106</power><gpxtpx:TrackPointExtension><gpxtpx:hr>131</gpxtpx:hr><gpxtpx:cad>65</gpxtpx:cad></gpxtpx:TrackPointExtension></extensions>
      </trkpt>
      <trkpt lat="46.549899" lon="6.521087">
        <ele>710.9</ele>
        <time>2026-09-15T09:26:20.000Z</time>
        <extensions><power>107</power><gpxtpx:TrackPointExtension><gpxtpx:hr>131</gpxtpx:hr><gpxtpx:cad>65</gpxtpx:cad></gpxtpx:TrackPointExtension></extensions>
      </trkpt>
      <trkpt lat="46.550082" lon="6.521271">
        <ele>710.2</ele>
        <time>2026-09-15T09:26:24.000Z</time>
        <extensions><power>108</power><gpxtpx:TrackPointExtension><gpxtpx:hr>131</gpxtpx:hr><gpxtpx:cad>65</gpxtpx:cad></gpxtpx:TrackPointExtension></extensions>
      </trkpt>
      <trkpt lat="46.550255" lon="6.521454">
        <ele>709.4</ele>
        <time>2026-09-15T09:26:28.000Z</time>
        <extensions><power>109</power><gpxtpx:TrackPointExtension><gpxtpx:hr>131</gpxtpx:hr><gpxtpx:cad>65</gpxtpx:cad></gpxtpx:TrackPointExtension></extensions>
      </trkpt>
      <trkpt lat="46.550417" lon="6.521637">
        <ele>708.7</ele>
        <time>2026-09-15T09:26:32.000Z</time>
        <extensions><power>110</power><gpxtpx:TrackPointExtension><gpxtpx:hr>131</gpxtpx:hr><gpxtpx:cad>65</gpxtpx:cad></gpxtpx:TrackPointExtension></extensions>
      </trkpt>
      <trkpt lat="46.550567" lon="6.521819">
        <ele>707.9</ele>
        <time>2026-09-15T09:26:36.000Z</time>
        <extensions><power>110</power><gpxtpx:TrackPointExtension><gpxtpx:hr>131</gpxtpx:hr><gpxtpx:cad>65</gpxtpx:cad></gpxtpx:TrackPointExtension></extensions>
      </trkpt>
      <trkpt lat="46.550703" lon="6.522001">
        <ele>707.2</ele>
        <time>2026-09-15T09:26:40.000Z</time>
        <extensions><power>111</power><gpxtpx:TrackPointExtension><gpxtpx:hr>131</gpxtpx:hr><gpxtpx:cad>65</gpxtpx:cad></gpxtpx:TrackPointExtension></extensions>
      </trkpt>
      <trkpt lat="46.550826" lon="6.522183">
        <ele>706.4</ele>
        <time>2026-09-15T09:26:44.000Z</time>
        <extensions><power>112</power><gpxtpx:TrackPointExtension><gpxtpx:hr>131</gpxtpx:hr><gpxtpx:cad>65</gpxtpx:cad></gpxtpx:TrackPointExtension></extensions>
      </trkpt>
      <trkpt lat="46.550935" lon="6.522364">
        <ele>705.7</ele>
        <time>2026-09-15T09:26:48.000Z</time>
        <extensions><power>113</power><gpxtpx:TrackPointExtension><gpxtpx:hr>130</gpxtpx:hr><gpxtpx:cad>65</gpxtpx:cad></gpxtpx:TrackPointExtension></extensions>
      </trkpt>
      <trkpt lat="46.551029" lon="6.522546">
        <ele>705.0</ele>
        <time>2026-09-15T09:26:52.000Z</time>
        <extensions><power>114</power><gpxtpx:TrackPointExtension><gpxtpx:hr>130</gpxtpx:hr><gpxtpx:cad>65</gpxtpx:cad></gpxtpx:TrackPointExtension></extensions>
      </trkpt>
      <trkpt lat="46.551109" lon="6.522728">
        <ele>704.2</ele>
        <time>2026-09-15T09:26:56.000Z</time>
        <extensions><power>114</power><gpxtpx:TrackPointExtension><gpxtpx:hr>130</gpxtpx:hr><gpxtpx:cad>65</gpxtpx:cad></gpxtpx:TrackPointExtension></extensions>
      </trkpt>
      <trkpt lat="46.551175" lon="6.522910">
        <ele>703.5</ele>
        <time>2026-09-15T09:27:00.000Z</time>
        <extensions><power>115</power><gpxtpx:TrackPointExtension><gpxtpx:hr>130</gpxtpx:hr><gpxtpx:cad>65</gpxtpx:cad></gpxtpx:TrackPointExtension></extensions>
      </trkpt>
      <trkpt lat="46.551226" lon="6.523093">
        <ele>702.7</ele>
        <time>2026-09-15T09:27:04.000Z</time>
        <extensions><power>116</power><gpxtpx:TrackPointExtension><gpxtpx:hr>130</gpxtpx:hr><gpxtpx:cad>65</gpxtpx:cad></gpxtpx:TrackPointExtension></extensions>
      </trkpt>
      <trkpt lat="46.551264" lon="6.523276">
        <ele>702.0</ele>
        <time>2026-09-15T09:27:08.000Z</time>
        <extensions><power>117</power><gpxtpx:TrackPointExtension><gpxtpx:hr>130</gpxtpx:hr><gpxtpx:cad>65</gpxtpx:cad></gpxtpx:TrackPointExtension></extensions>
      </trkpt>
      <trkpt lat="46.551289" lon="6.523460">
        <ele>701.2</ele>
        <time>2026-09-15T09:27:12.000Z</time>
        <extensions><power>117</power><gpxtpx:TrackPointExtension><gpxtpx:hr>130</gpxtpx:hr><gpxtpx:cad>66</gpxtpx:cad></gpxtpx:TrackPointExtension></extensions>
      </trkpt>
      <trkpt lat="46.551301" lon="6.523645">
        <ele>700.5</ele>
        <time>2026-09-15T09:27:16.000Z</time>
        <extensions><power>118</power><gpxtpx:TrackPointExtension><gpxtpx:hr>130</gpxtpx:hr><gpxtpx:cad>66</gpxtpx:cad></gpxtpx:TrackPointExtension></extensions>
      </trkpt>
      <trkpt lat="46.551303" lon="6.523830">
        <ele>699.7</ele>
        <time>2026-09-15T09:27:20.000Z</time>
        <extensions><power>119</power><gpxtpx:TrackPointExtension><gpxtpx:hr>130</gpxtpx:hr><gpxtpx:cad>66</gpxtpx:cad></gpxtpx:TrackPointExtension></extensions>
      </trkpt>
      <trkpt lat="46.551295" lon="6.524016">
        <ele>699.0</ele>
        <time>2026-09-15T09:27:24.000Z</time>
        <extensions><power>120</power><gpxtpx:TrackPointExtension><gpxtpx:hr>130</gpxtpx:hr><gpxtpx:cad>66</gpxtpx:cad></gpxtpx:TrackPointExtension></extensions>
      </trkpt>
      <trkpt lat="46.551278" lon="6.524202">
        <ele>698.2</ele>
        <time>2026-09-15T09:27:28.000Z</time>
        <extensions><power>120</power><gpxtpx:TrackPointExtension><gpxtpx:hr>130</gpxtpx:hr><gpxtpx:cad>66</gpxtpx:cad></gpxtpx:TrackPointExtension></extensions>
      </trkpt>
      <trkpt lat="46.551253" lon="6.524389">
        <ele>697.5</ele>
        <time>2026-09-15T09:27:32.000Z</time>
        <extensions><power>121</power><gpxtpx:TrackPointExtension><gpxtpx:hr>130</gpxtpx:hr><gpxtpx:cad>66</gpxtpx:cad></gpxtpx:TrackPointExtension></extensions>
      </trkpt>
      <trkpt lat="46.551223" lon="6.524577">
        <ele>696.8</ele>
        <time>2026-09-15T09:27:36.000Z</time>
        <extensions><power>122</power><gpxtpx:TrackPointExtension><gpxtpx:hr>130</gpxtpx:hr><gpxtpx:cad>66</gpxtpx:cad></gpxtpx:TrackPointExtension></extensions>
      </trkpt>
      <trkpt lat="46.551189" lon="6.524766">
        <ele>696.0</ele>
        <time>2026-09-15T09:27:40.000Z</time>
        <extensions><power>123</power><gpxtpx:TrackPointExtension><gpxtpx:hr>130</gpxtpx:hr><gpxtpx:cad>66</gpxtpx:cad></gpxtpx:TrackPointExtension></extensions>
      </trkpt>
      <trkpt lat="46.551151" lon="6.524955">
        <ele>695.3</ele>
        <time>2026-09-15T09:27:44.000Z</time>
        <extensions><power>124</power><gpxtpx:TrackPointExtension><gpxtpx:hr>130</gpxtpx:hr><gpxtpx:cad>66</gpxtpx:cad></gpxtpx:TrackPointExtension></extensions>
      </trkpt>
      <trkpt lat="46.551112" lon="6.525144">
        <ele>694.5</ele>
        <time>2026-09-15T09:27:48.000Z</time>
        <extensions><power>124</power><gpxtpx:TrackPointExtension><gpxtpx:hr>130</gpxtpx:hr><gpxtpx:cad>66</gpxtpx:cad></gpxtpx:TrackPointExtension></extensions>
      </trkpt>
      <trkpt lat="46.551073" lon="6.525333">
        <ele>693.8</ele>
        <time>2026-09-15T09:27:52.000Z</time>
        <extensions><power>125</power><gpxtpx:TrackPointExtension><gpxtpx:hr>130</gpxtpx:hr><gpxtpx:cad>66</gpxtpx:cad></gpxtpx:TrackPointExtension></extensions>
      </trkpt>
      <trkpt lat="46.551036" lon="6.525523">
        <ele>693.0</ele>
        <time>2026-09-15T09:27:56.000Z</time>
        <extensions><power>126</power><gpxtpx:TrackPointExtension><gpxtpx:hr>130</gpxtpx:hr><gpxtpx:cad>66</gpxtpx:cad></gpxtpx:TrackPointExtension></extensions>
      </trkpt>
      <trkpt lat="46.551001" lon="6.525713">
        <ele>692.3</ele>
        <time>2026-09-15T09:28:00.000Z</time>
        <extensions><power>127</power><gpxtpx:TrackPointExtension><gpxtpx:hr>130</gpxtpx:hr><gpxtpx:cad>66</gpxtpx:cad></gpxtpx:TrackPointExtension></extensions>
      </trkpt>
      <trkpt lat="46.550971" lon="6.525902">
        <ele>691.6</ele>
        <time>2026-09-15T09:28:04.000Z</time>
        <extensions><power>127</power><gpxtpx:TrackPointExtension><gpxtpx:hr>130</gpxtpx:hr><gpxtpx:cad>66</gpxtpx:cad></gpxtpx:TrackPointExtension></extensions>
      </trkpt>
      <trkpt lat="46.550946" lon="6.526091">
        <ele>690.8</ele>
        <time>2026-09-15T09:28:08.000Z</time>
        <extensions><power>128</power><gpxtpx:TrackPointExtension><gpxtpx:hr>130</gpxtpx:hr><gpxtpx:cad>66</gpxtpx:cad></gpxtpx:TrackPointExtension></extensions>
      </trkpt>
      <trkpt lat="46.550928" lon="6.526280">
        <ele>690.1</ele>
        <time>2026-09-15T09:28:12.000Z</time>
        <extensions><power>129</power><gpxtpx:TrackPointExtension><gpxtpx:hr>130</gpxtpx:hr><gpxtpx:cad>66</gpxtpx:cad></gpxtpx:TrackPointExtension></extensions>
      </trkpt>
      <trkpt lat="46.550917" lon="6.526468">
        <ele>689.3</ele>
        <time>2026-09-15T09:28:16.000Z</time>
        <extensions><power>129</power><gpxtpx:TrackPointExtension><gpxtpx:hr>130</gpxtpx:hr><gpxtpx:cad>66</gpxtpx:cad></gpxtpx:TrackPointExtension></extensions>
      </trkpt>
      <trkpt lat="46.550914" lon="6.526655">
        <ele>688.6</ele>
        <time>2026-09-15T09:28:20.000Z</time>
        <extensions><power>130</power><gpxtpx:TrackPointExtension><gpxtpx:hr>130</gpxtpx:hr><gpxtpx:cad>66</gpxtpx:cad></gpxtpx:TrackPointExtension></extensions>
      </trkpt>
      <trkpt lat="46.550920" lon="6.526841">
        <ele>687.8</ele>
        <time>2026-09-15T09:28:24.000Z</time>
        <extensions><power>131</power><gpxtpx:TrackPointExtension><gpxtpx:hr>130</gpxtpx:hr><gpxtpx:cad>66</gpxtpx:cad></gpxtpx:TrackPointExtension></extensions>
      </trkpt>
      <trkpt lat="46.550934" lon="6.527026">
        <ele>687.1</ele>
        <time>2026-09-15T09:28:28.000Z</time>
        <extensions><power>132</power><gpxtpx:TrackPointExtension><gpxtpx:hr>130</gpxtpx:hr><gpxtpx:cad>66</gpxtpx:cad></gpxtpx:TrackPointExtension></extensions>
      </trkpt>
      <trkpt lat="46.550958" lon="6.527211">
        <ele>686.4</ele>
        <time>2026-09-15T09:28:32.000Z</time>
        <extensions><power>132</power><gpxtpx:TrackPointExtension><gpxtpx:hr>130</gpxtpx:hr><gpxtpx:cad>66</gpxtpx:cad></gpxtpx:TrackPointExtension></extensions>
      </trkpt>
      <trkpt lat="46.550992" lon="6.527393">
        <ele>685.6</ele>
        <time>2026-09-15T09:28:36.000Z</time>
        <extensions><power>133</power><gpxtpx:TrackPointExtension><gpxtpx:hr>130</gpxtpx:hr><gpxtpx:cad>66</gpxtpx:cad></gpxtpx:TrackPointExtension></extensions>
      </trkpt>
      <trkpt lat="46.551035" lon="6.527575">
        <ele>684.9</ele>
        <time>2026-09-15T09:28:40.000Z</time>
        <extensions><power>134</power><gpxtpx:TrackPointExtension><gpxtpx:hr>130</gpxtpx:hr><gpxtpx:cad>66</gpxtpx:cad></gpxtpx:TrackPointExtension></extensions>
      </trkpt>
      <trkpt lat="46.551087" lon="6.527755">
        <ele>684.1</ele>
        <time>2026-09-15T09:28:44.000Z</time>
        <extensions><power>135</power><gpxtpx:TrackPointExtension><gpxtpx:hr>130</gpxtpx:hr><gpxtpx:cad>66</gpxtpx:cad></gpxtpx:TrackPointExtension></extensions>
      </trkpt>
      <trkpt lat="46.551147" lon="6.527934">
        <ele>683.4</ele>
        <time>2026-09-15T09:28:48.000Z</time>
        <extensions><power>135</power><gpxtpx:TrackPointExtension><gpxtpx:hr>129</gpxtpx:hr><gpxtpx:cad>66</gpxtpx:cad></gpxtpx:TrackPointExtension></extensions>
      </trkpt>
      <trkpt lat="46.551216" lon="6.528112">
        <ele>682.7</ele>
        <time>2026-09-15T09:28:52.000Z</time>
        <extensions><power>136</power><gpxtpx:TrackPointExtension><gpxtpx:hr>129</gpxtpx:hr><gpxtpx:cad>66</gpxtpx:cad></gpxtpx:TrackPointExtension></extensions>
      </trkpt>
      <trkpt lat="46.551292" lon="6.528288">
        <ele>681.9</ele>
        <time>2026-09-15T09:28:56.000Z</time>
        <extensions><power>137</power><gpxtpx:TrackPointExtension><gpxtpx:hr>129</gpxtpx:hr><gpxtpx:cad>66</gpxtpx:cad></gpxtpx:TrackPointExtension></extensions>
      </trkpt>
      <trkpt lat="46.551374" lon="6.528463">
        <ele>681.2</ele>
        <time>2026-09-15T09:29:00.000Z</time>
        <extensions><power>137</power><gpxtpx:TrackPointExtension><gpxtpx:hr>129</gpxtpx:hr><gpxtpx:cad>66</gpxtpx:cad></gpxtpx:TrackPointExtension></extensions>
      </trkpt>
      <trkpt lat="46.551462" lon="6.528637">
        <ele>680.5</ele>
        <time>2026-09-15T09:29:04.000Z</time>
        <extensions><power>138</power><gpxtpx:TrackPointExtension><gpxtpx:hr>129</gpxtpx:hr><gpxtpx:cad>66</gpxtpx:cad></gpxtpx:TrackPointExtension></extensions>
      </trkpt>
      <trkpt lat="46.551553" lon="6.528809">
        <ele>679.7</ele>
        <time>2026-09-15T09:29:08.000Z</time>
        <extensions><power>139</power><gpxtpx:TrackPointExtension><gpxtpx:hr>129</gpxtpx:hr><gpxtpx:cad>66</gpxtpx:cad></gpxtpx:TrackPointExtension></extensions>
      </trkpt>
      <trkpt lat="46.551649" lon="6.528981">
        <ele>679.0</ele>
        <time>2026-09-15T09:29:12.000Z</time>
        <extensions><power>140</power><gpxtpx:TrackPointExtension><gpxtpx:hr>129</gpxtpx:hr><gpxtpx:cad>66</gpxtpx:cad></gpxtpx:TrackPointExtension></extensions>
      </trkpt>
      <trkpt lat="46.551746" lon="6.529152">
        <ele>678.2</ele>
        <time>2026-09-15T09:29:16.000Z</time>
        <extensions><power>140</power><gpxtpx:TrackPointExtension><gpxtpx:hr>129</gpxtpx:hr><gpxtpx:cad>66</gpxtpx:cad></gpxtpx:TrackPointExtension></extensions>
      </trkpt>
      <trkpt lat="46.551844" lon="6.529322">
        <ele>677.5</ele>
        <time>2026-09-15T09:29:20.000Z</time>
        <extensions><power>141</power><gpxtpx:TrackPointExtension><gpxtpx:hr>129</gpxtpx:hr><gpxtpx:cad>66</gpxtpx:cad></gpxtpx:TrackPointExtension></extensions>
      </trkpt>
      <trkpt lat="46.551942" lon="6.529492">
        <ele>676.8</ele>
        <time>2026-09-15T09:29:24.000Z</time>
        <extensions><power>142</power><gpxtpx:TrackPointExtension><gpxtpx:hr>129</gpxtpx:hr><gpxtpx:cad>66</gpxtpx:cad></gpxtpx:TrackPointExtension></extensions>
      </trkpt>
      <trkpt lat="46.552039" lon="6.529661">
        <ele>676.0</ele>
        <time>2026-09-15T09:29:28.000Z</time>
        <extensions><power>142</power><gpxtpx:TrackPointExtension><gpxtpx:hr>129</gpxtpx:hr><gpxtpx:cad>66</gpxtpx:cad></gpxtpx:TrackPointExtension></extensions>
      </trkpt>
      <trkpt lat="46.552133" lon="6.529831">
        <ele>675.3</ele>
        <time>2026-09-15T09:29:32.000Z</time>
        <extensions><power>143</power><gpxtpx:TrackPointExtension><gpxtpx:hr>129</gpxtpx:hr><gpxtpx:cad>66</gpxtpx:cad></gpxtpx:TrackPointExtension></extensions>
      </trkpt>
      <trkpt lat="46.552223" lon="6.530000">
        <ele>674.6</ele>
        <time>2026-09-15T09:29:36.000Z</time>
        <extensions><power>144</power><gpxtpx:TrackPointExtension><gpxtpx:hr>129</gpxtpx:hr><gpxtpx:cad>66</gpxtpx:cad></gpxtpx:TrackPointExtension></extensions>
      </trkpt>
      <trkpt lat="46.552309" lon="6.530170">
        <ele>673.8</ele>
        <time>2026-09-15T09:29:40.000Z</time>
        <extensions><power>144</power><gpxtpx:TrackPointExtension><gpxtpx:hr>129</gpxtpx:hr><gpxtpx:cad>66</gpxtpx:cad></gpxtpx:TrackPointExtension></extensions>
      </trkpt>
      <trkpt lat="46.552389" lon="6.530340">
        <ele>673.1</ele>
        <time>2026-09-15T09:29:44.000Z</time>
        <extensions><power>145</power><gpxtpx:TrackPointExtension><gpxtpx:hr>129</gpxtpx:hr><gpxtpx:cad>66</gpxtpx:cad></gpxtpx:TrackPointExtension></extensions>
      </trkpt>
      <trkpt lat="46.552463" lon="6.530511">
        <ele>672.4</ele>
        <time>2026-09-15T09:29:48.000Z</time>
        <extensions><power>146</power><gpxtpx:TrackPointExtension><gpxtpx:hr>129</gpxtpx:hr><gpxtpx:cad>66</gpxtpx:cad></gpxtpx:TrackPointExtension></extensions>
      </trkpt>
      <trkpt lat="46.552531" lon="6.530683">
        <ele>671.7</ele>
        <time>2026-09-15T09:29:52.000Z</time>
        <extensions><power>146</power><gpxtpx:TrackPointExtension><gpxtpx:hr>129</gpxtpx:hr><gpxtpx:cad>66</gpxtpx:cad></gpxtpx:TrackPointExtension></extensions>
      </trkpt>
      <trkpt lat="46.552591" lon="6.530856">
        <ele>670.9</ele>
        <time>2026-09-15T09:29:56.000Z</time>
        <extensions><power>147</power><gpxtpx:TrackPointExtension><gpxtpx:hr>129</gpxtpx:hr><gpxtpx:cad>67</gpxtpx:cad></gpxtpx:TrackPointExtension></extensions>
      </trkpt>
      <trkpt lat="46.552644" lon="6.531029">
        <ele>670.2</ele>
        <time>2026-09-15T09:30:00.000Z</time>
        <extensions><power>147</power><gpxtpx:TrackPointExtension><gpxtpx:hr>129</gpxtpx:hr><gpxtpx:cad>67</gpxtpx:cad></gpxtpx:TrackPointExtension></extensions>
      </trkpt>
      <trkpt lat="46.552690" lon="6.531204">
        <ele>669.5</ele>
        <time>2026-09-15T09:30:04.000Z</time>
        <extensions><power>148</power><gpxtpx:TrackPointExtension><gpxtpx:hr>129</gpxtpx:hr><gpxtpx:cad>67</gpxtpx:cad></gpxtpx:TrackPointExtension></extensions>
      </trkpt>
      <trkpt lat="46.552728" lon="6.531380">
        <ele>668.7</ele>
        <time>2026-09-15T09:30:08.000Z</time>
        <extensions><power>149</power><gpxtpx:TrackPointExtension><gpxtpx:hr>129</gpxtpx:hr><gpxtpx:cad>67</gpxtpx:cad></gpxtpx:TrackPointExtension></extensions>
      </trkpt>
      <trkpt lat="46.552758" lon="6.531558">
        <ele>668.0</ele>
        <time>2026-09-15T09:30:12.000Z</time>
        <extensions><power>149</power><gpxtpx:TrackPointExtension><gpxtpx:hr>129</gpxtpx:hr><gpxtpx:cad>67</gpxtpx:cad></gpxtpx:TrackPointExtension></extensions>
      </trkpt>
      <trkpt lat="46.552782" lon="6.531736">
        <ele>667.3</ele>
        <time>2026-09-15T09:30:16.000Z</time>
        <extensions><power>150</power><gpxtpx:TrackPointExtension><gpxtpx:hr>129</gpxtpx:hr><gpxtpx:cad>67</gpxtpx:cad></gpxtpx:TrackPointExtension></extensions>
      </trkpt>
      <trkpt lat="46.552800" lon="6.531916">
        <ele>666.6</ele>
        <time>2026-09-15T09:30:20.000Z</time>
        <extensions><power>151</power><gpxtpx:TrackPointExtension><gpxtpx:hr>129</gpxtpx:hr><gpxtpx:cad>67</gpxtpx:cad></gpxtpx:TrackPointExtension></extensions>
      </trkpt>
      <trkpt lat="46.552812" lon="6.532097">
        <ele>665.8</ele>
        <time>2026-09-15T09:30:24.000Z</time>
        <extensions><power>151</power><gpxtpx:TrackPointExtension><gpxtpx:hr>129</gpxtpx:hr><gpxtpx:cad>67</gpxtpx:cad></gpxtpx:TrackPointExtension></extensions>
      </trkpt>
      <trkpt lat="46.552819" lon="6.532279">
        <ele>665.1</ele>
        <time>2026-09-15T09:30:28.000Z</time>
        <extensions><power>152</power><gpxtpx:TrackPointExtension><gpxtpx:hr>129</gpxtpx:hr><gpxtpx:cad>67</gpxtpx:cad></gpxtpx:TrackPointExtension></extensions>
      </trkpt>
      <trkpt lat="46.552822" lon="6.532461">
        <ele>664.4</ele>
        <time>2026-09-15T09:30:32.000Z</time>
        <extensions><power>152</power><gpxtpx:TrackPointExtension><gpxtpx:hr>129</gpxtpx:hr><gpxtpx:cad>67</gpxtpx:cad></gpxtpx:TrackPointExtension></extensions>
      </trkpt>
      <trkpt lat="46.552823" lon="6.532645">
        <ele>663.7</ele>
        <time>2026-09-15T09:30:36.000Z</time>
        <extensions><power>153</power><gpxtpx:TrackPointExtension><gpxtpx:hr>129</gpxtpx:hr><gpxtpx:cad>67</gpxtpx:cad></gpxtpx:TrackPointExtension></extensions>
      </trkpt>
      <trkpt lat="46.552822" lon="6.532828">
        <ele>662.9</ele>
        <time>2026-09-15T09:30:40.000Z</time>
        <extensions><power>154</power><gpxtpx:TrackPointExtension><gpxtpx:hr>129</gpxtpx:hr><gpxtpx:cad>67</gpxtpx:cad></gpxtpx:TrackPointExtension></extensions>
      </trkpt>
      <trkpt lat="46.552821" lon="6.533012">
        <ele>662.2</ele>
        <time>2026-09-15T09:30:44.000Z</time>
        <extensions><power>154</power><gpxtpx:TrackPointExtension><gpxtpx:hr>129</gpxtpx:hr><gpxtpx:cad>67</gpxtpx:cad></gpxtpx:TrackPointExtension></extensions>
      </trkpt>
      <trkpt lat="46.552821" lon="6.533196">
        <ele>661.5</ele>
        <time>2026-09-15T09:30:48.000Z</time>
        <extensions><power>155</power><gpxtpx:TrackPointExtension><gpxtpx:hr>129</gpxtpx:hr><gpxtpx:cad>67</gpxtpx:cad></gpxtpx:TrackPointExtension></extensions>
      </trkpt>
      <trkpt lat="46.552824" lon="6.533379">
        <ele>660.8</ele>
        <time>2026-09-15T09:30:52.000Z</time>
        <extensions><power>155</power><gpxtpx:TrackPointExtension><gpxtpx:hr>129</gpxtpx:hr><gpxtpx:cad>67</gpxtpx:cad></gpxtpx:TrackPointExtension></extensions>
      </trkpt>
      <trkpt lat="46.552830" lon="6.533561">
        <ele>660.1</ele>
        <time>2026-09-15T09:30:56.000Z</time>
        <extensions><power>156</power><gpxtpx:TrackPointExtension><gpxtpx:hr>129</gpxtpx:hr><gpxtpx:cad>67</gpxtpx:cad></gpxtpx:TrackPointExtension></extensions>
      </trkpt>
      <trkpt lat="46.552841" lon="6.533743">
        <ele>659.4</ele>
        <time>2026-09-15T09:31:00.000Z</time>
        <extensions><power>156</power><gpxtpx:TrackPointExtension><gpxtpx:hr>129</gpxtpx:hr><gpxtpx:cad>0</gpxtpx:cad></gpxtpx:TrackPointExtension></extensions>
      </trkpt>
      <trkpt lat="46.552859" lon="6.533923">
        <ele>658.6</ele>
        <time>2026-09-15T09:31:04.000Z</time>
        <extensions><power>157</power><gpxtpx:TrackPointExtension><gpxtpx:hr>129</gpxtpx:hr><gpxtpx:cad>0</gpxtpx:cad></gpxtpx:TrackPointExtension></extensions>
      </trkpt>
      <trkpt lat="46.552885" lon="6.534101">
        <ele>657.9</ele>
        <time>2026-09-15T09:31:08.000Z</time>
        <extensions><power>158</power><gpxtpx:TrackPointExtension><gpxtpx:hr>129</gpxtpx:hr><gpxtpx:cad>0</gpxtpx:cad></gpxtpx:TrackPointExtension></extensions>
      </trkpt>
      <trkpt lat="46.552919" lon="6.534277">
        <ele>657.2</ele>
        <time>2026-09-15T09:31:12.000Z</time>
        <extensions><power>158</power><gpxtpx:TrackPointExtension><gpxtpx:hr>129</gpxtpx:hr><gpxtpx:cad>0</gpxtpx:cad></gpxtpx:TrackPointExtension></extensions>
      </trkpt>
      <trkpt lat="46.552964" lon="6.534450">
        <ele>656.5</ele>
        <time>2026-09-15T09:31:16.000Z</time>
        <extensions><power>159</power><gpxtpx:TrackPointExtension><gpxtpx:hr>129</gpxtpx:hr><gpxtpx:cad>0</gpxtpx:cad></gpxtpx:TrackPointExtension></extensions>
      </trkpt>
      <trkpt lat="46.553019" lon="6.534621">
        <ele>655.8</ele>
        <time>2026-09-15T09:31:20.000Z</time>
        <extensions><power>159</power><gpxtpx:TrackPointExtension><gpxtpx:hr>129</gpxtpx:hr><gpxtpx:cad>0</gpxtpx:cad></gpxtpx:TrackPointExtension></extensions>
      </trkpt>
      <trkpt lat="46.553085" lon="6.534788">
        <ele>655.1</ele>
        <time>2026-09-15T09:31:24.000Z</time>
        <extensions><power>160</power><gpxtpx:TrackPointExtension><gpxtpx:hr>129</gpxtpx:hr><gpxtpx:cad>0</gpxtpx:cad></gpxtpx:TrackPointExtension></extensions>
      </trkpt>
      <trkpt lat="46.553164" lon="6.534952">
        <ele>654.4</ele>
        <time>2026-09-15T09:31:28.000Z</time>
        <extensions><power>160</power><gpxtpx:TrackPointExtension><gpxtpx:hr>129</gpxtpx:hr><gpxtpx:cad>0</gpxtpx:cad></gpxtpx:TrackPointExtension></extensions>
      </trkpt>
      <trkpt lat="46.553256" lon="6.535113">
        <ele>653.6</ele>
        <time>2026-09-15T09:31:32.000Z</time>
        <extensions><power>161</power><gpxtpx:TrackPointExtension><gpxtpx:hr>129</gpxtpx:hr><gpxtpx:cad>0</gpxtpx:cad></gpxtpx:TrackPointExtension></extensions>
      </trkpt>
      <trkpt lat="46.553360" lon="6.535270">
        <ele>652.9</ele>
        <time>2026-09-15T09:31:36.000Z</time>
        <extensions><power>161</power><gpxtpx:TrackPointExtension><gpxtpx:hr>129</gpxtpx:hr><gpxtpx:cad>0</gpxtpx:cad></gpxtpx:TrackPointExtension></extensions>
      </trkpt>
      <trkpt lat="46.553478" lon="6.535422">
        <ele>652.2</ele>
        <time>2026-09-15T09:31:40.000Z</time>
        <extensions><power>162</power><gpxtpx:TrackPointExtension><gpxtpx:hr>128</gpxtpx:hr><gpxtpx:cad>0</gpxtpx:cad></gpxtpx:TrackPointExtension></extensions>
      </trkpt>
      <trkpt lat="46.553608" lon="6.535571">
        <ele>651.5</ele>
        <time>2026-09-15T09:31:44.000Z</time>
        <extensions><power>162</power><gpxtpx:TrackPointExtension><gpxtpx:hr>128</gpxtpx:hr><gpxtpx:cad>0</gpxtpx:cad></gpxtpx:TrackPointExtension></extensions>
      </trkpt>
      <trkpt lat="46.553751" lon="6.535716">
        <ele>650.8</ele>
        <time>2026-09-15T09:31:48.000Z</time>
        <extensions><power>163</power><gpxtpx:TrackPointExtension><gpxtpx:hr>128</gpxtpx:hr><gpxtpx:cad>0</gpxtpx:cad></gpxtpx:TrackPointExtension></extensions>
      </trkpt>
      <trkpt lat="46.553907" lon="6.535856">
        <ele>650.1</ele>
        <time>2026-09-15T09:31:52.000Z</time>
        <extensions><power>163</power><gpxtpx:TrackPointExtension><gpxtpx:hr>128</gpxtpx:hr><gpxtpx:cad>0</gpxtpx:cad></gpxtpx:TrackPointExtension></extensions>
      </trkpt>
      <trkpt lat="46.554074" lon="6.535993">
        <ele>649.4</ele>
        <time>2026-09-15T09:31:56.000Z</time>
        <extensions><power>164</power><gpxtpx:TrackPointExtension><gpxtpx:hr>128</gpxtpx:hr><gpxtpx:cad>0</gpxtpx:cad></gpxtpx:TrackPointExtension></extensions>
      </trkpt>
      <trkpt lat="46.554252" lon="6.536125">
        <ele>648.7</ele>
        <time>2026-09-15T09:32:00.000Z</time>
        <extensions><power>164</power><gpxtpx:TrackPointExtension><gpxtpx:hr>128</gpxtpx:hr><gpxtpx:cad>0</gpxtpx:cad></gpxtpx:TrackPointExtension></extensions>
      </trkpt>
      <trkpt lat="46.554440" lon="6.536254">
        <ele>648.0</ele>
        <time>2026-09-15T09:32:04.000Z</time>
        <extensions><power>165</power><gpxtpx:TrackPointExtension><gpxtpx:hr>128</gpxtpx:hr><gpxtpx:cad>0</gpxtpx:cad></gpxtpx:TrackPointExtension></extensions>
      </trkpt>
      <trkpt lat="46.554636" lon="6.536379">
        <ele>647.3</ele>
        <time>2026-09-15T09:32:08.000Z</time>
        <extensions><power>165</power><gpxtpx:TrackPointExtension><gpxtpx:hr>128</gpxtpx:hr><gpxtpx:cad>0</gpxtpx:cad></gpxtpx:TrackPointExtension></extensions>
      </trkpt>
      <trkpt lat="46.554840" lon="6.536501">
        <ele>646.6</ele>
        <time>2026-09-15T09:32:12.000Z</time>
        <extensions><power>166</power><gpxtpx:TrackPointExtension><gpxtpx:hr>128</gpxtpx:hr><gpxtpx:cad>0</gpxtpx:cad></gpxtpx:TrackPointExtension></extensions>
      </trkpt>
      <trkpt lat="46.555050" lon="6.536620">
        <ele>645.9</ele>
        <time>2026-09-15T09:32:16.000Z</time>
        <extensions><power>166</power><gpxtpx:TrackPointExtension><gpxtpx:hr>128</gpxtpx:hr><gpxtpx:cad>0</gpxtpx:cad></gpxtpx:TrackPointExtension></extensions>
      </trkpt>
      <trkpt lat="46.555264" lon="6.536736">
        <ele>645.2</ele>
        <time>2026-09-15T09:32:20.000Z</time>
        <extensions><power>166</power><gpxtpx:TrackPointExtension><gpxtpx:hr>128</gpxtpx:hr><gpxtpx:cad>0</gpxtpx:cad></gpxtpx:TrackPointExtension></extensions>
      </trkpt>
      <trkpt lat="46.555482" lon="6.536850">
        <ele>644.5</ele>
        <time>2026-09-15T09:32:24.000Z</time>
        <extensions><power>167</power><gpxtpx:TrackPointExtension><gpxtpx:hr>128</gpxtpx:hr><gpxtpx:cad>0</gpxtpx:cad></gpxtpx:TrackPointExtension></extensions>
      </trkpt>
      <trkpt lat="46.555701" lon="6.536962">
        <ele>643.8</ele>
        <time>2026-09-15T09:32:28.000Z</time>
        <extensions><power>167</power><gpxtpx:TrackPointExtension><gpxtpx:hr>128</gpxtpx:hr><gpxtpx:cad>0</gpxtpx:cad></gpxtpx:TrackPointExtension></extensions>
      </trkpt>
      <trkpt lat="46.555921" lon="6.537073">
        <ele>643.1</ele>
        <time>2026-09-15T09:32:32.000Z</time>
        <extensions><power>168</power><gpxtpx:TrackPointExtension><gpxtpx:hr>128</gpxtpx:hr><gpxtpx:cad>0</gpxtpx:cad></gpxtpx:TrackPointExtension></extensions>
      </trkpt>
      <trkpt lat="46.556138" lon="6.537183">
        <ele>642.4</ele>
        <time>2026-09-15T09:32:36.000Z</time>
        <extensions><power>168</power><gpxtpx:TrackPointExtension><gpxtpx:hr>128</gpxtpx:hr><gpxtpx:cad>0</gpxtpx:cad></gpxtpx:TrackPointExtension></extensions>
      </trkpt>
      <trkpt lat="46.556352" lon="6.537293">
        <ele>641.7</ele>
        <time>2026-09-15T09:32:40.000Z</time>
        <extensions><power>168</power><gpxtpx:TrackPointExtension><gpxtpx:hr>128</gpxtpx:hr><gpxtpx:cad>0</gpxtpx:cad></gpxtpx:TrackPointExtension></extensions>
      </trkpt>
      <trkpt lat="46.556562" lon="6.537403">
        <ele>641.0</ele>
        <time>2026-09-15T09:32:44.000Z</time>
        <extensions><power>169</power><gpxtpx:TrackPointExtension><gpxtpx:hr>128</gpxtpx:hr><gpxtpx:cad>0</gpxtpx:cad></gpxtpx:TrackPointExtension></extensions>
      </trkpt>
      <trkpt lat="46.556765" lon="6.537513">
        <ele>640.3</ele>
        <time>2026-09-15T09:32:48.000Z</time>
        <extensions><power>169</power><gpxtpx:TrackPointExtension><gpxtpx:hr>128</gpxtpx:hr><gpxtpx:cad>0</gpxtpx:cad></gpxtpx:TrackPointExtension></extensions>
      </trkpt>
      <trkpt lat="46.556961" lon="6.537625">
        <ele>639.6</ele>
        <time>2026-09-15T09:32:52.000Z</time>
        <extensions><power>170</power><gpxtpx:TrackPointExtension><gpxtpx:hr>128</gpxtpx:hr><gpxtpx:cad>0</gpxtpx:cad></gpxtpx:TrackPointExtension></extensions>
      </trkpt>
      <trkpt lat="46.557147" lon="6.537738">
        <ele>639.0</ele>
        <time>2026-09-15T09:32:56.000Z</time>
        <extensions><power>170</power><gpxtpx:TrackPointExtension><gpxtpx:hr>128</gpxtpx:hr><gpxtpx:cad>0</gpxtpx:cad></gpxtpx:TrackPointExtension></extensions>
      </trkpt>
      <trkpt lat="46.557324" lon="6.537854">
        <ele>638.3</ele>
        <time>2026-09-15T09:33:00.000Z</time>
        <extensions><power>170</power><gpxtpx:TrackPointExtension><gpxtpx:hr>128</gpxtpx:hr><gpxtpx:cad>0</gpxtpx:cad></gpxtpx:TrackPointExtension></extensions>
      </trkpt>
      <trkpt lat="46.557490" lon="6.537972">
        <ele>637.6</ele>
        <time>2026-09-15T09:33:04.000Z</time>
        <extensions><power>171</power><gpxtpx:TrackPointExtension><gpxtpx:hr>128</gpxtpx:hr><gpxtpx:cad>0</gpxtpx:cad></gpxtpx:TrackPointExtension></extensions>
      </trkpt>
      <trkpt lat="46.557643" lon="6.538093">
        <ele>636.9</ele>
        <time>2026-09-15T09:33:08.000Z</time>
        <extensions><power>171</power><gpxtpx:TrackPointExtension><gpxtpx:hr>128</gpxtpx:hr><gpxtpx:cad>0</gpxtpx:cad></gpxtpx:TrackPointExtension></extensions>
      </trkpt>
      <trkpt lat="46.557784" lon="6.538217">
        <ele>636.2</ele>
        <time>2026-09-15T09:33:12.000Z</time>
        <extensions><power>171</power><gpxtpx:TrackPointExtension><gpxtpx:hr>128</gpxtpx:hr><gpxtpx:cad>0</gpxtpx:cad></gpxtpx:TrackPointExtension></extensions>
      </trkpt>
      <trkpt lat="46.557912" lon="6.538345">
        <ele>635.5</ele>
        <time>2026-09-15T09:33:16.000Z</time>
        <extensions><power>172</power><gpxtpx:TrackPointExtension><gpxtpx:hr>128</gpxtpx:hr><gpxtpx:cad>0</gpxtpx:cad></gpxtpx:TrackPointExtension></extensions>
      </trkpt>
      <trkpt lat="46.558027" lon="6.538477">
        <ele>634.9</ele>
        <time>2026-09-15T09:33:20.000Z</time>
        <extensions><power>172</power><gpxtpx:TrackPointExtension><gpxtpx:hr>128</gpxtpx:hr><gpxtpx:cad>0</gpxtpx:cad></gpxtpx:TrackPointExtension></extensions>
      </trkpt>
      <trkpt lat="46.558128" lon="6.538613">
        <ele>634.2</ele>
        <time>2026-09-15T09:33:24.000Z</time>
        <extensions><power>172</power><gpxtpx:TrackPointExtension><gpxtpx:hr>128</gpxtpx:hr><gpxtpx:cad>0</gpxtpx:cad></gpxtpx:TrackPointExtension></extensions>
      </trkpt>
      <trkpt lat="46.558216" lon="6.538752">
        <ele>633.5</ele>
        <time>2026-09-15T09:33:28.000Z</time>
        <extensions><power>173</power><gpxtpx:TrackPointExtension><gpxtpx:hr>128</gpxtpx:hr><gpxtpx:cad>0</gpxtpx:cad></gpxtpx:TrackPointExtension></extensions>
      </trkpt>
      <trkpt lat="46.558290" lon="6.538897">
        <ele>632.8</ele>
        <time>2026-09-15T09:33:32.000Z</time>
        <extensions><power>173</power><gpxtpx:TrackPointExtension><gpxtpx:hr>128</gpxtpx:hr><gpxtpx:cad>0</gpxtpx:cad></gpxtpx:TrackPointExtension></extensions>
      </trkpt>
      <trkpt lat="46.558351" lon="6.539045">
        <ele>632.1</ele>
        <time>2026-09-15T09:33:36.000Z</time>
        <extensions><power>173</power><gpxtpx:TrackPointExtension><gpxtpx:hr>128</gpxtpx:hr><gpxtpx:cad>0</gpxtpx:cad></gpxtpx:TrackPointExtension></extensions>
      </trkpt>
      <trkpt lat="46.558400" lon="6.539198">
        <ele>631.5</ele>
        <time>2026-09-15T09:33:40.000Z</time>
        <extensions><power>174</power><gpxtpx:TrackPointExtension><gpxtpx:hr>128</gpxtpx:hr><gpxtpx:cad>0</gpxtpx:cad></gpxtpx:TrackPointExtension></extensions>
      </trkpt>
      <trkpt lat="46.558437" lon="6.539354">
        <ele>630.8</ele>
        <time>2026-09-15T09:33:44.000Z</time>
        <extensions><power>174</power><gpxtpx:TrackPointExtension><gpxtpx:hr>128</gpxtpx:hr><gpxtpx:cad>0</gpxtpx:cad></gpxtpx:TrackPointExtension></extensions>
      </trkpt>
      <trkpt lat="46.558464" lon="6.539515">
        <ele>630.1</ele>
        <time>2026-09-15T09:33:48.000Z</time>
        <extensions><power>174</power><gpxtpx:TrackPointExtension><gpxtpx:hr>128</gpxtpx:hr><gpxtpx:cad>0</gpxtpx:cad></gpxtpx:TrackPointExtension></extensions>
      </trkpt>
      <trkpt lat="46.558480" lon="6.539679">
        <ele>629.5</ele>
        <time>2026-09-15T09:33:52.000Z</time>
        <extensions><power>175</power><gpxtpx:TrackPointExtension><gpxtpx:hr>128</gpxtpx:hr><gpxtpx:cad>0</gpxtpx:cad></gpxtpx:TrackPointExtension></extensions>
      </trkpt>
      <trkpt lat="46.558488" lon="6.539847">
        <ele>628.8</ele>
        <time>2026-09-15T09:33:56.000Z</time>
        <extensions><power>175</power><gpxtpx:TrackPointExtension><gpxtpx:hr>128</gpxtpx:hr><gpxtpx:cad>0</gpxtpx:cad></gpxtpx:TrackPointExtension></extensions>
      </trkpt>
      <trkpt lat="46.558488" lon="6.540017">
        <ele>628.1</ele>
        <time>2026-09-15T09:34:00.000Z</time>
        <extensions><power>175</power><gpxtpx:TrackPointExtension><gpxtpx:hr>128</gpxtpx:hr><gpxtpx:cad>0</gpxtpx:cad></gpxtpx:TrackPointExtension></extensions>
      </trkpt>
      <trkpt lat="46.558481" lon="6.540190">
        <ele>627.5</ele>
        <time>2026-09-15T09:34:04.000Z</time>
        <extensions><power>175</power><gpxtpx:TrackPointExtension><gpxtpx:hr>128</gpxtpx:hr><gpxtpx:cad>0</gpxtpx:cad></gpxtpx:TrackPointExtension></extensions>
      </trkpt>
      <trkpt lat="46.558470" lon="6.540366">
        <ele>626.8</ele>
        <time>2026-09-15T09:34:08.000Z</time>
        <extensions><power>176</power><gpxtpx:TrackPointExtension><gpxtpx:hr>128</gpxtpx:hr><gpxtpx:cad>0</gpxtpx:cad></gpxtpx:TrackPointExtension></extensions>
      </trkpt>
      <trkpt lat="46.558454" lon="6.540543">
        <ele>626.1</ele>
        <time>2026-09-15T09:34:12.000Z</time>
        <extensions><power>176</power><gpxtpx:TrackPointExtension><gpxtpx:hr>128</gpxtpx:hr><gpxtpx:cad>0</gpxtpx:cad></gpxtpx:TrackPointExtension></extensions>
      </trkpt>
      <trkpt lat="46.558435" lon="6.540722">
        <ele>625.5</ele>
        <time>2026-09-15T09:34:16.000Z</time>
        <extensions><power>176</power><gpxtpx:TrackPointExtension><gpxtpx:hr>128</gpxtpx:hr><gpxtpx:cad>0</gpxtpx:cad></gpxtpx:TrackPointExtension></extensions>
      </trkpt>
      <trkpt lat="46.558415" lon="6.540902">
        <ele>624.8</ele>
        <time>2026-09-15T09:34:20.000Z</time>
        <extensions><power>176</power><gpxtpx:TrackPointExtension><gpxtpx:hr>128</gpxtpx:hr><gpxtpx:cad>0</gpxtpx:cad></gpxtpx:TrackPointExtension></extensions>
      </trkpt>
      <trkpt lat="46.558394" lon="6.541082">
        <ele>624.1</ele>
        <time>2026-09-15T09:34:24.000Z</time>
        <extensions><power>176</power><gpxtpx:TrackPointExtension><gpxtpx:hr>128</gpxtpx:hr><gpxtpx:cad>0</gpxtpx:cad></gpxtpx:TrackPointExtension></extensions>
      </trkpt>
      <trkpt lat="46.558374" lon="6.541262">
        <ele>623.5</ele>
        <time>2026-09-15T09:34:28.000Z</time>
        <extensions><power>177</power><gpxtpx:TrackPointExtension><gpxtpx:hr>128</gpxtpx:hr><gpxtpx:cad>0</gpxtpx:cad></gpxtpx:TrackPointExtension></extensions>
      </trkpt>
      <trkpt lat="46.558355" lon="6.541442">
        <ele>622.8</ele>
        <time>2026-09-15T09:34:32.000Z</time>
        <extensions><power>177</power><gpxtpx:TrackPointExtension><gpxtpx:hr>128</gpxtpx:hr><gpxtpx:cad>0</gpxtpx:cad></gpxtpx:TrackPointExtension></extensions>
      </trkpt>
      <trkpt lat="46.558339" lon="6.541622">
        <ele>622.2</ele>
        <time>2026-09-15T09:34:36.000Z</time>
        <extensions><power>177</power><gpxtpx:TrackPointExtension><gpxtpx:hr>128</gpxtpx:hr><gpxtpx:cad>0</gpxtpx:cad></gpxtpx:TrackPointExtension></extensions>
      </trkpt>
      <trkpt lat="46.558326" lon="6.541800">
        <ele>621.5</ele>
        <time>2026-09-15T09:34:40.000Z</time>
        <extensions><power>177</power><gpxtpx:TrackPointExtension><gpxtpx:hr>128</gpxtpx:hr><gpxtpx:cad>0</gpxtpx:cad></gpxtpx:TrackPointExtension></extensions>
      </trkpt>
      <trkpt lat="46.558318" lon="6.541977">
        <ele>620.9</ele>
        <time>2026-09-15T09:34:44.000Z</time>
        <extensions><power>177</power><gpxtpx:TrackPointExtension><gpxtpx:hr>128</gpxtpx:hr><gpxtpx:cad>0</gpxtpx:cad></gpxtpx:TrackPointExtension></extensions>
      </trkpt>
      <trkpt lat="46.558313" lon="6.542152">
        <ele>620.2</ele>
        <time>2026-09-15T09:34:48.000Z</time>
        <extensions><power>178</power><gpxtpx:TrackPointExtension><gpxtpx:hr>128</gpxtpx:hr><gpxtpx:cad>0</gpxtpx:cad></gpxtpx:TrackPointExtension></extensions>
      </trkpt>
      <trkpt lat="46.558314" lon="6.542326">
        <ele>619.6</ele>
        <time>2026-09-15T09:34:52.000Z</time>
        <extensions><power>178</power><gpxtpx:TrackPointExtension><gpxtpx:hr>128</gpxtpx:hr><gpxtpx:cad>0</gpxtpx:cad></gpxtpx:TrackPointExtension></extensions>
      </trkpt>
      <trkpt lat="46.558319" lon="6.542497">
        <ele>618.9</ele>
        <time>2026-09-15T09:34:56.000Z</time>
        <extensions><power>178</power><gpxtpx:TrackPointExtension><gpxtpx:hr>128</gpxtpx:hr><gpxtpx:cad>0</gpxtpx:cad></gpxtpx:TrackPointExtension></extensions>
      </trkpt>
      <trkpt lat="46.558329" lon="6.542667">
        <ele>618.3</ele>
        <time>2026-09-15T09:35:00.000Z</time>
        <extensions><power>178</power><gpxtpx:TrackPointExtension><gpxtpx:hr>128</gpxtpx:hr><gpxtpx:cad>0</gpxtpx:cad></gpxtpx:TrackPointExtension></extensions>
      </trkpt>
      <trkpt lat="46.558345" lon="6.542834">
        <ele>617.6</ele>
        <time>2026-09-15T09:35:04.000Z</time>
        <extensions><power>178</power><gpxtpx:TrackPointExtension><gpxtpx:hr>128</gpxtpx:hr><gpxtpx:cad>0</gpxtpx:cad></gpxtpx:TrackPointExtension></extensions>
      </trkpt>
      <trkpt lat="46.558365" lon="6.543000">
        <ele>617.0</ele>
        <time>2026-09-15T09:35:08.000Z</time>
        <extensions><power>178</power><gpxtpx:TrackPointExtension><gpxtpx:hr>128</gpxtpx:hr><gpxtpx:cad>0</gpxtpx:cad></gpxtpx:TrackPointExtension></extensions>
      </trkpt>
      <trkpt lat="46.558389" lon="6.543164">
        <ele>616.3</ele>
        <time>2026-09-15T09:35:12.000Z</time>
        <extensions><power>179</power><gpxtpx:TrackPointExtension><gpxtpx:hr>128</gpxtpx:hr><gpxtpx:cad>0</gpxtpx:cad></gpxtpx:TrackPointExtension></extensions>
      </trkpt>
      <trkpt lat="46.558417" lon="6.543326">
        <ele>615.7</ele>
        <time>2026-09-15T09:35:16.000Z</time>
        <extensions><power>179</power><gpxtpx:TrackPointExtension><gpxtpx:hr>128</gpxtpx:hr><gpxtpx:cad>0</gpxtpx:cad></gpxtpx:TrackPointExtension></extensions>
      </trkpt>
      <trkpt lat="46.558448" lon="6.543487">
        <ele>615.1</ele>
        <time>2026-09-15T09:35:20.000Z</time>
        <extensions><power>179</power><gpxtpx:TrackPointExtension><gpxtpx:hr>128</gpxtpx:hr><gpxtpx:cad>0</gpxtpx:cad></gpxtpx:TrackPointExtension></extensions>
      </trkpt>
      <trkpt lat="46.558481" lon="6.543646">
        <ele>614.4</ele>
        <time>2026-09-15T09:35:24.000Z</time>
        <extensions><power>179</power><gpxtpx:TrackPointExtension><gpxtpx:hr>128</gpxtpx:hr><gpxtpx:cad>0</gpxtpx:cad></gpxtpx:TrackPointExtension></extensions>
      </trkpt>
      <trkpt lat="46.558515" lon="6.543805">
        <ele>613.8</ele>
        <time>2026-09-15T09:35:28.000Z</time>
        <extensions><power>179</power><gpxtpx:TrackPointExtension><gpxtpx:hr>128</gpxtpx:hr><gpxtpx:cad>0</gpxtpx:cad></gpxtpx:TrackPointExtension></extensions>
      </trkpt>
      <trkpt lat="46.558550" lon="6.543964">
        <ele>613.2</ele>
        <time>2026-09-15T09:35:32.000Z</time>
        <extensions><power>179</power><gpxtpx:TrackPointExtension><gpxtpx:hr>128</gpxtpx:hr><gpxtpx:cad>0</gpxtpx:cad></gpxtpx:TrackPointExtension></extensions>
      </trkpt>
      <trkpt lat="46.558585" lon="6.544123">
        <ele>612.5</ele>
        <time>2026-09-15T09:35:36.000Z</time>
        <extensions><power>179</power><gpxtpx:TrackPointExtension><gpxtpx:hr>128</gpxtpx:hr><gpxtpx:cad>0</gpxtpx:cad></gpxtpx:TrackPointExtension></extensions>
      </trkpt>
      <trkpt lat="46.558617" lon="6.544283">
        <ele>611.9</ele>
        <time>2026-09-15T09:35:40.000Z</time>
        <extensions><power>179</power><gpxtpx:TrackPointExtension><gpxtpx:hr>128</gpxtpx:hr><gpxtpx:cad>0</gpxtpx:cad></gpxtpx:TrackPointExtension></extensions>
      </trkpt>
      <trkpt lat="46.558647" lon="6.544444">
        <ele>611.3</ele>
        <time>2026-09-15T09:35:44.000Z</time>
        <extensions><power>179</power><gpxtpx:TrackPointExtension><gpxtpx:hr>128</gpxtpx:hr><gpxtpx:cad>0</gpxtpx:cad></gpxtpx:TrackPointExtension></extensions>
      </trkpt>
      <trkpt lat="46.558673" lon="6.544608">
        <ele>610.7</ele>
        <time>2026-09-15T09:35:48.000Z</time>
        <extensions><power>179</power><gpxtpx:TrackPointExtension><gpxtpx:hr>128</gpxtpx:hr><gpxtpx:cad>0</gpxtpx:cad></gpxtpx:TrackPointExtension></extensions>
      </trkpt>
      <trkpt lat="46.558695" lon="6.544773">
        <ele>610.0</ele>
        <time>2026-09-15T09:35:52.000Z</time>
        <extensions><power>179</power><gpxtpx:TrackPointExtension><gpxtpx:hr>128</gpxtpx:hr><gpxtpx:cad>0</gpxtpx:cad></gpxtpx:TrackPointExtension></extensions>
      </trkpt>
      <trkpt lat="46.558710" lon="6.544942">
        <ele>609.4</ele>
        <time>2026-09-15T09:35:56.000Z</time>
        <extensions><power>180</power><gpxtpx:TrackPointExtension><gpxtpx:hr>128</gpxtpx:hr><gpxtpx:cad>0</gpxtpx:cad></gpxtpx:TrackPointExtension></extensions>
      </trkpt>
      <trkpt lat="46.558719" lon="6.545114">
        <ele>608.8</ele>
        <time>2026-09-15T09:36:00.000Z</time>
        <extensions><power>180</power><gpxtpx:TrackPointExtension><gpxtpx:hr>128</gpxtpx:hr><gpxtpx:cad>69</gpxtpx:cad></gpxtpx:TrackPointExtension></extensions>
      </trkpt>
      <trkpt lat="46.558720" lon="6.545290">
        <ele>608.2</ele>
        <time>2026-09-15T09:36:04.000Z</time>
        <extensions><power>180</power><gpxtpx:TrackPointExtension><gpxtpx:hr>128</gpxtpx:hr><gpxtpx:cad>69</gpxtpx:cad></gpxtpx:TrackPointExtension></extensions>
      </trkpt>
      <trkpt lat="46.558713" lon="6.545470">
        <ele>607.6</ele>
        <time>2026-09-15T09:36:08.000Z</time>
        <extensions><power>180</power><gpxtpx:TrackPointExtension><gpxtpx:hr>128</gpxtpx:hr><gpxtpx:cad>69</gpxtpx:cad></gpxtpx:TrackPointExtension></extensions>
      </trkpt>
      <trkpt lat="46.558697" lon="6.545656">
        <ele>606.9</ele>
        <time>2026-09-15T09:36:12.000Z</time>
        <extensions><power>180</power><gpxtpx:TrackPointExtension><gpxtpx:hr>128</gpxtpx:hr><gpxtpx:cad>70</gpxtpx:cad></gpxtpx:TrackPointExtension></extensions>
      </trkpt>
      <trkpt lat="46.558672" lon="6.545847">
        <ele>606.3</ele>
        <time>2026-09-15T09:36:16.000Z</time>
        <extensions><power>180</power><gpxtpx:TrackPointExtension><gpxtpx:hr>128</gpxtpx:hr><gpxtpx:cad>70</gpxtpx:cad></gpxtpx:TrackPointExtension></extensions>
      </trkpt>
      <trkpt lat="46.558637" lon="6.546044">
        <ele>605.7</ele>
        <time>2026-09-15T09:36:20.000Z</time>
        <extensions><power>180</power><gpxtpx:TrackPointExtension><gpxtpx:hr>128</gpxtpx:hr><gpxtpx:cad>70</gpxtpx:cad></gpxtpx:TrackPointExtension></extensions>
      </trkpt>
      <trkpt lat="46.558592" lon="6.546246">
        <ele>605.1</ele>
        <time>2026-09-15T09:36:24.000Z</time>
        <extensions><power>180</power><gpxtpx:TrackPointExtension><gpxtpx:hr>128</gpxtpx:hr><gpxtpx:cad>70</gpxtpx:cad></gpxtpx:TrackPointExtension></extensions>
      </trkpt>
      <trkpt lat="46.558537" lon="6.546455">
        <ele>604.5</ele>
        <time>2026-09-15T09:36:28.000Z</time>
        <extensions><power>180</power><gpxtpx:TrackPointExtension><gpxtpx:hr>128</gpxtpx:hr><gpxtpx:cad>70</gpxtpx:cad></gpxtpx:TrackPointExtension></extensions>
      </trkpt>
      <trkpt lat="46.558472" lon="6.546670">
        <ele>603.9</ele>
        <time>2026-09-15T09:36:32.000Z</time>
        <extensions><power>180</power><gpxtpx:TrackPointExtension><gpxtpx:hr>128</gpxtpx:hr><gpxtpx:cad>70</gpxtpx:cad></gpxtpx:TrackPointExtension></extensions>
      </trkpt>
      <trkpt lat="46.558398" lon="6.546891">
        <ele>603.3</ele>
        <time>2026-09-15T09:36:36.000Z</time>
        <extensions><power>180</power><gpxtpx:TrackPointExtension><gpxtpx:hr>128</gpxtpx:hr><gpxtpx:cad>70</gpxtpx:cad></gpxtpx:TrackPointExtension></extensions>
      </trkpt>
      <trkpt lat="46.558315" lon="6.547118">
        <ele>602.7</ele>
        <time>2026-09-15T09:36:40.000Z</time>
        <extensions><power>180</power><gpxtpx:TrackPointExtension><gpxtpx:hr>128</gpxtpx:hr><gpxtpx:cad>70</gpxtpx:cad></gpxtpx:TrackPointExtension></extensions>
      </trkpt>
      <trkpt lat="46.558223" lon="6.547350">
        <ele>602.1</ele>
        <time>2026-09-15T09:36:44.000Z</time>
        <extensions><power>180</power><gpxtpx:TrackPointExtension><gpxtpx:hr>128</gpxtpx:hr><gpxtpx:cad>70</gpxtpx:cad></gpxtpx:TrackPointExtension></extensions>
      </trkpt>
      <trkpt lat="46.558123" lon="6.547589">
        <ele>601.5</ele>
        <time>2026-09-15T09:36:48.000Z</time>
        <extensions><power>180</power><gpxtpx:TrackPointExtension><gpxtpx:hr>128</gpxtpx:hr><gpxtpx:cad>70</gpxtpx:cad></gpxtpx:TrackPointExtension></extensions>
      </trkpt>
      <trkpt lat="46.558017" lon="6.547832">
        <ele>600.9</ele>
        <time>2026-09-15T09:36:52.000Z</time>
        <extensions><power>180</power><gpxtpx:TrackPointExtension><gpxtpx:hr>128</gpxtpx:hr><gpxtpx:cad>70</gpxtpx:cad></gpxtpx:TrackPointExtension></extensions>
      </trkpt>
      <trkpt lat="46.557905" lon="6.548081">
        <ele>600.3</ele>
        <time>2026-09-15T09:36:56.000Z</time>
        <extensions><power>180</power><gpxtpx:TrackPointExtension><gpxtpx:hr>128</gpxtpx:hr><gpxtpx:cad>70</gpxtpx:cad></gpxtpx:TrackPointExtension></extensions>
      </trkpt>
      <trkpt lat="46.557788" lon="6.548333">
        <ele>599.7</ele>
        <time>2026-09-15T09:37:00.000Z</time>
        <extensions><power>179</power><gpxtpx:TrackPointExtension><gpxtpx:hr>128</gpxtpx:hr><gpxtpx:cad>70</gpxtpx:cad></gpxtpx:TrackPointExtension></extensions>
      </trkpt>
      <trkpt lat="46.557668" lon="6.548589">
        <ele>599.1</ele>
        <time>2026-09-15T09:37:04.000Z</time>
        <extensions><power>179</power><gpxtpx:TrackPointExtension><gpxtpx:hr>128</gpxtpx:hr><gpxtpx:cad>70</gpxtpx:cad></gpxtpx:TrackPointExtension></extensions>
      </trkpt>
      <trkpt lat="46.557546" lon="6.548848">
        <ele>598.5</ele>
        <time>2026-09-15T09:37:08.000Z</time>
        <extensions><power>179</power><gpxtpx:TrackPointExtension><gpxtpx:hr>128</gpxtpx:hr><gpxtpx:cad>70</gpxtpx:cad></gpxtpx:TrackPointExtension></extensions>
      </trkpt>
      <trkpt lat="46.557423" lon="6.549109">
        <ele>597.9</ele>
        <time>2026-09-15T09:37:12.000Z</time>
        <extensions><power>179</power><gpxtpx:TrackPointExtension><gpxtpx:hr>128</gpxtpx:hr><gpxtpx:cad>70</gpxtpx:cad></gpxtpx:TrackPointExtension></extensions>
      </trkpt>
      <trkpt lat="46.557301" lon="6.549371">
        <ele>597.3</ele>
        <time>2026-09-15T09:37:16.000Z</time>
        <extensions><power>179</power><gpxtpx:TrackPointExtension><gpxtpx:hr>128</gpxtpx:hr><gpxtpx:cad>70</gpxtpx:cad></gpxtpx:TrackPointExtension></extensions>
      </trkpt>
      <trkpt lat="46.557181" lon="6.549634">
        <ele>596.7</ele>
        <time>2026-09-15T09:37:20.000Z</time>
        <extensions><power>179</power><gpxtpx:TrackPointExtension><gpxtpx:hr>128</gpxtpx:hr><gpxtpx:cad>70</gpxtpx:cad></gpxtpx:TrackPointExtension></extensions>
      </trkpt>
      <trkpt lat="46.557065" lon="6.549896">
        <ele>596.2</ele>
        <time>2026-09-15T09:37:24.000Z</time>
        <extensions><power>179</power><gpxtpx:TrackPointExtension><gpxtpx:hr>128</gpxtpx:hr><gpxtpx:cad>70</gpxtpx:cad></gpxtpx:TrackPointExtension></extensions>
      </trkpt>
      <trkpt lat="46.556954" lon="6.550157">
        <ele>595.6</ele>
        <time>2026-09-15T09:37:28.000Z</time>
        <extensions><power>179</power><gpxtpx:TrackPointExtension><gpxtpx:hr>128</gpxtpx:hr><gpxtpx:cad>70</gpxtpx:cad></gpxtpx:TrackPointExtension></extensions>
      </trkpt>
      <trkpt lat="46.556849" lon="6.550416">
        <ele>595.0</ele>
        <time>2026-09-15T09:37:32.000Z</time>
        <extensions><power>179</power><gpxtpx:TrackPointExtension><gpxtpx:hr>128</gpxtpx:hr><gpxtpx:cad>70</gpxtpx:cad></gpxtpx:TrackPointExtension></extensions>
      </trkpt>
      <trkpt lat="46.556751" lon="6.550672">
        <ele>594.4</ele>
        <time>2026-09-15T09:37:36.000Z</time>
        <extensions><power>179</power><gpxtpx:TrackPointExtension><gpxtpx:hr>128</gpxtpx:hr><gpxtpx:cad>70</gpxtpx:cad></gpxtpx:TrackPointExtension></extensions>
      </trkpt>
      <trkpt lat="46.556663" lon="6.550924">
        <ele>593.9</ele>
        <time>2026-09-15T09:37:40.000Z</time>
        <extensions><power>179</power><gpxtpx:TrackPointExtension><gpxtpx:hr>128</gpxtpx:hr><gpxtpx:cad>70</gpxtpx:cad></gpxtpx:TrackPointExtension></extensions>
      </trkpt>
      <trkpt lat="46.556585" lon="6.551171">
        <ele>593.3</ele>
        <time>2026-09-15T09:37:44.000Z</time>
        <extensions><power>179</power><gpxtpx:TrackPointExtension><gpxtpx:hr>128</gpxtpx:hr><gpxtpx:cad>70</gpxtpx:cad></gpxtpx:TrackPointExtension></extensions>
      </trkpt>
      <trkpt lat="46.556517" lon="6.551413">
        <ele>592.7</ele>
        <time>2026-09-15T09:37:48.000Z</time>
        <extensions><power>178</power><gpxtpx:TrackPointExtension><gpxtpx:hr>128</gpxtpx:hr><gpxtpx:cad>70</gpxtpx:cad></gpxtpx:TrackPointExtension></extensions>
      </trkpt>
      <trkpt lat="46.556462" lon="6.551649">
        <ele>592.1</ele>
        <time>2026-09-15T09:37:52.000Z</time>
        <extensions><power>178</power><gpxtpx:TrackPointExtension><gpxtpx:hr>128</gpxtpx:hr><gpxtpx:cad>70</gpxtpx:cad></gpxtpx:TrackPointExtension></extensions>
      </trkpt>
      <trkpt lat="46.556419" lon="6.551878">
        <ele>591.6</ele>
        <time>2026-09-15T09:37:56.000Z</time>
        <extensions><power>178</power><gpxtpx:TrackPointExtension><gpxtpx:hr>128</gpxtpx:hr><gpxtpx:cad>70</gpxtpx:cad></gpxtpx:TrackPointExtension></extensions>
      </trkpt>
      <trkpt lat="46.556389" lon="6.552099">
        <ele>591.0</ele>
        <time>2026-09-15T09:38:00.000Z</time>
        <extensions><power>178</power><gpxtpx:TrackPointExtension><gpxtpx:hr>128</gpxtpx:hr><gpxtpx:cad>70</gpxtpx:cad></gpxtpx:TrackPointExtension></extensions>
      </trkpt>
      <trkpt lat="46.556372" lon="6.552313">
        <ele>590.4</ele>
        <time>2026-09-15T09:38:04.000Z</time>
        <extensions><power>178</power><gpxtpx:TrackPointExtension><gpxtpx:hr>128</gpxtpx:hr><gpxtpx:cad>71</gpxtpx:cad></gpxtpx:TrackPointExtension></extensions>
      </trkpt>
      <trkpt lat="46.556370" lon="6.552519">
        <ele>589.9</ele>
        <time>2026-09-15T09:38:08.000Z</time>
        <extensions><power>178</power><gpxtpx:TrackPointExtension><gpxtpx:hr>128</gpxtpx:hr><gpxtpx:cad>71</gpxtpx:cad></gpxtpx:TrackPointExtension></extensions>
      </trkpt>
      <trkpt lat="46.556381" lon="6.552716">
        <ele>589.3</ele>
        <time>2026-09-15T09:38:12.000Z</time>
        <extensions><power>178</power><gpxtpx:TrackPointExtension><gpxtpx:hr>128</gpxtpx:hr><gpxtpx:cad>71</gpxtpx:cad></gpxtpx:TrackPointExtension></extensions>
      </trkpt>
      <trkpt lat="46.556406" lon="6.552905">
        <ele>588.8</ele>
        <time>2026-09-15T09:38:16.000Z</time>
        <extensions><power>177</power><gpxtpx:TrackPointExtension><gpxtpx:hr>128</gpxtpx:hr><gpxtpx:cad>71</gpxtpx:cad></gpxtpx:TrackPointExtension></extensions>
      </trkpt>
      <trkpt lat="46.556444" lon="6.553085">
        <ele>588.2</ele>
        <time>2026-09-15T09:38:20.000Z</time>
        <extensions><power>177</power><gpxtpx:TrackPointExtension><gpxtpx:hr>128</gpxtpx:hr><gpxtpx:cad>71</gpxtpx:cad></gpxtpx:TrackPointExtension></extensions>
      </trkpt>
      <trkpt lat="46.556496" lon="6.553257">
        <ele>587.7</ele>
        <time>2026-09-15T09:38:24.000Z</time>
        <extensions><power>177</power><gpxtpx:TrackPointExtension><gpxtpx:hr>128</gpxtpx:hr><gpxtpx:cad>71</gpxtpx:cad></gpxtpx:TrackPointExtension></extensions>
      </trkpt>
      <trkpt lat="46.556559" lon="6.553420">
        <ele>587.1</ele>
        <time>2026-09-15T09:38:28.000Z</time>
        <extensions><power>177</power><gpxtpx:TrackPointExtension><gpxtpx:hr>128</gpxtpx:hr><gpxtpx:cad>71</gpxtpx:cad></gpxtpx:TrackPointExtension></extensions>
      </trkpt>
      <trkpt lat="46.556635" lon="6.553576">
        <ele>586.6</ele>
        <time>2026-09-15T09:38:32.000Z</time>
        <extensions><power>177</power><gpxtpx:TrackPointExtension><gpxtpx:hr>128</gpxtpx:hr><gpxtpx:cad>71</gpxtpx:cad></gpxtpx:TrackPointExtension></extensions>
      </trkpt>
      <trkpt lat="46.556721" lon="6.553723">
        <ele>586.0</ele>
        <time>2026-09-15T09:38:36.000Z</time>
        <extensions><power>177</power><gpxtpx:TrackPointExtension><gpxtpx:hr>128</gpxtpx:hr><gpxtpx:cad>71</gpxtpx:cad></gpxtpx:TrackPointExtension></extensions>
      </trkpt>
      <trkpt lat="46.556818" lon="6.553864">
        <ele>585.5</ele>
        <time>2026-09-15T09:38:40.000Z</time>
        <extensions><power>176</power><gpxtpx:TrackPointExtension><gpxtpx:hr>128</gpxtpx:hr><gpxtpx:cad>71</gpxtpx:cad></gpxtpx:TrackPointExtension></extensions>
      </trkpt>
      <trkpt lat="46.556923" lon="6.553998">
        <ele>584.9</ele>
        <time>2026-09-15T09:38:44.000Z</time>
        <extensions><power>176</power><gpxtpx:TrackPointExtension><gpxtpx:hr>128</gpxtpx:hr><gpxtpx:cad>71</gpxtpx:cad></gpxtpx:TrackPointExtension></extensions>
      </trkpt>
      <trkpt lat="46.557036" lon="6.554126">
        <ele>584.4</ele>
        <time>2026-09-15T09:38:48.000Z</time>
        <extensions><power>176</power><gpxtpx:TrackPointExtension><gpxtpx:hr>128</gpxtpx:hr><gpxtpx:cad>71</gpxtpx:cad></gpxtpx:TrackPointExtension></extensions>
      </trkpt>
      <trkpt lat="46.557156" lon="6.554249">
        <ele>583.9</ele>
        <time>2026-09-15T09:38:52.000Z</time>
        <extensions><power>176</power><gpxtpx:TrackPointExtension><gpxtpx:hr>128</gpxtpx:hr><gpxtpx:cad>71</gpxtpx:cad></gpxtpx:TrackPointExtension></extensions>
      </trkpt>
      <trkpt lat="46.557281" lon="6.554367">
        <ele>583.3</ele>
        <time>2026-09-15T09:38:56.000Z</time>
        <extensions><power>175</power><gpxtpx:TrackPointExtension><gpxtpx:hr>128</gpxtpx:hr><gpxtpx:cad>71</gpxtpx:cad></gpxtpx:TrackPointExtension></extensions>
      </trkpt>
      <trkpt lat="46.557411" lon="6.554482">
        <ele>582.8</ele>
        <time>2026-09-15T09:39:00.000Z</time>
        <extensions><power>175</power><gpxtpx:TrackPointExtension><gpxtpx:hr>128</gpxtpx:hr><gpxtpx:cad>71</gpxtpx:cad></gpxtpx:TrackPointExtension></extensions>
      </trkpt>
      <trkpt lat="46.557543" lon="6.554594">
        <ele>582.3</ele>
        <time>2026-09-15T09:39:04.000Z</time>
        <extensions><power>175</power><gpxtpx:TrackPointExtension><gpxtpx:hr>128</gpxtpx:hr><gpxtpx:cad>71</gpxtpx:cad></gpxtpx:TrackPointExtension></extensions>
      </trkpt>
      <trkpt lat="46.557677" lon="6.554703">
        <ele>581.7</ele>
        <time>2026-09-15T09:39:08.000Z</time>
        <extensions><power>175</power><gpxtpx:TrackPointExtension><gpxtpx:hr>128</gpxtpx:hr><gpxtpx:cad>71</gpxtpx:cad></gpxtpx:TrackPointExtension></extensions>
      </trkpt>
      <trkpt lat="46.557812" lon="6.554812">
        <ele>581.2</ele>
        <time>2026-09-15T09:39:12.000Z</time>
        <extensions><power>175</power><gpxtpx:TrackPointExtension><gpxtpx:hr>128</gpxtpx:hr><gpxtpx:cad>71</gpxtpx:cad></gpxtpx:TrackPointExtension></extensions>
      </trkpt>
      <trkpt lat="46.557947" lon="6.554920">
        <ele>580.7</ele>
        <time>2026-09-15T09:39:16.000Z</time>
        <extensions><power>174</power><gpxtpx:TrackPointExtension><gpxtpx:hr>128</gpxtpx:hr><gpxtpx:cad>71</gpxtpx:cad></gpxtpx:TrackPointExtension></extensions>
      </trkpt>
      <trkpt lat="46.558080" lon="6.555029">
        <ele>580.2</ele>
        <time>2026-09-15T09:39:20.000Z</time>
        <extensions><power>174</power><gpxtpx:TrackPointExtension><gpxtpx:hr>128</gpxtpx:hr><gpxtpx:cad>71</gpxtpx:cad></gpxtpx:TrackPointExtension></extensions>
      </trkpt>
      <trkpt lat="46.558210" lon="6.555138">
        <ele>579.6</ele>
        <time>2026-09-15T09:39:24.000Z</time>
        <extensions><power>174</power><gpxtpx:TrackPointExtension><gpxtpx:hr>129</gpxtpx:hr><gpxtpx:cad>71</gpxtpx:cad></gpxtpx:TrackPointExtension></extensions>
      </trkpt>
      <trkpt lat="46.558338" lon="6.555250">
        <ele>579.1</ele>
        <time>2026-09-15T09:39:28.000Z</time>
        <extensions><power>174</power><gpxtpx:TrackPointExtension><gpxtpx:hr>129</gpxtpx:hr><gpxtpx:cad>71</gpxtpx:cad></gpxtpx:TrackPointExtension></extensions>
      </trkpt>
      <trkpt lat="46.558461" lon="6.555364">
        <ele>578.6</ele>
        <time>2026-09-15T09:39:32.000Z</time>
        <extensions><power>173</power><gpxtpx:TrackPointExtension><gpxtpx:hr>129</gpxtpx:hr><gpxtpx:cad>71</gpxtpx:cad></gpxtpx:TrackPointExtension></extensions>
      </trkpt>
      <trkpt lat="46.558580" lon="6.555481">
        <ele>578.1</ele>
        <time>2026-09-15T09:39:36.000Z</time>
        <extensions><power>173</power><gpxtpx:TrackPointExtension><gpxtpx:hr>129</gpxtpx:hr><gpxtpx:cad>71</gpxtpx:cad></gpxtpx:TrackPointExtension></extensions>
      </trkpt>
      <trkpt lat="46.558694" lon="6.555601">
        <ele>577.6</ele>
        <time>2026-09-15T09:39:40.000Z</time>
        <extensions><power>173</power><gpxtpx:TrackPointExtension><gpxtpx:hr>129</gpxtpx:hr><gpxtpx:cad>71</gpxtpx:cad></gpxtpx:TrackPointExtension></extensions>
      </trkpt>
      <trkpt lat="46.558803" lon="6.555725">
        <ele>577.1</ele>
        <time>2026-09-15T09:39:44.000Z</time>
        <extensions><power>173</power><gpxtpx:TrackPointExtension><gpxtpx:hr>129</gpxtpx:hr><gpxtpx:cad>71</gpxtpx:cad></gpxtpx:TrackPointExtension></extensions>
      </trkpt>
      <trkpt lat="46.558906" lon="6.555853">
        <ele>576.6</ele>
        <time>2026-09-15T09:39:48.000Z</time>
        <extensions><power>172</power><gpxtpx:TrackPointExtension><gpxtpx:hr>129</gpxtpx:hr><gpxtpx:cad>71</gpxtpx:cad></gpxtpx:TrackPointExtension></extensions>
      </trkpt>
      <trkpt lat="46.559004" lon="6.555985">
        <ele>576.1</ele>
        <time>2026-09-15T09:39:52.000Z</time>
        <extensions><power>172</power><gpxtpx:TrackPointExtension><gpxtpx:hr>129</gpxtpx:hr><gpxtpx:cad>72</gpxtpx:cad></gpxtpx:TrackPointExtension></extensions>
      </trkpt>
      <trkpt lat="46.559097" lon="6.556122">
        <ele>575.6</ele>
        <time>2026-09-15T09:39:56.000Z</time>
        <extensions><power>172</power><gpxtpx:TrackPointExtension><gpxtpx:hr>129</gpxtpx:hr><gpxtpx:cad>72</gpxtpx:cad></gpxtpx:TrackPointExtension></extensions>
      </trkpt>
      <trkpt lat="46.559185" lon="6.556262">
        <ele>575.1</ele>
        <time>2026-09-15T09:40:00.000Z</time>
        <extensions><power>172</power><gpxtpx:TrackPointExtension><gpxtpx:hr>129</gpxtpx:hr><gpxtpx:cad>72</gpxtpx:cad></gpxtpx:TrackPointExtension></extensions>
      </trkpt>
      <trkpt lat="46.559268" lon="6.556406">
        <ele>574.6</ele>
        <time>2026-09-15T09:40:04.000Z</time>
        <extensions><power>171</power><gpxtpx:TrackPointExtension><gpxtpx:hr>129</gpxtpx:hr><gpxtpx:cad>72</gpxtpx:cad></gpxtpx:TrackPointExtension></extensions>
      </trkpt>
      <trkpt lat="46.559347" lon="6.556554">
        <ele>574.1</ele>
        <time>2026-09-15T09:40:08.000Z</time>
        <extensions><power>171</power><gpxtpx:TrackPointExtension><gpxtpx:hr>129</gpxtpx:hr><gpxtpx:cad>72</gpxtpx:cad></gpxtpx:TrackPointExtension></extensions>
      </trkpt>
      <trkpt lat="46.559422" lon="6.556705">
        <ele>573.6</ele>
        <time>2026-09-15T09:40:12.000Z</time>
        <extensions><power>171</power><gpxtpx:TrackPointExtension><gpxtpx:hr>129</gpxtpx:hr><gpxtpx:cad>72</gpxtpx:cad></gpxtpx:TrackPointExtension></extensions>
      </trkpt>
      <trkpt lat="46.559494" lon="6.556859">
        <ele>573.1</ele>
        <time>2026-09-15T09:40:16.000Z</time>
        <extensions><power>170</power><gpxtpx:TrackPointExtension><gpxtpx:hr>129</gpxtpx:hr><gpxtpx:cad>72</gpxtpx:cad></gpxtpx:TrackPointExtension></extensions>
      </trkpt>
      <trkpt lat="46.559564" lon="6.557014">
        <ele>572.6</ele>
        <time>2026-09-15T09:40:20.000Z</time>
        <extensions><power>170</power><gpxtpx:TrackPointExtension><gpxtpx:hr>129</gpxtpx:hr><gpxtpx:cad>72</gpxtpx:cad></gpxtpx:TrackPointExtension></extensions>
      </trkpt>
      <trkpt lat="46.559633" lon="6.557172">
        <ele>572.1</ele>
        <time>2026-09-15T09:40:24.000Z</time>
        <extensions><power>170</power><gpxtpx:TrackPointExtension><gpxtpx:hr>129</gpxtpx:hr><gpxtpx:cad>72</gpxtpx:cad></gpxtpx:TrackPointExtension></extensions>
      </trkpt>
      <trkpt lat="46.559701" lon="6.557329">
        <ele>571.6</ele>
        <time>2026-09-15T09:40:28.000Z</time>
        <extensions><power>169</power><gpxtpx:TrackPointExtension><gpxtpx:hr>129</gpxtpx:hr><gpxtpx:cad>72</gpxtpx:cad></gpxtpx:TrackPointExtension></extensions>
      </trkpt>
      <trkpt lat="46.559770" lon="6.557487">
        <ele>571.1</ele>
        <time>2026-09-15T09:40:32.000Z</time>
        <extensions><power>169</power><gpxtpx:TrackPointExtension><gpxtpx:hr>129</gpxtpx:hr><gpxtpx:cad>72</gpxtpx:cad></gpxtpx:TrackPointExtension></extensions>
      </trkpt>
      <trkpt lat="46.559840" lon="6.557645">
        <ele>570.7</ele>
        <time>2026-09-15T09:40:36.000Z</time>
        <extensions><power>169</power><gpxtpx:TrackPointExtension><gpxtpx:hr>129</gpxtpx:hr><gpxtpx:cad>72</gpxtpx:cad></gpxtpx:TrackPointExtension></extensions>
      </trkpt>
      <trkpt lat="46.559911" lon="6.557800">
        <ele>570.2</ele>
        <time>2026-09-15T09:40:40.000Z</time>
        <extensions><power>169</power><gpxtpx:TrackPointExtension><gpxtpx:hr>129</gpxtpx:hr><gpxtpx:cad>72</gpxtpx:cad></gpxtpx:TrackPointExtension></extensions>
      </trkpt>
      <trkpt lat="46.559986" lon="6.557953">
        <ele>569.7</ele>
        <time>2026-09-15T09:40:44.000Z</time>
        <extensions><power>168</power><gpxtpx:TrackPointExtension><gpxtpx:hr>129</gpxtpx:hr><gpxtpx:cad>72</gpxtpx:cad></gpxtpx:TrackPointExtension></extensions>
      </trkpt>
      <trkpt lat="46.560065" lon="6.558103">
        <ele>569.2</ele>
        <time>2026-09-15T09:40:48.000Z</time>
        <extensions><power>168</power><gpxtpx:TrackPointExtension><gpxtpx:hr>129</gpxtpx:hr><gpxtpx:cad>72</gpxtpx:cad></gpxtpx:TrackPointExtension></extensions>
      </trkpt>
      <trkpt lat="46.560148" lon="6.558249">
        <ele>568.8</ele>
        <time>2026-09-15T09:40:52.000Z</time>
        <extensions><power>168</power><gpxtpx:TrackPointExtension><gpxtpx:hr>129</gpxtpx:hr><gpxtpx:cad>72</gpxtpx:cad></gpxtpx:TrackPointExtension></extensions>
      </trkpt>
      <trkpt lat="46.560236" lon="6.558391">
        <ele>568.3</ele>
        <time>2026-09-15T09:40:56.000Z</time>
        <extensions><power>167</power><gpxtpx:TrackPointExtension><gpxtpx:hr>129</gpxtpx:hr><gpxtpx:cad>72</gpxtpx:cad></gpxtpx:TrackPointExtension></extensions>
      </trkpt>
      <trkpt lat="46.560330" lon="6.558527">
        <ele>567.8</ele>
        <time>2026-09-15T09:41:00.000Z</time>
        <extensions><power>167</power><gpxtpx:TrackPointExtension><gpxtpx:hr>129</gpxtpx:hr><gpxtpx:cad>72</gpxtpx:cad></gpxtpx:TrackPointExtension></extensions>
      </trkpt>
      <trkpt lat="46.560430" lon="6.558657">
        <ele>567.4</ele>
        <time>2026-09-15T09:41:04.000Z</time>
        <extensions><power>167</power><gpxtpx:TrackPointExtension><gpxtpx:hr>129</gpxtpx:hr><gpxtpx:cad>72</gpxtpx:cad></gpxtpx:TrackPointExtension></extensions>
      </trkpt>
      <trkpt lat="46.560537" lon="6.558781">
        <ele>566.9</ele>
        <time>2026-09-15T09:41:08.000Z</time>
        <extensions><power>166</power><gpxtpx:TrackPointExtension><gpxtpx:hr>129</gpxtpx:hr><gpxtpx:cad>72</gpxtpx:cad></gpxtpx:TrackPointExtension></extensions>
      </trkpt>
      <trkpt lat="46.560650" lon="6.558898">
        <ele>566.5</ele>
        <time>2026-09-15T09:41:12.000Z</time>
        <extensions><power>166</power><gpxtpx:TrackPointExtension><gpxtpx:hr>129</gpxtpx:hr><gpxtpx:cad>72</gpxtpx:cad></gpxtpx:TrackPointExtension></extensions>
      </trkpt>
      <trkpt lat="46.560770" lon="6.559007">
        <ele>566.0</ele>
        <time>2026-09-15T09:41:16.000Z</time>
        <extensions><power>166</power><gpxtpx:TrackPointExtension><gpxtpx:hr>129</gpxtpx:hr><gpxtpx:cad>72</gpxtpx:cad></gpxtpx:TrackPointExtension></extensions>
      </trkpt>
      <trkpt lat="46.560897" lon="6.559110">
        <ele>565.6</ele>
        <time>2026-09-15T09:41:20.000Z</time>
        <extensions><power>165</power><gpxtpx:TrackPointExtension><gpxtpx:hr>129</gpxtpx:hr><gpxtpx:cad>72</gpxtpx:cad></gpxtpx:TrackPointExtension></extensions>
      </trkpt>
      <trkpt lat="46.561031" lon="6.559205">
        <ele>565.1</ele>
        <time>2026-09-15T09:41:24.000Z</time>
        <extensions><power>165</power><gpxtpx:TrackPointExtension><gpxtpx:hr>129</gpxtpx:hr><gpxtpx:cad>72</gpxtpx:cad></gpxtpx:TrackPointExtension></extensions>
      </trkpt>
      <trkpt lat="46.561171" lon="6.559293">
        <ele>564.7</ele>
        <time>2026-09-15T09:41:28.000Z</time>
        <extensions><power>165</power><gpxtpx:TrackPointExtension><gpxtpx:hr>129</gpxtpx:hr><gpxtpx:cad>72</gpxtpx:cad></gpxtpx:TrackPointExtension></extensions>
      </trkpt>
      <trkpt lat="46.561318" lon="6.559374">
        <ele>564.2</ele>
        <time>2026-09-15T09:41:32.000Z</time>
        <extensions><power>164</power><gpxtpx:TrackPointExtension><gpxtpx:hr>129</gpxtpx:hr><gpxtpx:cad>72</gpxtpx:cad></gpxtpx:TrackPointExtension></extensions>
      </trkpt>
      <trkpt lat="46.561470" lon="6.559449">
        <ele>563.8</ele>
        <time>2026-09-15T09:41:36.000Z</time>
        <extensions><power>164</power><gpxtpx:TrackPointExtension><gpxtpx:hr>129</gpxtpx:hr><gpxtpx:cad>73</gpxtpx:cad></gpxtpx:TrackPointExtension></extensions>
      </trkpt>
      <trkpt lat="46.561627" lon="6.559516">
        <ele>563.3</ele>
        <time>2026-09-15T09:41:40.000Z</time>
        <extensions><power>164</power><gpxtpx:TrackPointExtension><gpxtpx:hr>129</gpxtpx:hr><gpxtpx:cad>73</gpxtpx:cad></gpxtpx:TrackPointExtension></extensions>
      </trkpt>
      <trkpt lat="46.561789" lon="6.559579">
        <ele>562.9</ele>
        <time>2026-09-15T09:41:44.000Z</time>
        <extensions><power>163</power><gpxtpx:TrackPointExtension><gpxtpx:hr>129</gpxtpx:hr><gpxtpx:cad>73</gpxtpx:cad></gpxtpx:TrackPointExtension></extensions>
      </trkpt>
      <trkpt lat="46.561954" lon="6.559636">
        <ele>562.5</ele>
        <time>2026-09-15T09:41:48.000Z</time>
        <extensions><power>163</power><gpxtpx:TrackPointExtension><gpxtpx:hr>129</gpxtpx:hr><gpxtpx:cad>73</gpxtpx:cad></gpxtpx:TrackPointExtension></extensions>
      </trkpt>
      <trkpt lat="46.562122" lon="6.559689">
        <ele>562.0</ele>
        <time>2026-09-15T09:41:52.000Z</time>
        <extensions><power>163</power><gpxtpx:TrackPointExtension><gpxtpx:hr>129</gpxtpx:hr><gpxtpx:cad>73</gpxtpx:cad></gpxtpx:TrackPointExtension></extensions>
      </trkpt>
      <trkpt lat="46.562292" lon="6.559739">
        <ele>561.6</ele>
        <time>2026-09-15T09:41:56.000Z</time>
        <extensions><power>162</power><gpxtpx:TrackPointExtension><gpxtpx:hr>129</gpxtpx:hr><gpxtpx:cad>73</gpxtpx:cad></gpxtpx:TrackPointExtension></extensions>
      </trkpt>
      <trkpt lat="46.562462" lon="6.559786">
        <ele>561.2</ele>
        <time>2026-09-15T09:42:00.000Z</time>
        <extensions><power>162</power><gpxtpx:TrackPointExtension><gpxtpx:hr>129</gpxtpx:hr><gpxtpx:cad>73</gpxtpx:cad></gpxtpx:TrackPointExtension></extensions>
      </trkpt>
      <trkpt lat="46.562633" lon="6.559832">
        <ele>560.8</ele>
        <time>2026-09-15T09:42:04.000Z</time>
        <extensions><power>162</power><gpxtpx:TrackPointExtension><gpxtpx:hr>129</gpxtpx:hr><gpxtpx:cad>73</gpxtpx:cad></gpxtpx:TrackPointExtension></extensions>
      </trkpt>
      <trkpt lat="46.562802" lon="6.559877">
        <ele>560.3</ele>
        <time>2026-09-15T09:42:08.000Z</time>
        <extensions><power>161</power><gpxtpx:TrackPointExtension><gpxtpx:hr>129</gpxtpx:hr><gpxtpx:cad>73</gpxtpx:cad></gpxtpx:TrackPointExtension></extensions>
      </trkpt>
      <trkpt lat="46.562970" lon="6.559923">
        <ele>559.9</ele>
        <time>2026-09-15T09:42:12.000Z</time>
        <extensions><power>161</power><gpxtpx:TrackPointExtension><gpxtpx:hr>129</gpxtpx:hr><gpxtpx:cad>73</gpxtpx:cad></gpxtpx:TrackPointExtension></extensions>
      </trkpt>
      <trkpt lat="46.563135" lon="6.559971">
        <ele>559.5</ele>
        <time>2026-09-15T09:42:16.000Z</time>
        <extensions><power>160</power><gpxtpx:TrackPointExtension><gpxtpx:hr>130</gpxtpx:hr><gpxtpx:cad>73</gpxtpx:cad></gpxtpx:TrackPointExtension></extensions>
      </trkpt>
      <trkpt lat="46.563295" lon="6.560022">
        <ele>559.1</ele>
        <time>2026-09-15T09:42:20.000Z</time>
        <extensions><power>160</power><gpxtpx:TrackPointExtension><gpxtpx:hr>130</gpxtpx:hr><gpxtpx:cad>73</gpxtpx:cad></gpxtpx:TrackPointExtension></extensions>
      </trkpt>
      <trkpt lat="46.563452" lon="6.560078">
        <ele>558.7</ele>
        <time>2026-09-15T09:42:24.000Z</time>
        <extensions><power>160</power><gpxtpx:TrackPointExtension><gpxtpx:hr>130</gpxtpx:hr><gpxtpx:cad>73</gpxtpx:cad></gpxtpx:TrackPointExtension></extensions>
      </trkpt>
      <trkpt lat="46.563602" lon="6.560138">
        <ele>558.3</ele>
        <time>2026-09-15T09:42:28.000Z</time>
        <extensions><power>159</power><gpxtpx:TrackPointExtension><gpxtpx:hr>130</gpxtpx:hr><gpxtpx:cad>73</gpxtpx:cad></gpxtpx:TrackPointExtension></extensions>
      </trkpt>
      <trkpt lat="46.563747" lon="6.560204">
        <ele>557.9</ele>
        <time>2026-09-15T09:42:32.000Z</time>
        <extensions><power>159</power><gpxtpx:TrackPointExtension><gpxtpx:hr>130</gpxtpx:hr><gpxtpx:cad>73</gpxtpx:cad></gpxtpx:TrackPointExtension></extensions>
      </trkpt>
      <trkpt lat="46.563885" lon="6.560277">
        <ele>557.5</ele>
        <time>2026-09-15T09:42:36.000Z</time>
        <extensions><power>159</power><gpxtpx:TrackPointExtension><gpxtpx:hr>130</gpxtpx:hr><gpxtpx:cad>73</gpxtpx:cad></gpxtpx:TrackPointExtension></extensions>
      </trkpt>
      <trkpt lat="46.564016" lon="6.560358">
        <ele>557.1</ele>
        <time>2026-09-15T09:42:40.000Z</time>
        <extensions><power>158</power><gpxtpx:TrackPointExtension><gpxtpx:hr>130</gpxtpx:hr><gpxtpx:cad>73</gpxtpx:cad></gpxtpx:TrackPointExtension></extensions>
      </trkpt>
      <trkpt lat="46.564139" lon="6.560448">
        <ele>556.7</ele>
        <time>2026-09-15T09:42:44.000Z</time>
        <extensions><power>158</power><gpxtpx:TrackPointExtension><gpxtpx:hr>130</gpxtpx:hr><gpxtpx:cad>73</gpxtpx:cad></gpxtpx:TrackPointExtension></extensions>
      </trkpt>
      <trkpt lat="46.564254" lon="6.560546">
        <ele>556.3</ele>
        <time>2026-09-15T09:42:48.000Z</time>
        <extensions><power>158</power><gpxtpx:TrackPointExtension><gpxtpx:hr>130</gpxtpx:hr><gpxtpx:cad>73</gpxtpx:cad></gpxtpx:TrackPointExtension></extensions>
      </trkpt>
      <trkpt lat="46.564361" lon="6.560655">
        <ele>555.9</ele>
        <time>2026-09-15T09:42:52.000Z</time>
        <extensions><power>157</power><gpxtpx:TrackPointExtension><gpxtpx:hr>130</gpxtpx:hr><gpxtpx:cad>73</gpxtpx:cad></gpxtpx:TrackPointExtension></extensions>
      </trkpt>
      <trkpt lat="46.564461" lon="6.560773">
        <ele>555.5</ele>
        <time>2026-09-15T09:42:56.000Z</time>
        <extensions><power>157</power><gpxtpx:TrackPointExtension><gpxtpx:hr>130</gpxtpx:hr><gpxtpx:cad>73</gpxtpx:cad></gpxtpx:TrackPointExtension></extensions>
      </trkpt>
      <trkpt lat="46.564552" lon="6.560901">
        <ele>555.1</ele>
        <time>2026-09-15T09:43:00.000Z</time>
        <extensions><power>157</power><gpxtpx:TrackPointExtension><gpxtpx:hr>130</gpxtpx:hr><gpxtpx:cad>73</gpxtpx:cad></gpxtpx:TrackPointExtension></extensions>
      </trkpt>
      <trkpt lat="46.564636" lon="6.561039">
        <ele>554.7</ele>
        <time>2026-09-15T09:43:04.000Z</time>
        <extensions><power>156</power><gpxtpx:TrackPointExtension><gpxtpx:hr>130</gpxtpx:hr><gpxtpx:cad>73</gpxtpx:cad></gpxtpx:TrackPointExtension></extensions>
      </trkpt>
      <trkpt lat="46.564713" lon="6.561186">
        <ele>554.3</ele>
        <time>2026-09-15T09:43:08.000Z</time>
        <extensions><power>156</power><gpxtpx:TrackPointExtension><gpxtpx:hr>130</gpxtpx:hr><gpxtpx:cad>73</gpxtpx:cad></gpxtpx:TrackPointExtension></extensions>
      </trkpt>
      <trkpt lat="46.564782" lon="6.561344">
        <ele>554.0</ele>
        <time>2026-09-15T09:43:12.000Z</time>
        <extensions><power>156</power><gpxtpx:TrackPointExtension><gpxtpx:hr>130</gpxtpx:hr><gpxtpx:cad>73</gpxtpx:cad></gpxtpx:TrackPointExtension></extensions>
      </trkpt>
      <trkpt lat="46.564846" lon="6.561510">
        <ele>553.6</ele>
        <time>2026-09-15T09:43:16.000Z</time>
        <extensions><power>155</power><gpxtpx:TrackPointExtension><gpxtpx:hr>130</gpxtpx:hr><gpxtpx:cad>73</gpxtpx:cad></gpxtpx:TrackPointExtension></extensions>
      </trkpt>
      <trkpt lat="46.564904" lon="6.561685">
        <ele>553.2</ele>
        <time>2026-09-15T09:43:20.000Z</time>
        <extensions><power>155</power><gpxtpx:TrackPointExtension><gpxtpx:hr>130</gpxtpx:hr><gpxtpx:cad>73</gpxtpx:cad></gpxtpx:TrackPointExtension></extensions>
      </trkpt>
      <trkpt lat="46.564958" lon="6.561868">
        <ele>552.8</ele>
        <time>2026-09-15T09:43:24.000Z</time>
        <extensions><power>155</power><gpxtpx:TrackPointExtension><gpxtpx:hr>130</gpxtpx:hr><gpxtpx:cad>74</gpxtpx:cad></gpxtpx:TrackPointExtension></extensions>
      </trkpt>
      <trkpt lat="46.565008" lon="6.562058">
        <ele>552.5</ele>
        <time>2026-09-15T09:43:28.000Z</time>
        <extensions><power>154</power><gpxtpx:TrackPointExtension><gpxtpx:hr>130</gpxtpx:hr><gpxtpx:cad>74</gpxtpx:cad></gpxtpx:TrackPointExtension></extensions>
      </trkpt>
      <trkpt lat="46.565054" lon="6.562253">
        <ele>552.1</ele>
        <time>2026-09-15T09:43:32.000Z</time>
        <extensions><power>154</power><gpxtpx:TrackPointExtension><gpxtpx:hr>130</gpxtpx:hr><gpxtpx:cad>74</gpxtpx:cad></gpxtpx:TrackPointExtension></extensions>
      </trkpt>
      <trkpt lat="46.565099" lon="6.562454">
        <ele>551.7</ele>
        <time>2026-09-15T09:43:36.000Z</time>
        <extensions><power>153</power><gpxtpx:TrackPointExtension><gpxtpx:hr>130</gpxtpx:hr><gpxtpx:cad>74</gpxtpx:cad></gpxtpx:TrackPointExtension></extensions>
      </trkpt>
      <trkpt lat="46.565142" lon="6.562658">
        <ele>551.4</ele>
        <time>2026-09-15T09:43:40.000Z</time>
        <extensions><power>153</power><gpxtpx:TrackPointExtension><gpxtpx:hr>130</gpxtpx:hr><gpxtpx:cad>74</gpxtpx:cad></gpxtpx:TrackPointExtension></extensions>
      </trkpt>
      <trkpt lat="46.565185" lon="6.562864">
        <ele>551.0</ele>
        <time>2026-09-15T09:43:44.000Z</time>
        <extensions><power>153</power><gpxtpx:TrackPointExtension><gpxtpx:hr>130</gpxtpx:hr><gpxtpx:cad>74</gpxtpx:cad></gpxtpx:TrackPointExtension></extensions>
      </trkpt>
      <trkpt lat="46.565230" lon="6.563071">
        <ele>550.7</ele>
        <time>2026-09-15T09:43:48.000Z</time>
        <extensions><power>152</power><gpxtpx:TrackPointExtension><gpxtpx:hr>130</gpxtpx:hr><gpxtpx:cad>74</gpxtpx:cad></gpxtpx:TrackPointExtension></extensions>
      </trkpt>
      <trkpt lat="46.565275" lon="6.563278">
        <ele>550.3</ele>
        <time>2026-09-15T09:43:52.000Z</time>
        <extensions><power>152</power><gpxtpx:TrackPointExtension><gpxtpx:hr>130</gpxtpx:hr><gpxtpx:cad>74</gpxtpx:cad></gpxtpx:TrackPointExtension></extensions>
      </trkpt>
      <trkpt lat="46.565324" lon="6.563483">
        <ele>550.0</ele>
        <time>2026-09-15T09:43:56.000Z</time>
        <extensions><power>152</power><gpxtpx:TrackPointExtension><gpxtpx:hr>130</gpxtpx:hr><gpxtpx:cad>74</gpxtpx:cad></gpxtpx:TrackPointExtension></extensions>
      </trkpt>
      <trkpt lat="46.565376" lon="6.563686">
        <ele>549.6</ele>
        <time>2026-09-15T09:44:00.000Z</time>
        <extensions><power>151</power><gpxtpx:TrackPointExtension><gpxtpx:hr>130</gpxtpx:hr><gpxtpx:cad>74</gpxtpx:cad></gpxtpx:TrackPointExtension></extensions>
      </trkpt>
      <trkpt lat="46.565433" lon="6.563883">
        <ele>549.3</ele>
        <time>2026-09-15T09:44:04.000Z</time>
        <extensions><power>151</power><gpxtpx:TrackPointExtension><gpxtpx:hr>130</gpxtpx:hr><gpxtpx:cad>74</gpxtpx:cad></gpxtpx:TrackPointExtension></extensions>
      </trkpt>
      <trkpt lat="46.565495" lon="6.564076">
        <ele>548.9</ele>
        <time>2026-09-15T09:44:08.000Z</time>
        <extensions><power>151</power><gpxtpx:TrackPointExtension><gpxtpx:hr>130</gpxtpx:hr><gpxtpx:cad>74</gpxtpx:cad></gpxtpx:TrackPointExtension></extensions>
      </trkpt>
      <trkpt lat="46.565563" lon="6.564261">
        <ele>548.6</ele>
        <time>2026-09-15T09:44:12.000Z</time>
        <extensions><power>150</power><gpxtpx:TrackPointExtension><gpxtpx:hr>130</gpxtpx:hr><gpxtpx:cad>74</gpxtpx:cad></gpxtpx:TrackPointExtension></extensions>
      </trkpt>
      <trkpt lat="46.565637" lon="6.564438">
        <ele>548.3</ele>
        <time>2026-09-15T09:44:16.000Z</time>
        <extensions><power>150</power><gpxtpx:TrackPointExtension><gpxtpx:hr>131</gpxtpx:hr><gpxtpx:cad>74</gpxtpx:cad></gpxtpx:TrackPointExtension></extensions>
      </trkpt>
      <trkpt lat="46.565718" lon="6.564607">
        <ele>547.9</ele>
        <time>2026-09-15T09:44:20.000Z</time>
        <extensions><power>150</power><gpxtpx:TrackPointExtension><gpxtpx:hr>131</gpxtpx:hr><gpxtpx:cad>74</gpxtpx:cad></gpxtpx:TrackPointExtension></extensions>
      </trkpt>
      <trkpt lat="46.565806" lon="6.564765">
        <ele>547.6</ele>
        <time>2026-09-15T09:44:24.000Z</time>
        <extensions><power>150</power><gpxtpx:TrackPointExtension><gpxtpx:hr>131</gpxtpx:hr><gpxtpx:cad>74</gpxtpx:cad></gpxtpx:TrackPointExtension></extensions>
      </trkpt>
      <trkpt lat="46.565902" lon="6.564913">
        <ele>547.3</ele>
        <time>2026-09-15T09:44:28.000Z</time>
        <extensions><power>149</power><gpxtpx:TrackPointExtension><gpxtpx:hr>131</gpxtpx:hr><gpxtpx:cad>74</gpxtpx:cad></gpxtpx:TrackPointExtension></extensions>
      </trkpt>
      <trkpt lat="46.566006" lon="6.565050">
        <ele>546.9</ele>
        <time>2026-09-15T09:44:32.000Z</time>
        <extensions><power>149</power><gpxtpx:TrackPointExtension><gpxtpx:hr>131</gpxtpx:hr><gpxtpx:cad>74</gpxtpx:cad></gpxtpx:TrackPointExtension></extensions>
      </trkpt>
      <trkpt lat="46.566117" lon="6.565174">
        <ele>546.6</ele>
        <time>2026-09-15T09:44:36.000Z</time>
        <extensions><power>149</power><gpxtpx:TrackPointExtension><gpxtpx:hr>131</gpxtpx:hr><gpxtpx:cad>74</gpxtpx:cad></gpxtpx:TrackPointExtension></extensions>
      </trkpt>
      <trkpt lat="46.566236" lon="6.565287">
        <ele>546.3</ele>
        <time>2026-09-15T09:44:40.000Z</time>
        <extensions><power>148</power><gpxtpx:TrackPointExtension><gpxtpx:hr>131</gpxtpx:hr><gpxtpx:cad>74</gpxtpx:cad></gpxtpx:TrackPointExtension></extensions>
      </trkpt>
      <trkpt lat="46.566363" lon="6.565387">
        <ele>546.0</ele>
        <time>2026-09-15T09:44:44.000Z</time>
        <extensions><power>148</power><gpxtpx:TrackPointExtension><gpxtpx:hr>131</gpxtpx:hr><gpxtpx:cad>74</gpxtpx:cad></gpxtpx:TrackPointExtension></extensions>
      </trkpt>
      <trkpt lat="46.566497" lon="6.565476">
        <ele>545.7</ele>
        <time>2026-09-15T09:44:48.000Z</time>
        <extensions><power>148</power><gpxtpx:TrackPointExtension><gpxtpx:hr>131</gpxtpx:hr><gpxtpx:cad>74</gpxtpx:cad></gpxtpx:TrackPointExtension></extensions>
      </trkpt>
      <trkpt lat="46.566637" lon="6.565552">
        <ele>545.4</ele>
        <time>2026-09-15T09:44:52.000Z</time>
        <extensions><power>147</power><gpxtpx:TrackPointExtension><gpxtpx:hr>131</gpxtpx:hr><gpxtpx:cad>74</gpxtpx:cad></gpxtpx:TrackPointExtension></extensions>
      </trkpt>
      <trkpt lat="46.566785" lon="6.565616">
        <ele>545.1</ele>
        <time>2026-09-15T09:44:56.000Z</time>
        <extensions><power>147</power><gpxtpx:TrackPointExtension><gpxtpx:hr>131</gpxtpx:hr><gpxtpx:cad>74</gpxtpx:cad></gpxtpx:TrackPointExtension></extensions>
      </trkpt>
      <trkpt lat="46.566938" lon="6.565669">
        <ele>544.7</ele>
        <time>2026-09-15T09:45:00.000Z</time>
        <extensions><power>147</power><gpxtpx:TrackPointExtension><gpxtpx:hr>131</gpxtpx:hr><gpxtpx:cad>74</gpxtpx:cad></gpxtpx:TrackPointExtension></extensions>
      </trkpt>
      <trkpt lat="46.567097" lon="6.565711">
        <ele>544.4</ele>
        <time>2026-09-15T09:45:04.000Z</time>
        <extensions><power>146</power><gpxtpx:TrackPointExtension><gpxtpx:hr>131</gpxtpx:hr><gpxtpx:cad>74</gpxtpx:cad></gpxtpx:TrackPointExtension></extensions>
      </trkpt>
      <trkpt lat="46.567261" lon="6.565743">
        <ele>544.1</ele>
        <time>2026-09-15T09:45:08.000Z</time>
        <extensions><power>146</power><gpxtpx:TrackPointExtension><gpxtpx:hr>131</gpxtpx:hr><gpxtpx:cad>74</gpxtpx:cad></gpxtpx:TrackPointExtension></extensions>
      </trkpt>
      <trkpt lat="46.567429" lon="6.565765">
        <ele>543.9</ele>
        <time>2026-09-15T09:45:12.000Z</time>
        <extensions><power>146</power><gpxtpx:TrackPointExtension><gpxtpx:hr>131</gpxtpx:hr><gpxtpx:cad>74</gpxtpx:cad></gpxtpx:TrackPointExtension></extensions>
      </trkpt>
      <trkpt lat="46.567600" lon="6.565780">
        <ele>543.6</ele>
        <time>2026-09-15T09:45:16.000Z</time>
        <extensions><power>146</power><gpxtpx:TrackPointExtension><gpxtpx:hr>131</gpxtpx:hr><gpxtpx:cad>75</gpxtpx:cad></gpxtpx:TrackPointExtension></extensions>
      </trkpt>
      <trkpt lat="46.567775" lon="6.565787">
        <ele>543.3</ele>
        <time>2026-09-15T09:45:20.000Z</time>
        <extensions><power>145</power><gpxtpx:TrackPointExtension><gpxtpx:hr>131</gpxtpx:hr><gpxtpx:cad>75</gpxtpx:cad></gpxtpx:TrackPointExtension></extensions>
      </trkpt>
      <trkpt lat="46.567951" lon="6.565788">
        <ele>543.0</ele>
        <time>2026-09-15T09:45:24.000Z</time>
        <extensions><power>145</power><gpxtpx:TrackPointExtension><gpxtpx:hr>131</gpxtpx:hr><gpxtpx:cad>75</gpxtpx:cad></gpxtpx:TrackPointExtension></extensions>
      </trkpt>
      <trkpt lat="46.568129" lon="6.565784">
        <ele>542.7</ele>
        <time>2026-09-15T09:45:28.000Z</time>
        <extensions><power>145</power><gpxtpx:TrackPointExtension><gpxtpx:hr>131</gpxtpx:hr><gpxtpx:cad>75</gpxtpx:cad></gpxtpx:TrackPointExtension></extensions>
      </trkpt>
      <trkpt lat="46.568308" lon="6.565775">
        <ele>542.4</ele>
        <time>2026-09-15T09:45:32.000Z</time>
        <extensions><power>144</power><gpxtpx:TrackPointExtension><gpxtpx:hr>131</gpxtpx:hr><gpxtpx:cad>75</gpxtpx:cad></gpxtpx:TrackPointExtension></extensions>
      </trkpt>
      <trkpt lat="46.568487" lon="6.565764">
        <ele>542.1</ele>
        <time>2026-09-15T09:45:36.000Z</time>
        <extensions><power>144</power><gpxtpx:TrackPointExtension><gpxtpx:hr>131</gpxtpx:hr><gpxtpx:cad>75</gpxtpx:cad></gpxtpx:TrackPointExtension></extensions>
      </trkpt>
      <trkpt lat="46.568666" lon="6.565751">
        <ele>541.9</ele>
        <time>2026-09-15T09:45:40.000Z</time>
        <extensions><power>144</power><gpxtpx:TrackPointExtension><gpxtpx:hr>131</gpxtpx:hr><gpxtpx:cad>75</gpxtpx:cad></gpxtpx:TrackPointExtension></extensions>
      </trkpt>
      <trkpt lat="46.568843" lon="6.565737">
        <ele>541.6</ele>
        <time>2026-09-15T09:45:44.000Z</time>
        <extensions><power>144</power><gpxtpx:TrackPointExtension><gpxtpx:hr>131</gpxtpx:hr><gpxtpx:cad>75</gpxtpx:cad></gpxtpx:TrackPointExtension></extensions>
      </trkpt>
      <trkpt lat="46.569020" lon="6.565723">
        <ele>541.3</ele>
        <time>2026-09-15T09:45:48.000Z</time>
        <extensions><power>143</power><gpxtpx:TrackPointExtension><gpxtpx:hr>131</gpxtpx:hr><gpxtpx:cad>75</gpxtpx:cad></gpxtpx:TrackPointExtension></extensions>
      </trkpt>
      <trkpt lat="46.569195" lon="6.565710">
        <ele>541.0</ele>
        <time>2026-09-15T09:45:52.000Z</time>
        <extensions><power>143</power><gpxtpx:TrackPointExtension><gpxtpx:hr>131</gpxtpx:hr><gpxtpx:cad>75</gpxtpx:cad></gpxtpx:TrackPointExtension></extensions>
      </trkpt>
      <trkpt lat="46.569367" lon="6.565699">
        <ele>540.8</ele>
        <time>2026-09-15T09:45:56.000Z</time>
        <extensions><power>143</power><gpxtpx:TrackPointExtension><gpxtpx:hr>132</gpxtpx:hr><gpxtpx:cad>75</gpxtpx:cad></gpxtpx:TrackPointExtension></extensions>
      </trkpt>
      <trkpt lat="46.569538" lon="6.565690">
        <ele>540.5</ele>
        <time>2026-09-15T09:46:00.000Z</time>
        <extensions><power>143</power><gpxtpx:TrackPointExtension><gpxtpx:hr>132</gpxtpx:hr><gpxtpx:cad>75</gpxtpx:cad></gpxtpx:TrackPointExtension></extensions>
      </trkpt>
      <trkpt lat="46.569706" lon="6.565684">
        <ele>540.3</ele>
        <time>2026-09-15T09:46:04.000Z</time>
        <extensions><power>143</power><gpxtpx:TrackPointExtension><gpxtpx:hr>132</gpxtpx:hr><gpxtpx:cad>75</gpxtpx:cad></gpxtpx:TrackPointExtension></extensions>
      </trkpt>
      <trkpt lat="46.569871" lon="6.565682">
        <ele>540.0</ele>
        <time>2026-09-15T09:46:08.000Z</time>
        <extensions><power>142</power><gpxtpx:TrackPointExtension><gpxtpx:hr>132</gpxtpx:hr><gpxtpx:cad>75</gpxtpx:cad></gpxtpx:TrackPointExtension></extensions>
      </trkpt>
      <trkpt lat="46.570033" lon="6.565683">
        <ele>539.8</ele>
        <time>2026-09-15T09:46:12.000Z</time>
        <extensions><power>142</power><gpxtpx:TrackPointExtension><gpxtpx:hr>132</gpxtpx:hr><gpxtpx:cad>75</gpxtpx:cad></gpxtpx:TrackPointExtension></extensions>
      </trkpt>
      <trkpt lat="46.570193" lon="6.565688">
        <ele>539.5</ele>
        <time>2026-09-15T09:46:16.000Z</time>
        <extensions><power>142</power><gpxtpx:TrackPointExtension><gpxtpx:hr>132</gpxtpx:hr><gpxtpx:cad>75</gpxtpx:cad></gpxtpx:TrackPointExtension></extensions>
      </trkpt>
      <trkpt lat="46.570351" lon="6.565697">
        <ele>539.3</ele>
        <time>2026-09-15T09:46:20.000Z</time>
        <extensions><power>142</power><gpxtpx:TrackPointExtension><gpxtpx:hr>132</gpxtpx:hr><gpxtpx:cad>75</gpxtpx:cad></gpxtpx:TrackPointExtension></extensions>
      </trkpt>
      <trkpt lat="46.570506" lon="6.565709">
        <ele>539.0</ele>
        <time>2026-09-15T09:46:24.000Z</time>
        <extensions><power>141</power><gpxtpx:TrackPointExtension><gpxtpx:hr>132</gpxtpx:hr><gpxtpx:cad>75</gpxtpx:cad></gpxtpx:TrackPointExtension></extensions>
      </trkpt>
      <trkpt lat="46.570660" lon="6.565724">
        <ele>538.8</ele>
        <time>2026-09-15T09:46:28.000Z</time>
        <extensions><power>141</power><gpxtpx:TrackPointExtension><gpxtpx:hr>132</gpxtpx:hr><gpxtpx:cad>75</gpxtpx:cad></gpxtpx:TrackPointExtension></extensions>
      </trkpt>
      <trkpt lat="46.570811" lon="6.565742">
        <ele>538.5</ele>
        <time>2026-09-15T09:46:32.000Z</time>
        <extensions><power>141</power><gpxtpx:TrackPointExtension><gpxtpx:hr>132</gpxtpx:hr><gpxtpx:cad>75</gpxtpx:cad></gpxtpx:TrackPointExtension></extensions>
      </trkpt>
      <trkpt lat="46.570961" lon="6.565762">
        <ele>538.3</ele>
        <time>2026-09-15T09:46:36.000Z</time>
        <extensions><power>141</power><gpxtpx:TrackPointExtension><gpxtpx:hr>132</gpxtpx:hr><gpxtpx:cad>75</gpxtpx:cad></gpxtpx:TrackPointExtension></extensions>
      </trkpt>
      <trkpt lat="46.571110" lon="6.565782">
        <ele>538.1</ele>
        <time>2026-09-15T09:46:40.000Z</time>
        <extensions><power>141</power><gpxtpx:TrackPointExtension><gpxtpx:hr>132</gpxtpx:hr><gpxtpx:cad>75</gpxtpx:cad></gpxtpx:TrackPointExtension></extensions>
      </trkpt>
      <trkpt lat="46.571259" lon="6.565803">
        <ele>537.8</ele>
        <time>2026-09-15T09:46:44.000Z</time>
        <extensions><power>140</power><gpxtpx:TrackPointExtension><gpxtpx:hr>132</gpxtpx:hr><gpxtpx:cad>75</gpxtpx:cad></gpxtpx:TrackPointExtension></extensions>
      </trkpt>
      <trkpt lat="46.571407" lon="6.565824">
        <ele>537.6</ele>
        <time>2026-09-15T09:46:48.000Z</time>
        <extensions><power>140</power><gpxtpx:TrackPointExtension><gpxtpx:hr>132</gpxtpx:hr><gpxtpx:cad>75</gpxtpx:cad></gpxtpx:TrackPointExtension></extensions>
      </trkpt>
      <trkpt lat="46.571555" lon="6.565842">
        <ele>537.4</ele>
        <time>2026-09-15T09:46:52.000Z</time>
        <extensions><power>140</power><gpxtpx:TrackPointExtension><gpxtpx:hr>132</gpxtpx:hr><gpxtpx:cad>75</gpxtpx:cad></gpxtpx:TrackPointExtension></extensions>
      </trkpt>
      <trkpt lat="46.571704" lon="6.565858">
        <ele>537.2</ele>
        <time>2026-09-15T09:46:56.000Z</time>
        <extensions><power>140</power><gpxtpx:TrackPointExtension><gpxtpx:hr>132</gpxtpx:hr><gpxtpx:cad>75</gpxtpx:cad></gpxtpx:TrackPointExtension></extensions>
      </trkpt>
      <trkpt lat="46.571853" lon="6.565869">
        <ele>537.0</ele>
        <time>2026-09-15T09:47:00.000Z</time>
        <extensions><power>140</power><gpxtpx:TrackPointExtension><gpxtpx:hr>132</gpxtpx:hr><gpxtpx:cad>75</gpxtpx:cad></gpxtpx:TrackPointExtension></extensions>
      </trkpt>
      <trkpt lat="46.572004" lon="6.565875">
        <ele>536.7</ele>
        <time>2026-09-15T09:47:04.000Z</time>
        <extensions><power>140</power><gpxtpx:TrackPointExtension><gpxtpx:hr>132</gpxtpx:hr><gpxtpx:cad>75</gpxtpx:cad></gpxtpx:TrackPointExtension></extensions>
      </trkpt>
      <trkpt lat="46.572156" lon="6.565875">
        <ele>536.5</ele>
        <time>2026-09-15T09:47:08.000Z</time>
        <extensions><power>139</power><gpxtpx:TrackPointExtension><gpxtpx:hr>132</gpxtpx:hr><gpxtpx:cad>75</gpxtpx:cad></gpxtpx:TrackPointExtension></extensions>
      </trkpt>
      <trkpt lat="46.572311" lon="6.565867">
        <ele>536.3</ele>
        <time>2026-09-15T09:47:12.000Z</time>
        <extensions><power>139</power><gpxtpx:TrackPointExtension><gpxtpx:hr>132</gpxtpx:hr><gpxtpx:cad>76</gpxtpx:cad></gpxtpx:TrackPointExtension></extensions>
      </trkpt>
      <trkpt lat="46.572467" lon="6.565851">
        <ele>536.1</ele>
        <time>2026-09-15T09:47:16.000Z</time>
        <extensions><power>139</power><gpxtpx:TrackPointExtension><gpxtpx:hr>132</gpxtpx:hr><gpxtpx:cad>76</gpxtpx:cad></gpxtpx:TrackPointExtension></extensions>
      </trkpt>
      <trkpt lat="46.572625" lon="6.565825">
        <ele>535.9</ele>
        <time>2026-09-15T09:47:20.000Z</time>
        <extensions><power>139</power><gpxtpx:TrackPointExtension><gpxtpx:hr>132</gpxtpx:hr><gpxtpx:cad>76</gpxtpx:cad></gpxtpx:TrackPointExtension></extensions>
      </trkpt>
      <trkpt lat="46.572786" lon="6.565788">
        <ele>535.7</ele>
        <time>2026-09-15T09:47:24.000Z</time>
        <extensions><power>139</power><gpxtpx:TrackPointExtension><gpxtpx:hr>133</gpxtpx:hr><gpxtpx:cad>76</gpxtpx:cad></gpxtpx:TrackPointExtension></extensions>
      </trkpt>
      <trkpt lat="46.572949" lon="6.565739">
        <ele>535.5</ele>
        <time>2026-09-15T09:47:28.000Z</time>
        <extensions><power>139</power><gpxtpx:TrackPointExtension><gpxtpx:hr>133</gpxtpx:hr><gpxtpx:cad>76</gpxtpx:cad></gpxtpx:TrackPointExtension></extensions>
      </trkpt>
      <trkpt lat="46.573114" lon="6.565679">
        <ele>535.3</ele>
        <time>2026-09-15T09:47:32.000Z</time>
        <extensions><power>139</power><gpxtpx:TrackPointExtension><gpxtpx:hr>133</gpxtpx:hr><gpxtpx:cad>76</gpxtpx:cad></gpxtpx:TrackPointExtension></extensions>
      </trkpt>
      <trkpt lat="46.573282" lon="6.565606">
        <ele>535.1</ele>
        <time>2026-09-15T09:47:36.000Z</time>
        <extensions><power>139</power><gpxtpx:TrackPointExtension><gpxtpx:hr>133</gpxtpx:hr><gpxtpx:cad>76</gpxtpx:cad></gpxtpx:TrackPointExtension></extensions>
      </trkpt>
      <trkpt lat="46.573452" lon="6.565520">
        <ele>534.9</ele>
        <time>2026-09-15T09:47:40.000Z</time>
        <extensions><power>139</power><gpxtpx:TrackPointExtension><gpxtpx:hr>133</gpxtpx:hr><gpxtpx:cad>76</gpxtpx:cad></gpxtpx:TrackPointExtension></extensions>
      </trkpt>
      <trkpt lat="46.573624" lon="6.565420">
        <ele>534.8</ele>
        <time>2026-09-15T09:47:44.000Z</time>
        <extensions><power>138</power><gpxtpx:TrackPointExtension><gpxtpx:hr>133</gpxtpx:hr><gpxtpx:cad>76</gpxtpx:cad></gpxtpx:TrackPointExtension></extensions>
      </trkpt>
      <trkpt lat="46.573798" lon="6.565308">
        <ele>534.6</ele>
        <time>2026-09-15T09:47:48.000Z</time>
        <extensions><power>138</power><gpxtpx:TrackPointExtension><gpxtpx:hr>133</gpxtpx:hr><gpxtpx:cad>76</gpxtpx:cad></gpxtpx:TrackPointExtension></extensions>
      </trkpt>
      <trkpt lat="46.573974" lon="6.565182">
        <ele>534.4</ele>
        <time>2026-09-15T09:47:52.000Z</time>
        <extensions><power>138</power><gpxtpx:TrackPointExtension><gpxtpx:hr>133</gpxtpx:hr><gpxtpx:cad>76</gpxtpx:cad></gpxtpx:TrackPointExtension></extensions>
      </trkpt>
      <trkpt lat="46.574150" lon="6.565043">
        <ele>534.2</ele>
        <time>2026-09-15T09:47:56.000Z</time>
        <extensions><power>138</power><gpxtpx:TrackPointExtension><gpxtpx:hr>133</gpxtpx:hr><gpxtpx:cad>76</gpxtpx:cad></gpxtpx:TrackPointExtension></extensions>
      </trkpt>
      <trkpt lat="46.574328" lon="6.564892">
        <ele>534.1</ele>
        <time>2026-09-15T09:48:00.000Z</time>
        <extensions><power>138</power><gpxtpx:TrackPointExtension><gpxtpx:hr>133</gpxtpx:hr><gpxtpx:cad>76</gpxtpx:cad></gpxtpx:TrackPointExtension></extensions>
      </trkpt>
      <trkpt lat="46.574506" lon="6.564730">
        <ele>533.9</ele>
        <time>2026-09-15T09:48:04.000Z</time>
        <extensions><power>138</power><gpxtpx:TrackPointExtension><gpxtpx:hr>133</gpxtpx:hr><gpxtpx:cad>76</gpxtpx:cad></gpxtpx:TrackPointExtension></extensions>
      </trkpt>
      <trkpt lat="46.574683" lon="6.564557">
        <ele>533.7</ele>
        <time>2026-09-15T09:48:08.000Z</time>
        <extensions><power>138</power><gpxtpx:TrackPointExtension><gpxtpx:hr>133</gpxtpx:hr><gpxtpx:cad>76</gpxtpx:cad></gpxtpx:TrackPointExtension></extensions>
      </trkpt>
      <trkpt lat="46.574861" lon="6.564374">
        <ele>533.6</ele>
        <time>2026-09-15T09:48:12.000Z</time>
        <extensions><power>138</power><gpxtpx:TrackPointExtension><gpxtpx:hr>133</gpxtpx:hr><gpxtpx:cad>76</gpxtpx:cad></gpxtpx:TrackPointExtension></extensions>
      </trkpt>
      <trkpt lat="46.575037" lon="6.564182">
        <ele>533.4</ele>
        <time>2026-09-15T09:48:16.000Z</time>
        <extensions><power>138</power><gpxtpx:TrackPointExtension><gpxtpx:hr>133</gpxtpx:hr><gpxtpx:cad>76</gpxtpx:cad></gpxtpx:TrackPointExtension></extensions>
      </trkpt>
      <trkpt lat="46.575213" lon="6.563984">
        <ele>533.2</ele>
        <time>2026-09-15T09:48:20.000Z</time>
        <extensions><power>138</power><gpxtpx:TrackPointExtension><gpxtpx:hr>133</gpxtpx:hr><gpxtpx:cad>76</gpxtpx:cad></gpxtpx:TrackPointExtension></extensions>
      </trkpt>
      <trkpt lat="46.575386" lon="6.563780">
        <ele>533.1</ele>
        <time>2026-09-15T09:48:24.000Z</time>
        <extensions><power>138</power><gpxtpx:TrackPointExtension><gpxtpx:hr>133</gpxtpx:hr><gpxtpx:cad>76</gpxtpx:cad></gpxtpx:TrackPointExtension></extensions>
      </trkpt>
      <trkpt lat="46.575557" lon="6.563571">
        <ele>532.9</ele>
        <time>2026-09-15T09:48:28.000Z</time>
        <extensions><power>138</power><gpxtpx:TrackPointExtension><gpxtpx:hr>133</gpxtpx:hr><gpxtpx:cad>76</gpxtpx:cad></gpxtpx:TrackPointExtension></extensions>
      </trkpt>
      <trkpt lat="46.575726" lon="6.563360">
        <ele>532.8</ele>
        <time>2026-09-15T09:48:32.000Z</time>
        <extensions><power>138</power><gpxtpx:TrackPointExtension><gpxtpx:hr>133</gpxtpx:hr><gpxtpx:cad>76</gpxtpx:cad></gpxtpx:TrackPointExtension></extensions>
      </trkpt>
      <trkpt lat="46.575892" lon="6.563148">
        <ele>532.6</ele>
        <time>2026-09-15T09:48:36.000Z</time>
        <extensions><power>138</power><gpxtpx:TrackPointExtension><gpxtpx:hr>133</gpxtpx:hr><gpxtpx:cad>76</gpxtpx:cad></gpxtpx:TrackPointExtension></extensions>
      </trkpt>
      <trkpt lat="46.576054" lon="6.562937">
        <ele>532.5</ele>
        <time>2026-09-15T09:48:40.000Z</time>
        <extensions><power>138</power><gpxtpx:TrackPointExtension><gpxtpx:hr>134</gpxtpx:hr><gpxtpx:cad>76</gpxtpx:cad></gpxtpx:TrackPointExtension></extensions>
      </trkpt>
      <trkpt lat="46.576213" lon="6.562728">
        <ele>532.4</ele>
        <time>2026-09-15T09:48:44.000Z</time>
        <extensions><power>138</power><gpxtpx:TrackPointExtension><gpxtpx:hr>134</gpxtpx:hr><gpxtpx:cad>76</gpxtpx:cad></gpxtpx:TrackPointExtension></extensions>
      </trkpt>
      <trkpt lat="46.576368" lon="6.562524">
        <ele>532.2</ele>
        <time>2026-09-15T09:48:48.000Z</time>
        <extensions><power>138</power><gpxtpx:TrackPointExtension><gpxtpx:hr>134</gpxtpx:hr><gpxtpx:cad>76</gpxtpx:cad></gpxtpx:TrackPointExtension></extensions>
      </trkpt>
      <trkpt lat="46.576519" lon="6.562325">
        <ele>532.1</ele>
        <time>2026-09-15T09:48:52.000Z</time>
        <extensions><power>138</power><gpxtpx:TrackPointExtension><gpxtpx:hr>134</gpxtpx:hr><gpxtpx:cad>76</gpxtpx:cad></gpxtpx:TrackPointExtension></extensions>
      </trkpt>
      <trkpt lat="46.576666" lon="6.562133">
        <ele>532.0</ele>
        <time>2026-09-15T09:48:56.000Z</time>
        <extensions><power>138</power><gpxtpx:TrackPointExtension><gpxtpx:hr>134</gpxtpx:hr><gpxtpx:cad>76</gpxtpx:cad></gpxtpx:TrackPointExtension></extensions>
      </trkpt>
      <trkpt lat="46.576808" lon="6.561950">
        <ele>531.8</ele>
        <time>2026-09-15T09:49:00.000Z</time>
        <extensions><power>138</power><gpxtpx:TrackPointExtension><gpxtpx:hr>134</gpxtpx:hr><gpxtpx:cad>76</gpxtpx:cad></gpxtpx:TrackPointExtension></extensions>
      </trkpt>
      <trkpt lat="46.576947" lon="6.561777">
        <ele>531.7</ele>
        <time>2026-09-15T09:49:04.000Z</time>
        <extensions><power>138</power><gpxtpx:TrackPointExtension><gpxtpx:hr>134</gpxtpx:hr><gpxtpx:cad>76</gpxtpx:cad></gpxtpx:TrackPointExtension></extensions>
      </trkpt>
      <trkpt lat="46.577081" lon="6.561615">
        <ele>531.6</ele>
        <time>2026-09-15T09:49:08.000Z</time>
        <extensions><power>138</power><gpxtpx:TrackPointExtension><gpxtpx:hr>134</gpxtpx:hr><gpxtpx:cad>76</gpxtpx:cad></gpxtpx:TrackPointExtension></extensions>
      </trkpt>
      <trkpt lat="46.577211" lon="6.561466">
        <ele>531.5</ele>
        <time>2026-09-15T09:49:12.000Z</time>
        <extensions><power>138</power><gpxtpx:TrackPointExtension><gpxtpx:hr>134</gpxtpx:hr><gpxtpx:cad>76</gpxtpx:cad></gpxtpx:TrackPointExtension></extensions>
      </trkpt>
      <trkpt lat="46.577337" lon="6.561330">
        <ele>531.4</ele>
        <time>2026-09-15T09:49:16.000Z</time>
        <extensions><power>138</power><gpxtpx:TrackPointExtension><gpxtpx:hr>134</gpxtpx:hr><gpxtpx:cad>77</gpxtpx:cad></gpxtpx:TrackPointExtension></extensions>
      </trkpt>
      <trkpt lat="46.577459" lon="6.561207">
        <ele>531.3</ele>
        <time>2026-09-15T09:49:20.000Z</time>
        <extensions><power>138</power><gpxtpx:TrackPointExtension><gpxtpx:hr>134</gpxtpx:hr><gpxtpx:cad>77</gpxtpx:cad></gpxtpx:TrackPointExtension></extensions>
      </trkpt>
      <trkpt lat="46.577578" lon="6.561100">
        <ele>531.2</ele>
        <time>2026-09-15T09:49:24.000Z</time>
        <extensions><power>138</power><gpxtpx:TrackPointExtension><gpxtpx:hr>134</gpxtpx:hr><gpxtpx:cad>77</gpxtpx:cad></gpxtpx:TrackPointExtension></extensions>
      </trkpt>
      <trkpt lat="46.577693" lon="6.561006">
        <ele>531.0</ele>
        <time>2026-09-15T09:49:28.000Z</time>
        <extensions><power>138</power><gpxtpx:TrackPointExtension><gpxtpx:hr>134</gpxtpx:hr><gpxtpx:cad>77</gpxtpx:cad></gpxtpx:TrackPointExtension></extensions>
      </trkpt>
      <trkpt lat="46.577805" lon="6.560928">
        <ele>530.9</ele>
        <time>2026-09-15T09:49:32.000Z</time>
        <extensions><power>139</power><gpxtpx:TrackPointExtension><gpxtpx:hr>134</gpxtpx:hr><gpxtpx:cad>77</gpxtpx:cad></gpxtpx:TrackPointExtension></extensions>
      </trkpt>
      <trkpt lat="46.577914" lon="6.560865">
        <ele>530.8</ele>
        <time>2026-09-15T09:49:36.000Z</time>
        <extensions><power>139</power><gpxtpx:TrackPointExtension><gpxtpx:hr>134</gpxtpx:hr><gpxtpx:cad>77</gpxtpx:cad></gpxtpx:TrackPointExtension></extensions>
      </trkpt>
      <trkpt lat="46.578021" lon="6.560816">
        <ele>530.8</ele>
        <time>2026-09-15T09:49:40.000Z</time>
        <extensions><power>139</power><gpxtpx:TrackPointExtension><gpxtpx:hr>134</gpxtpx:hr><gpxtpx:cad>77</gpxtpx:cad></gpxtpx:TrackPointExtension></extensions>
      </trkpt>
      <trkpt lat="46.578125" lon="6.560781">
        <ele>530.7</ele>
        <time>2026-09-15T09:49:44.000Z</time>
        <extensions><power>139</power><gpxtpx:TrackPointExtension><gpxtpx:hr>134</gpxtpx:hr><gpxtpx:cad>77</gpxtpx:cad></gpxtpx:TrackPointExtension></extensions>
      </trkpt>
      <trkpt lat="46.578228" lon="6.560760">
        <ele>530.6</ele>
        <time>2026-09-15T09:49:48.000Z</time>
        <extensions><power>139</power><gpxtpx:TrackPointExtension><gpxtpx:hr>134</gpxtpx:hr><gpxtpx:cad>77</gpxtpx:cad></gpxtpx:TrackPointExtension></extensions>
      </trkpt>
      <trkpt lat="46.578329" lon="6.560752">
        <ele>530.5</ele>
        <time>2026-09-15T09:49:52.000Z</time>
        <extensions><power>139</power><gpxtpx:TrackPointExtension><gpxtpx:hr>134</gpxtpx:hr><gpxtpx:cad>77</gpxtpx:cad></gpxtpx:TrackPointExtension></extensions>
      </trkpt>
      <trkpt lat="46.578429" lon="6.560755">
        <ele>530.4</ele>
        <time>2026-09-15T09:49:56.000Z</time>
        <extensions><power>139</power><gpxtpx:TrackPointExtension><gpxtpx:hr>135</gpxtpx:hr><gpxtpx:cad>77</gpxtpx:cad></gpxtpx:TrackPointExtension></extensions>
      </trkpt>
      <trkpt lat="46.578528" lon="6.560769">
        <ele>530.3</ele>
        <time>2026-09-15T09:50:00.000Z</time>
        <extensions><power>140</power><gpxtpx:TrackPointExtension><gpxtpx:hr>135</gpxtpx:hr><gpxtpx:cad>77</gpxtpx:cad></gpxtpx:TrackPointExtension></extensions>
      </trkpt>
      <trkpt lat="46.578627" lon="6.560792">
        <ele>530.2</ele>
        <time>2026-09-15T09:50:04.000Z</time>
        <extensions><power>140</power><gpxtpx:TrackPointExtension><gpxtpx:hr>135</gpxtpx:hr><gpxtpx:cad>77</gpxtpx:cad></gpxtpx:TrackPointExtension></extensions>
      </trkpt>
      <trkpt lat="46.578725" lon="6.560823">
        <ele>530.2</ele>
        <time>2026-09-15T09:50:08.000Z</time>
        <extensions><power>140</power><gpxtpx:TrackPointExtension><gpxtpx:hr>135</gpxtpx:hr><gpxtpx:cad>77</gpxtpx:cad></gpxtpx:TrackPointExtension></extensions>
      </trkpt>
      <trkpt lat="46.578823" lon="6.560862">
        <ele>530.1</ele>
        <time>2026-09-15T09:50:12.000Z</time>
        <extensions><power>140</power><gpxtpx:TrackPointExtension><gpxtpx:hr>135</gpxtpx:hr><gpxtpx:cad>77</gpxtpx:cad></gpxtpx:TrackPointExtension></extensions>
      </trkpt>
      <trkpt lat="46.578921" lon="6.560906">
        <ele>530.0</ele>
        <time>2026-09-15T09:50:16.000Z</time>
        <extensions><power>140</power><gpxtpx:TrackPointExtension><gpxtpx:hr>135</gpxtpx:hr><gpxtpx:cad>77</gpxtpx:cad></gpxtpx:TrackPointExtension></extensions>
      </trkpt>
      <trkpt lat="46.579020" lon="6.560953">
        <ele>530.0</ele>
        <time>2026-09-15T09:50:20.000Z</time>
        <extensions><power>140</power><gpxtpx:TrackPointExtension><gpxtpx:hr>135</gpxtpx:hr><gpxtpx:cad>77</gpxtpx:cad></gpxtpx:TrackPointExtension></extensions>
      </trkpt>
      <trkpt lat="46.579119" lon="6.561004">
        <ele>529.9</ele>
        <time>2026-09-15T09:50:24.000Z</time>
        <extensions><power>141</power><gpxtpx:TrackPointExtension><gpxtpx:hr>135</gpxtpx:hr><gpxtpx:cad>77</gpxtpx:cad></gpxtpx:TrackPointExtension></extensions>
      </trkpt>
      <trkpt lat="46.579219" lon="6.561055">
        <ele>529.9</ele>
        <time>2026-09-15T09:50:28.000Z</time>
        <extensions><power>141</power><gpxtpx:TrackPointExtension><gpxtpx:hr>135</gpxtpx:hr><gpxtpx:cad>77</gpxtpx:cad></gpxtpx:TrackPointExtension></extensions>
      </trkpt>
      <trkpt lat="46.579319" lon="6.561107">
        <ele>529.8</ele>
        <time>2026-09-15T09:50:32.000Z</time>
        <extensions><power>141</power><gpxtpx:TrackPointExtension><gpxtpx:hr>135</gpxtpx:hr><gpxtpx:cad>77</gpxtpx:cad></gpxtpx:TrackPointExtension></extensions>
      </trkpt>
      <trkpt lat="46.579432" lon="6.561157">
        <ele>529.7</ele>
        <time>2026-09-15T09:50:36.000Z</time>
        <extensions><power>141</power><gpxtpx:TrackPointExtension><gpxtpx:hr>135</gpxtpx:hr><gpxtpx:cad>77</gpxtpx:cad></gpxtpx:TrackPointExtension></extensions>
      </trkpt>
      <trkpt lat="46.579545" lon="6.561204">
        <ele>529.7</ele>
        <time>2026-09-15T09:50:40.000Z</time>
        <extensions><power>142</power><gpxtpx:TrackPointExtension><gpxtpx:hr>135</gpxtpx:hr><gpxtpx:cad>77</gpxtpx:cad></gpxtpx:TrackPointExtension></extensions>
      </trkpt>
      <trkpt lat="46.579658" lon="6.561248">
        <ele>529.7</ele>
        <time>2026-09-15T09:50:44.000Z</time>
        <extensions><power>142</power><gpxtpx:TrackPointExtension><gpxtpx:hr>135</gpxtpx:hr><gpxtpx:cad>77</gpxtpx:cad></gpxtpx:TrackPointExtension></extensions>
      </trkpt>
      <trkpt lat="46.579772" lon="6.561287">
        <ele>529.6</ele>
        <time>2026-09-15T09:50:48.000Z</time>
        <extensions><power>142</power><gpxtpx:TrackPointExtension><gpxtpx:hr>135</gpxtpx:hr><gpxtpx:cad>77</gpxtpx:cad></gpxtpx:TrackPointExtension></extensions>
      </trkpt>
      <trkpt lat="46.579886" lon="6.561321">
        <ele>529.6</ele>
        <time>2026-09-15T09:50:52.000Z</time>
        <extensions><power>142</power><gpxtpx:TrackPointExtension><gpxtpx:hr>135</gpxtpx:hr><gpxtpx:cad>77</gpxtpx:cad></gpxtpx:TrackPointExtension></extensions>
      </trkpt>
      <trkpt lat="46.580000" lon="6.565000">
        <ele>529.5</ele>
        <time>2026-09-15T09:50:56.000Z</time>
        <extensions><power>143</power><gpxtpx:TrackPointExtension><gpxtpx:hr>135</gpxtpx:hr><gpxtpx:cad>77</gpxtpx:cad></gpxtpx:TrackPointExtension></extensions>
      </trkpt>
    </trkseg>
  </trk>
</gpx>
