<?xml version="1.0" encoding="UTF-8"?>
<gpx creator="strava-studio" version="1.1"
     xmlns="http://www.topografix.com/GPX/1/1"
     xmlns:gpxtpx="http://www.garmin.com/xmlschemas/TrackPointExtension/v1">
  <metadata><time>2026-09-06T07:12:00.000Z</time></metadata>
  <trk>
    <name>Col du Marchairuz</name>
    <type>ride</type>
    <trkseg>
      <trkpt lat="46.546000" lon="6.350000">
        <ele>685.4</ele>
        <time>2026-09-06T07:12:00.000Z</time>
        <extensions><gpxtpx:TrackPointExtension><gpxtpx:hr>123</gpxtpx:hr></gpxtpx:TrackPointExtension></extensions>
      </trkpt>
      <trkpt lat="46.546294" lon="6.350753">
        <ele>689.4</ele>
        <time>2026-09-06T07:12:10.579Z</time>
        <extensions><gpxtpx:TrackPointExtension><gpxtpx:hr>123</gpxtpx:hr></gpxtpx:TrackPointExtension></extensions>
      </trkpt>
      <trkpt lat="46.546593" lon="6.351503">
        <ele>692.7</ele>
        <time>2026-09-06T07:12:21.190Z</time>
        <extensions><gpxtpx:TrackPointExtension><gpxtpx:hr>123</gpxtpx:hr></gpxtpx:TrackPointExtension></extensions>
      </trkpt>
      <trkpt lat="46.546895" lon="6.352250">
        <ele>696.0</ele>
        <time>2026-09-06T07:12:31.829Z</time>
        <extensions><gpxtpx:TrackPointExtension><gpxtpx:hr>121</gpxtpx:hr></gpxtpx:TrackPointExtension></extensions>
      </trkpt>
      <trkpt lat="46.547202" lon="6.352994">
        <ele>700.3</ele>
        <time>2026-09-06T07:12:42.491Z</time>
        <extensions><gpxtpx:TrackPointExtension><gpxtpx:hr>124</gpxtpx:hr></gpxtpx:TrackPointExtension></extensions>
      </trkpt>
      <trkpt lat="46.547513" lon="6.353734">
        <ele>704.2</ele>
        <time>2026-09-06T07:12:53.172Z</time>
        <extensions><gpxtpx:TrackPointExtension><gpxtpx:hr>121</gpxtpx:hr></gpxtpx:TrackPointExtension></extensions>
      </trkpt>
      <trkpt lat="46.547828" lon="6.354470">
        <ele>706.6</ele>
        <time>2026-09-06T07:13:03.868Z</time>
        <extensions><gpxtpx:TrackPointExtension><gpxtpx:hr>122</gpxtpx:hr></gpxtpx:TrackPointExtension></extensions>
      </trkpt>
      <trkpt lat="46.548147" lon="6.355201">
        <ele>709.6</ele>
        <time>2026-09-06T07:13:14.576Z</time>
        <extensions><gpxtpx:TrackPointExtension><gpxtpx:hr>122</gpxtpx:hr></gpxtpx:TrackPointExtension></extensions>
      </trkpt>
      <trkpt lat="46.548470" lon="6.355926">
        <ele>713.8</ele>
        <time>2026-09-06T07:13:25.291Z</time>
        <extensions><gpxtpx:TrackPointExtension><gpxtpx:hr>124</gpxtpx:hr></gpxtpx:TrackPointExtension></extensions>
      </trkpt>
      <trkpt lat="46.548797" lon="6.356646">
        <ele>718.5</ele>
        <time>2026-09-06T07:13:36.008Z</time>
        <extensions><gpxtpx:TrackPointExtension><gpxtpx:hr>123</gpxtpx:hr></gpxtpx:TrackPointExtension></extensions>
      </trkpt>
      <trkpt lat="46.549129" lon="6.357360">
        <ele>720.5</ele>
        <time>2026-09-06T07:13:46.725Z</time>
        <extensions><gpxtpx:TrackPointExtension><gpxtpx:hr>121</gpxtpx:hr></gpxtpx:TrackPointExtension></extensions>
      </trkpt>
      <trkpt lat="46.549464" lon="6.358067">
        <ele>725.0</ele>
        <time>2026-09-06T07:13:57.436Z</time>
        <extensions><gpxtpx:TrackPointExtension><gpxtpx:hr>122</gpxtpx:hr></gpxtpx:TrackPointExtension></extensions>
      </trkpt>
      <trkpt lat="46.549802" lon="6.358767">
        <ele>728.8</ele>
        <time>2026-09-06T07:14:08.139Z</time>
        <extensions><gpxtpx:TrackPointExtension><gpxtpx:hr>121</gpxtpx:hr></gpxtpx:TrackPointExtension></extensions>
      </trkpt>
      <trkpt lat="46.550145" lon="6.359460">
        <ele>730.9</ele>
        <time>2026-09-06T07:14:18.829Z</time>
        <extensions><gpxtpx:TrackPointExtension><gpxtpx:hr>122</gpxtpx:hr></gpxtpx:TrackPointExtension></extensions>
      </trkpt>
      <trkpt lat="46.550491" lon="6.360146">
        <ele>735.0</ele>
        <time>2026-09-06T07:14:29.503Z</time>
        <extensions><gpxtpx:TrackPointExtension><gpxtpx:hr>123</gpxtpx:hr></gpxtpx:TrackPointExtension></extensions>
      </trkpt>
      <trkpt lat="46.550842" lon="6.360823">
        <ele>738.3</ele>
        <time>2026-09-06T07:14:40.156Z</time>
        <extensions><gpxtpx:TrackPointExtension><gpxtpx:hr>123</gpxtpx:hr></gpxtpx:TrackPointExtension></extensions>
      </trkpt>
      <trkpt lat="46.551195" lon="6.361491">
        <ele>742.4</ele>
        <time>2026-09-06T07:14:50.786Z</time>
        <extensions><gpxtpx:TrackPointExtension><gpxtpx:hr>122</gpxtpx:hr></gpxtpx:TrackPointExtension></extensions>
      </trkpt>
      <trkpt lat="46.551552" lon="6.362150">
        <ele>745.2</ele>
        <time>2026-09-06T07:15:01.388Z</time>
        <extensions><gpxtpx:TrackPointExtension><gpxtpx:hr>122</gpxtpx:hr></gpxtpx:TrackPointExtension></extensions>
      </trkpt>
      <trkpt lat="46.551913" lon="6.362800">
        <ele>749.0</ele>
        <time>2026-09-06T07:15:11.959Z</time>
        <extensions><gpxtpx:TrackPointExtension><gpxtpx:hr>123</gpxtpx:hr></gpxtpx:TrackPointExtension></extensions>
      </trkpt>
      <trkpt lat="46.552277" lon="6.363441">
        <ele>752.5</ele>
        <time>2026-09-06T07:15:22.495Z</time>
        <extensions><gpxtpx:TrackPointExtension><gpxtpx:hr>122</gpxtpx:hr></gpxtpx:TrackPointExtension></extensions>
      </trkpt>
      <trkpt lat="46.552644" lon="6.364071">
        <ele>755.8</ele>
        <time>2026-09-06T07:15:32.994Z</time>
        <extensions><gpxtpx:TrackPointExtension><gpxtpx:hr>124</gpxtpx:hr></gpxtpx:TrackPointExtension></extensions>
      </trkpt>
      <trkpt lat="46.553015" lon="6.364690">
        <ele>759.5</ele>
        <time>2026-09-06T07:15:43.451Z</time>
        <extensions><gpxtpx:TrackPointExtension><gpxtpx:hr>124</gpxtpx:hr></gpxtpx:TrackPointExtension></extensions>
      </trkpt>
      <trkpt lat="46.553388" lon="6.365299">
        <ele>763.7</ele>
        <time>2026-09-06T07:15:53.865Z</time>
        <extensions><gpxtpx:TrackPointExtension><gpxtpx:hr>126</gpxtpx:hr></gpxtpx:TrackPointExtension></extensions>
      </trkpt>
      <trkpt lat="46.553765" lon="6.365896">
        <ele>767.5</ele>
        <time>2026-09-06T07:16:04.232Z</time>
        <extensions><gpxtpx:TrackPointExtension><gpxtpx:hr>123</gpxtpx:hr></gpxtpx:TrackPointExtension></extensions>
      </trkpt>
      <trkpt lat="46.554144" lon="6.366482">
        <ele>770.1</ele>
        <time>2026-09-06T07:16:14.548Z</time>
        <extensions><gpxtpx:TrackPointExtension><gpxtpx:hr>123</gpxtpx:hr></gpxtpx:TrackPointExtension></extensions>
      </trkpt>
      <trkpt lat="46.554526" lon="6.367056">
        <ele>773.7</ele>
        <time>2026-09-06T07:16:24.812Z</time>
        <extensions><gpxtpx:TrackPointExtension><gpxtpx:hr>125</gpxtpx:hr></gpxtpx:TrackPointExtension></extensions>
      </trkpt>
      <trkpt lat="46.554911" lon="6.367618">
        <ele>777.5</ele>
        <time>2026-09-06T07:16:35.020Z</time>
        <extensions><gpxtpx:TrackPointExtension><gpxtpx:hr>126</gpxtpx:hr></gpxtpx:TrackPointExtension></extensions>
      </trkpt>
      <trkpt lat="46.555299" lon="6.368167">
        <ele>780.9</ele>
        <time>2026-09-06T07:16:45.171Z</time>
        <extensions><gpxtpx:TrackPointExtension><gpxtpx:hr>123</gpxtpx:hr></gpxtpx:TrackPointExtension></extensions>
      </trkpt>
      <trkpt lat="46.555689" lon="6.368703">
        <ele>784.0</ele>
        <time>2026-09-06T07:16:55.262Z</time>
        <extensions><gpxtpx:TrackPointExtension><gpxtpx:hr>127</gpxtpx:hr></gpxtpx:TrackPointExtension></extensions>
      </trkpt>
      <trkpt lat="46.556081" lon="6.369226">
        <ele>789.1</ele>
        <time>2026-09-06T07:17:05.290Z</time>
        <extensions><gpxtpx:TrackPointExtension><gpxtpx:hr>127</gpxtpx:hr></gpxtpx:TrackPointExtension></extensions>
      </trkpt>
      <trkpt lat="46.556476" lon="6.369736">
        <ele>791.0</ele>
        <time>2026-09-06T07:17:15.254Z</time>
        <extensions><gpxtpx:TrackPointExtension><gpxtpx:hr>123</gpxtpx:hr></gpxtpx:TrackPointExtension></extensions>
      </trkpt>
      <trkpt lat="46.556873" lon="6.370232">
        <ele>794.5</ele>
        <time>2026-09-06T07:17:25.152Z</time>
        <extensions><gpxtpx:TrackPointExtension><gpxtpx:hr>127</gpxtpx:hr></gpxtpx:TrackPointExtension></extensions>
      </trkpt>
      <trkpt lat="46.557271" lon="6.370713">
        <ele>799.2</ele>
        <time>2026-09-06T07:17:34.982Z</time>
        <extensions><gpxtpx:TrackPointExtension><gpxtpx:hr>126</gpxtpx:hr></gpxtpx:TrackPointExtension></extensions>
      </trkpt>
      <trkpt lat="46.557672" lon="6.371181">
        <ele>801.9</ele>
        <time>2026-09-06T07:17:44.743Z</time>
        <extensions><gpxtpx:TrackPointExtension><gpxtpx:hr>127</gpxtpx:hr></gpxtpx:TrackPointExtension></extensions>
      </trkpt>
      <trkpt lat="46.558074" lon="6.371634">
        <ele>806.1</ele>
        <time>2026-09-06T07:17:54.433Z</time>
        <extensions><gpxtpx:TrackPointExtension><gpxtpx:hr>124</gpxtpx:hr></gpxtpx:TrackPointExtension></extensions>
      </trkpt>
      <trkpt lat="46.558478" lon="6.372072">
        <ele>809.0</ele>
        <time>2026-09-06T07:18:04.052Z</time>
        <extensions><gpxtpx:TrackPointExtension><gpxtpx:hr>126</gpxtpx:hr></gpxtpx:TrackPointExtension></extensions>
      </trkpt>
      <trkpt lat="46.558884" lon="6.372496">
        <ele>811.4</ele>
        <time>2026-09-06T07:18:13.598Z</time>
        <extensions><gpxtpx:TrackPointExtension><gpxtpx:hr>125</gpxtpx:hr></gpxtpx:TrackPointExtension></extensions>
      </trkpt>
      <trkpt lat="46.559291" lon="6.372904">
        <ele>815.4</ele>
        <time>2026-09-06T07:18:23.070Z</time>
        <extensions><gpxtpx:TrackPointExtension><gpxtpx:hr>128</gpxtpx:hr></gpxtpx:TrackPointExtension></extensions>
      </trkpt>
      <trkpt lat="46.559699" lon="6.373296">
        <ele>817.9</ele>
        <time>2026-09-06T07:18:32.469Z</time>
        <extensions><gpxtpx:TrackPointExtension><gpxtpx:hr>126</gpxtpx:hr></gpxtpx:TrackPointExtension></extensions>
      </trkpt>
      <trkpt lat="46.560108" lon="6.373674">
        <ele>821.7</ele>
        <time>2026-09-06T07:18:41.794Z</time>
        <extensions><gpxtpx:TrackPointExtension><gpxtpx:hr>124</gpxtpx:hr></gpxtpx:TrackPointExtension></extensions>
      </trkpt>
      <trkpt lat="46.560518" lon="6.374035">
        <ele>824.0</ele>
        <time>2026-09-06T07:18:51.045Z</time>
        <extensions><gpxtpx:TrackPointExtension><gpxtpx:hr>126</gpxtpx:hr></gpxtpx:TrackPointExtension></extensions>
      </trkpt>
      <trkpt lat="46.560929" lon="6.374380">
        <ele>827.5</ele>
        <time>2026-09-06T07:19:00.222Z</time>
        <extensions><gpxtpx:TrackPointExtension><gpxtpx:hr>128</gpxtpx:hr></gpxtpx:TrackPointExtension></extensions>
      </trkpt>
      <trkpt lat="46.561341" lon="6.374710">
        <ele>830.6</ele>
        <time>2026-09-06T07:19:09.326Z</time>
        <extensions><gpxtpx:TrackPointExtension><gpxtpx:hr>127</gpxtpx:hr></gpxtpx:TrackPointExtension></extensions>
      </trkpt>
      <trkpt lat="46.561753" lon="6.375023">
        <ele>833.9</ele>
        <time>2026-09-06T07:19:18.357Z</time>
        <extensions><gpxtpx:TrackPointExtension><gpxtpx:hr>129</gpxtpx:hr></gpxtpx:TrackPointExtension></extensions>
      </trkpt>
      <trkpt lat="46.562166" lon="6.375320">
        <ele>836.8</ele>
        <time>2026-09-06T07:19:27.315Z</time>
        <extensions><gpxtpx:TrackPointExtension><gpxtpx:hr>126</gpxtpx:hr></gpxtpx:TrackPointExtension></extensions>
      </trkpt>
      <trkpt lat="46.562579" lon="6.375600">
        <ele>840.0</ele>
        <time>2026-09-06T07:19:36.203Z</time>
        <extensions><gpxtpx:TrackPointExtension><gpxtpx:hr>128</gpxtpx:hr></gpxtpx:TrackPointExtension></extensions>
      </trkpt>
      <trkpt lat="46.562992" lon="6.375864">
        <ele>843.2</ele>
        <time>2026-09-06T07:19:45.021Z</time>
        <extensions><gpxtpx:TrackPointExtension><gpxtpx:hr>126</gpxtpx:hr></gpxtpx:TrackPointExtension></extensions>
      </trkpt>
      <trkpt lat="46.563406" lon="6.376111">
        <ele>846.3</ele>
        <time>2026-09-06T07:19:53.770Z</time>
        <extensions><gpxtpx:TrackPointExtension><gpxtpx:hr>126</gpxtpx:hr></gpxtpx:TrackPointExtension></extensions>
      </trkpt>
      <trkpt lat="46.563819" lon="6.376341">
        <ele>850.7</ele>
        <time>2026-09-06T07:20:02.454Z</time>
        <extensions><gpxtpx:TrackPointExtension><gpxtpx:hr>126</gpxtpx:hr></gpxtpx:TrackPointExtension></extensions>
      </trkpt>
      <trkpt lat="46.564232" lon="6.376555">
        <ele>852.7</ele>
        <time>2026-09-06T07:20:11.073Z</time>
        <extensions><gpxtpx:TrackPointExtension><gpxtpx:hr>128</gpxtpx:hr></gpxtpx:TrackPointExtension></extensions>
      </trkpt>
      <trkpt lat="46.564644" lon="6.376752">
        <ele>855.0</ele>
        <time>2026-09-06T07:20:19.630Z</time>
        <extensions><gpxtpx:TrackPointExtension><gpxtpx:hr>127</gpxtpx:hr></gpxtpx:TrackPointExtension></extensions>
      </trkpt>
      <trkpt lat="46.565056" lon="6.376932">
        <ele>858.8</ele>
        <time>2026-09-06T07:20:28.127Z</time>
        <extensions><gpxtpx:TrackPointExtension><gpxtpx:hr>128</gpxtpx:hr></gpxtpx:TrackPointExtension></extensions>
      </trkpt>
      <trkpt lat="46.565468" lon="6.377094">
        <ele>861.9</ele>
        <time>2026-09-06T07:20:36.567Z</time>
        <extensions><gpxtpx:TrackPointExtension><gpxtpx:hr>127</gpxtpx:hr></gpxtpx:TrackPointExtension></extensions>
      </trkpt>
      <trkpt lat="46.565879" lon="6.377241">
        <ele>864.4</ele>
        <time>2026-09-06T07:20:44.953Z</time>
        <extensions><gpxtpx:TrackPointExtension><gpxtpx:hr>127</gpxtpx:hr></gpxtpx:TrackPointExtension></extensions>
      </trkpt>
      <trkpt lat="46.566288" lon="6.377370">
        <ele>868.2</ele>
        <time>2026-09-06T07:20:53.288Z</time>
        <extensions><gpxtpx:TrackPointExtension><gpxtpx:hr>130</gpxtpx:hr></gpxtpx:TrackPointExtension></extensions>
      </trkpt>
      <trkpt lat="46.566697" lon="6.377482">
        <ele>869.9</ele>
        <time>2026-09-06T07:21:01.574Z</time>
        <extensions><gpxtpx:TrackPointExtension><gpxtpx:hr>130</gpxtpx:hr></gpxtpx:TrackPointExtension></extensions>
      </trkpt>
      <trkpt lat="46.567105" lon="6.377577">
        <ele>874.1</ele>
        <time>2026-09-06T07:21:09.817Z</time>
        <extensions><gpxtpx:TrackPointExtension><gpxtpx:hr>131</gpxtpx:hr></gpxtpx:TrackPointExtension></extensions>
      </trkpt>
      <trkpt lat="46.567511" lon="6.377655">
        <ele>875.3</ele>
        <time>2026-09-06T07:21:18.018Z</time>
        <extensions><gpxtpx:TrackPointExtension><gpxtpx:hr>129</gpxtpx:hr></gpxtpx:TrackPointExtension></extensions>
      </trkpt>
      <trkpt lat="46.567916" lon="6.377717">
        <ele>879.2</ele>
        <time>2026-09-06T07:21:26.181Z</time>
        <extensions><gpxtpx:TrackPointExtension><gpxtpx:hr>129</gpxtpx:hr></gpxtpx:TrackPointExtension></extensions>
      </trkpt>
      <trkpt lat="46.568320" lon="6.377762">
        <ele>882.3</ele>
        <time>2026-09-06T07:21:34.312Z</time>
        <extensions><gpxtpx:TrackPointExtension><gpxtpx:hr>127</gpxtpx:hr></gpxtpx:TrackPointExtension></extensions>
      </trkpt>
      <trkpt lat="46.568722" lon="6.377790">
        <ele>883.3</ele>
        <time>2026-09-06T07:21:42.412Z</time>
        <extensions><gpxtpx:TrackPointExtension><gpxtpx:hr>131</gpxtpx:hr></gpxtpx:TrackPointExtension></extensions>
      </trkpt>
      <trkpt lat="46.569122" lon="6.377801">
        <ele>887.1</ele>
        <time>2026-09-06T07:21:50.487Z</time>
        <extensions><gpxtpx:TrackPointExtension><gpxtpx:hr>131</gpxtpx:hr></gpxtpx:TrackPointExtension></extensions>
      </trkpt>
      <trkpt lat="46.569520" lon="6.377796">
        <ele>888.7</ele>
        <time>2026-09-06T07:21:58.541Z</time>
        <extensions><gpxtpx:TrackPointExtension><gpxtpx:hr>129</gpxtpx:hr></gpxtpx:TrackPointExtension></extensions>
      </trkpt>
      <trkpt lat="46.569916" lon="6.377775">
        <ele>892.4</ele>
        <time>2026-09-06T07:22:06.577Z</time>
        <extensions><gpxtpx:TrackPointExtension><gpxtpx:hr>131</gpxtpx:hr></gpxtpx:TrackPointExtension></extensions>
      </trkpt>
      <trkpt lat="46.570311" lon="6.377737">
        <ele>895.6</ele>
        <time>2026-09-06T07:22:14.600Z</time>
        <extensions><gpxtpx:TrackPointExtension><gpxtpx:hr>128</gpxtpx:hr></gpxtpx:TrackPointExtension></extensions>
      </trkpt>
      <trkpt lat="46.570703" lon="6.377683">
        <ele>897.8</ele>
        <time>2026-09-06T07:22:22.614Z</time>
        <extensions><gpxtpx:TrackPointExtension><gpxtpx:hr>131</gpxtpx:hr></gpxtpx:TrackPointExtension></extensions>
      </trkpt>
      <trkpt lat="46.571092" lon="6.377613">
        <ele>899.5</ele>
        <time>2026-09-06T07:22:30.623Z</time>
        <extensions><gpxtpx:TrackPointExtension><gpxtpx:hr>129</gpxtpx:hr></gpxtpx:TrackPointExtension></extensions>
      </trkpt>
      <trkpt lat="46.571480" lon="6.377528">
        <ele>902.1</ele>
        <time>2026-09-06T07:22:38.632Z</time>
        <extensions><gpxtpx:TrackPointExtension><gpxtpx:hr>131</gpxtpx:hr></gpxtpx:TrackPointExtension></extensions>
      </trkpt>
      <trkpt lat="46.571865" lon="6.377426">
        <ele>904.5</ele>
        <time>2026-09-06T07:22:46.644Z</time>
        <extensions><gpxtpx:TrackPointExtension><gpxtpx:hr>132</gpxtpx:hr></gpxtpx:TrackPointExtension></extensions>
      </trkpt>
      <trkpt lat="46.572247" lon="6.377309">
        <ele>906.3</ele>
        <time>2026-09-06T07:22:54.663Z</time>
        <extensions><gpxtpx:TrackPointExtension><gpxtpx:hr>132</gpxtpx:hr></gpxtpx:TrackPointExtension></extensions>
      </trkpt>
      <trkpt lat="46.572627" lon="6.377177">
        <ele>910.2</ele>
        <time>2026-09-06T07:23:02.695Z</time>
        <extensions><gpxtpx:TrackPointExtension><gpxtpx:hr>131</gpxtpx:hr></gpxtpx:TrackPointExtension></extensions>
      </trkpt>
      <trkpt lat="46.573004" lon="6.377029">
        <ele>910.7</ele>
        <time>2026-09-06T07:23:10.741Z</time>
        <extensions><gpxtpx:TrackPointExtension><gpxtpx:hr>129</gpxtpx:hr></gpxtpx:TrackPointExtension></extensions>
      </trkpt>
      <trkpt lat="46.573378" lon="6.376866">
        <ele>914.1</ele>
        <time>2026-09-06T07:23:18.807Z</time>
        <extensions><gpxtpx:TrackPointExtension><gpxtpx:hr>132</gpxtpx:hr></gpxtpx:TrackPointExtension></extensions>
      </trkpt>
      <trkpt lat="46.573750" lon="6.376689">
        <ele>917.2</ele>
        <time>2026-09-06T07:23:26.896Z</time>
        <extensions><gpxtpx:TrackPointExtension><gpxtpx:hr>132</gpxtpx:hr></gpxtpx:TrackPointExtension></extensions>
      </trkpt>
      <trkpt lat="46.574118" lon="6.376497">
        <ele>919.4</ele>
        <time>2026-09-06T07:23:35.010Z</time>
        <extensions><gpxtpx:TrackPointExtension><gpxtpx:hr>129</gpxtpx:hr></gpxtpx:TrackPointExtension></extensions>
      </trkpt>
      <trkpt lat="46.574483" lon="6.376291">
        <ele>920.2</ele>
        <time>2026-09-06T07:23:43.155Z</time>
        <extensions><gpxtpx:TrackPointExtension><gpxtpx:hr>130</gpxtpx:hr></gpxtpx:TrackPointExtension></extensions>
      </trkpt>
      <trkpt lat="46.574845" lon="6.376070">
        <ele>922.2</ele>
        <time>2026-09-06T07:23:51.331Z</time>
        <extensions><gpxtpx:TrackPointExtension><gpxtpx:hr>130</gpxtpx:hr></gpxtpx:TrackPointExtension></extensions>
      </trkpt>
      <trkpt lat="46.575204" lon="6.375836">
        <ele>924.6</ele>
        <time>2026-09-06T07:23:59.544Z</time>
        <extensions><gpxtpx:TrackPointExtension><gpxtpx:hr>130</gpxtpx:hr></gpxtpx:TrackPointExtension></extensions>
      </trkpt>
      <trkpt lat="46.575560" lon="6.375588">
        <ele>927.1</ele>
        <time>2026-09-06T07:24:07.795Z</time>
        <extensions><gpxtpx:TrackPointExtension><gpxtpx:hr>132</gpxtpx:hr></gpxtpx:TrackPointExtension></extensions>
      </trkpt>
      <trkpt lat="46.575913" lon="6.375327">
        <ele>928.8</ele>
        <time>2026-09-06T07:24:16.086Z</time>
        <extensions><gpxtpx:TrackPointExtension><gpxtpx:hr>133</gpxtpx:hr></gpxtpx:TrackPointExtension></extensions>
      </trkpt>
      <trkpt lat="46.576262" lon="6.375053">
        <ele>932.3</ele>
        <time>2026-09-06T07:24:24.421Z</time>
        <extensions><gpxtpx:TrackPointExtension><gpxtpx:hr>132</gpxtpx:hr></gpxtpx:TrackPointExtension></extensions>
      </trkpt>
      <trkpt lat="46.576608" lon="6.374766">
        <ele>933.0</ele>
        <time>2026-09-06T07:24:32.801Z</time>
        <extensions><gpxtpx:TrackPointExtension><gpxtpx:hr>132</gpxtpx:hr></gpxtpx:TrackPointExtension></extensions>
      </trkpt>
      <trkpt lat="46.576950" lon="6.374466">
        <ele>935.8</ele>
        <time>2026-09-06T07:24:41.228Z</time>
        <extensions><gpxtpx:TrackPointExtension><gpxtpx:hr>130</gpxtpx:hr></gpxtpx:TrackPointExtension></extensions>
      </trkpt>
      <trkpt lat="46.577289" lon="6.374154">
        <ele>937.2</ele>
        <time>2026-09-06T07:24:49.705Z</time>
        <extensions><gpxtpx:TrackPointExtension><gpxtpx:hr>133</gpxtpx:hr></gpxtpx:TrackPointExtension></extensions>
      </trkpt>
      <trkpt lat="46.577625" lon="6.373830">
        <ele>938.5</ele>
        <time>2026-09-06T07:24:58.231Z</time>
        <extensions><gpxtpx:TrackPointExtension><gpxtpx:hr>133</gpxtpx:hr></gpxtpx:TrackPointExtension></extensions>
      </trkpt>
      <trkpt lat="46.577957" lon="6.373495">
        <ele>941.6</ele>
        <time>2026-09-06T07:25:06.810Z</time>
        <extensions><gpxtpx:TrackPointExtension><gpxtpx:hr>131</gpxtpx:hr></gpxtpx:TrackPointExtension></extensions>
      </trkpt>
      <trkpt lat="46.578285" lon="6.373148">
        <ele>942.2</ele>
        <time>2026-09-06T07:25:15.441Z</time>
        <extensions><gpxtpx:TrackPointExtension><gpxtpx:hr>131</gpxtpx:hr></gpxtpx:TrackPointExtension></extensions>
      </trkpt>
      <trkpt lat="46.578610" lon="6.372790">
        <ele>945.4</ele>
        <time>2026-09-06T07:25:24.125Z</time>
        <extensions><gpxtpx:TrackPointExtension><gpxtpx:hr>135</gpxtpx:hr></gpxtpx:TrackPointExtension></extensions>
      </trkpt>
      <trkpt lat="46.578931" lon="6.372421">
        <ele>945.8</ele>
        <time>2026-09-06T07:25:32.864Z</time>
        <extensions><gpxtpx:TrackPointExtension><gpxtpx:hr>134</gpxtpx:hr></gpxtpx:TrackPointExtension></extensions>
      </trkpt>
      <trkpt lat="46.579249" lon="6.372042">
        <ele>948.2</ele>
        <time>2026-09-06T07:25:41.658Z</time>
        <extensions><gpxtpx:TrackPointExtension><gpxtpx:hr>132</gpxtpx:hr></gpxtpx:TrackPointExtension></extensions>
      </trkpt>
      <trkpt lat="46.579563" lon="6.371652">
        <ele>950.2</ele>
        <time>2026-09-06T07:25:50.506Z</time>
        <extensions><gpxtpx:TrackPointExtension><gpxtpx:hr>135</gpxtpx:hr></gpxtpx:TrackPointExtension></extensions>
      </trkpt>
      <trkpt lat="46.579873" lon="6.371253">
        <ele>951.6</ele>
        <time>2026-09-06T07:25:59.409Z</time>
        <extensions><gpxtpx:TrackPointExtension><gpxtpx:hr>135</gpxtpx:hr></gpxtpx:TrackPointExtension></extensions>
      </trkpt>
      <trkpt lat="46.580180" lon="6.370844">
        <ele>953.7</ele>
        <time>2026-09-06T07:26:08.367Z</time>
        <extensions><gpxtpx:TrackPointExtension><gpxtpx:hr>132</gpxtpx:hr></gpxtpx:TrackPointExtension></extensions>
      </trkpt>
      <trkpt lat="46.580484" lon="6.370426">
        <ele>955.4</ele>
        <time>2026-09-06T07:26:17.379Z</time>
        <extensions><gpxtpx:TrackPointExtension><gpxtpx:hr>133</gpxtpx:hr></gpxtpx:TrackPointExtension></extensions>
      </trkpt>
      <trkpt lat="46.580783" lon="6.369999">
        <ele>957.1</ele>
        <time>2026-09-06T07:26:26.445Z</time>
        <extensions><gpxtpx:TrackPointExtension><gpxtpx:hr>133</gpxtpx:hr></gpxtpx:TrackPointExtension></extensions>
      </trkpt>
      <trkpt lat="46.581079" lon="6.369564">
        <ele>957.9</ele>
        <time>2026-09-06T07:26:35.564Z</time>
        <extensions><gpxtpx:TrackPointExtension><gpxtpx:hr>132</gpxtpx:hr></gpxtpx:TrackPointExtension></extensions>
      </trkpt>
      <trkpt lat="46.581372" lon="6.369120">
        <ele>958.8</ele>
        <time>2026-09-06T07:26:44.735Z</time>
        <extensions><gpxtpx:TrackPointExtension><gpxtpx:hr>135</gpxtpx:hr></gpxtpx:TrackPointExtension></extensions>
      </trkpt>
      <trkpt lat="46.581661" lon="6.368669">
        <ele>960.8</ele>
        <time>2026-09-06T07:26:53.958Z</time>
        <extensions><gpxtpx:TrackPointExtension><gpxtpx:hr>136</gpxtpx:hr></gpxtpx:TrackPointExtension></extensions>
      </trkpt>
      <trkpt lat="46.581946" lon="6.368210">
        <ele>961.9</ele>
        <time>2026-09-06T07:27:03.231Z</time>
        <extensions><gpxtpx:TrackPointExtension><gpxtpx:hr>135</gpxtpx:hr></gpxtpx:TrackPointExtension></extensions>
      </trkpt>
      <trkpt lat="46.582229" lon="6.367744">
        <ele>963.2</ele>
        <time>2026-09-06T07:27:12.553Z</time>
        <extensions><gpxtpx:TrackPointExtension><gpxtpx:hr>133</gpxtpx:hr></gpxtpx:TrackPointExtension></extensions>
      </trkpt>
      <trkpt lat="46.582507" lon="6.367271">
        <ele>966.5</ele>
        <time>2026-09-06T07:27:21.922Z</time>
        <extensions><gpxtpx:TrackPointExtension><gpxtpx:hr>133</gpxtpx:hr></gpxtpx:TrackPointExtension></extensions>
      </trkpt>
      <trkpt lat="46.582782" lon="6.366791">
        <ele>966.2</ele>
        <time>2026-09-06T07:27:31.337Z</time>
        <extensions><gpxtpx:TrackPointExtension><gpxtpx:hr>134</gpxtpx:hr></gpxtpx:TrackPointExtension></extensions>
      </trkpt>
      <trkpt lat="46.583054" lon="6.366305">
        <ele>968.9</ele>
        <time>2026-09-06T07:27:40.797Z</time>
        <extensions><gpxtpx:TrackPointExtension><gpxtpx:hr>134</gpxtpx:hr></gpxtpx:TrackPointExtension></extensions>
      </trkpt>
      <trkpt lat="46.583323" lon="6.365813">
        <ele>969.5</ele>
        <time>2026-09-06T07:27:50.299Z</time>
        <extensions><gpxtpx:TrackPointExtension><gpxtpx:hr>137</gpxtpx:hr></gpxtpx:TrackPointExtension></extensions>
      </trkpt>
      <trkpt lat="46.583588" lon="6.365316">
        <ele>971.6</ele>
        <time>2026-09-06T07:27:59.842Z</time>
        <extensions><gpxtpx:TrackPointExtension><gpxtpx:hr>134</gpxtpx:hr></gpxtpx:TrackPointExtension></extensions>
      </trkpt>
      <trkpt lat="46.583850" lon="6.364813">
        <ele>972.2</ele>
        <time>2026-09-06T07:28:09.424Z</time>
        <extensions><gpxtpx:TrackPointExtension><gpxtpx:hr>136</gpxtpx:hr></gpxtpx:TrackPointExtension></extensions>
      </trkpt>
      <trkpt lat="46.584108" lon="6.364306">
        <ele>972.8</ele>
        <time>2026-09-06T07:28:19.043Z</time>
        <extensions><gpxtpx:TrackPointExtension><gpxtpx:hr>136</gpxtpx:hr></gpxtpx:TrackPointExtension></extensions>
      </trkpt>
      <trkpt lat="46.584364" lon="6.363794">
        <ele>974.0</ele>
        <time>2026-09-06T07:28:28.697Z</time>
        <extensions><gpxtpx:TrackPointExtension><gpxtpx:hr>134</gpxtpx:hr></gpxtpx:TrackPointExtension></extensions>
      </trkpt>
      <trkpt lat="46.584617" lon="6.363277">
        <ele>975.4</ele>
        <time>2026-09-06T07:28:38.383Z</time>
        <extensions><gpxtpx:TrackPointExtension><gpxtpx:hr>137</gpxtpx:hr></gpxtpx:TrackPointExtension></extensions>
      </trkpt>
      <trkpt lat="46.584866" lon="6.362757">
        <ele>976.8</ele>
        <time>2026-09-06T07:28:48.100Z</time>
        <extensions><gpxtpx:TrackPointExtension><gpxtpx:hr>138</gpxtpx:hr></gpxtpx:TrackPointExtension></extensions>
      </trkpt>
      <trkpt lat="46.585113" lon="6.362232">
        <ele>978.5</ele>
        <time>2026-09-06T07:28:57.845Z</time>
        <extensions><gpxtpx:TrackPointExtension><gpxtpx:hr>138</gpxtpx:hr></gpxtpx:TrackPointExtension></extensions>
      </trkpt>
      <trkpt lat="46.585357" lon="6.361705">
        <ele>979.0</ele>
        <time>2026-09-06T07:29:07.616Z</time>
        <extensions><gpxtpx:TrackPointExtension><gpxtpx:hr>138</gpxtpx:hr></gpxtpx:TrackPointExtension></extensions>
      </trkpt>
      <trkpt lat="46.585598" lon="6.361174">
        <ele>980.8</ele>
        <time>2026-09-06T07:29:17.411Z</time>
        <extensions><gpxtpx:TrackPointExtension><gpxtpx:hr>137</gpxtpx:hr></gpxtpx:TrackPointExtension></extensions>
      </trkpt>
      <trkpt lat="46.585836" lon="6.360641">
        <ele>981.9</ele>
        <time>2026-09-06T07:29:27.228Z</time>
        <extensions><gpxtpx:TrackPointExtension><gpxtpx:hr>137</gpxtpx:hr></gpxtpx:TrackPointExtension></extensions>
      </trkpt>
      <trkpt lat="46.586072" lon="6.360105">
        <ele>982.5</ele>
        <time>2026-09-06T07:29:37.063Z</time>
        <extensions><gpxtpx:TrackPointExtension><gpxtpx:hr>135</gpxtpx:hr></gpxtpx:TrackPointExtension></extensions>
      </trkpt>
      <trkpt lat="46.586305" lon="6.359567">
        <ele>983.1</ele>
        <time>2026-09-06T07:29:46.915Z</time>
        <extensions><gpxtpx:TrackPointExtension><gpxtpx:hr>137</gpxtpx:hr></gpxtpx:TrackPointExtension></extensions>
      </trkpt>
      <trkpt lat="46.586535" lon="6.359027">
        <ele>983.9</ele>
        <time>2026-09-06T07:29:56.782Z</time>
        <extensions><gpxtpx:TrackPointExtension><gpxtpx:hr>138</gpxtpx:hr></gpxtpx:TrackPointExtension></extensions>
      </trkpt>
      <trkpt lat="46.586763" lon="6.358485">
        <ele>986.6</ele>
        <time>2026-09-06T07:30:06.661Z</time>
        <extensions><gpxtpx:TrackPointExtension><gpxtpx:hr>135</gpxtpx:hr></gpxtpx:TrackPointExtension></extensions>
      </trkpt>
      <trkpt lat="46.586989" lon="6.357942">
        <ele>985.8</ele>
        <time>2026-09-06T07:30:16.549Z</time>
        <extensions><gpxtpx:TrackPointExtension><gpxtpx:hr>139</gpxtpx:hr></gpxtpx:TrackPointExtension></extensions>
      </trkpt>
      <trkpt lat="46.587213" lon="6.357398">
        <ele>987.5</ele>
        <time>2026-09-06T07:30:26.446Z</time>
        <extensions><gpxtpx:TrackPointExtension><gpxtpx:hr>139</gpxtpx:hr></gpxtpx:TrackPointExtension></extensions>
      </trkpt>
      <trkpt lat="46.587434" lon="6.356853">
        <ele>989.4</ele>
        <time>2026-09-06T07:30:36.347Z</time>
        <extensions><gpxtpx:TrackPointExtension><gpxtpx:hr>139</gpxtpx:hr></gpxtpx:TrackPointExtension></extensions>
      </trkpt>
      <trkpt lat="46.587653" lon="6.356307">
        <ele>990.2</ele>
        <time>2026-09-06T07:30:46.252Z</time>
        <extensions><gpxtpx:TrackPointExtension><gpxtpx:hr>138</gpxtpx:hr></gpxtpx:TrackPointExtension></extensions>
      </trkpt>
      <trkpt lat="46.587871" lon="6.355761">
        <ele>990.0</ele>
        <time>2026-09-06T07:30:56.157Z</time>
        <extensions><gpxtpx:TrackPointExtension><gpxtpx:hr>140</gpxtpx:hr></gpxtpx:TrackPointExtension></extensions>
      </trkpt>
      <trkpt lat="46.588086" lon="6.355215">
        <ele>990.4</ele>
        <time>2026-09-06T07:31:06.061Z</time>
        <extensions><gpxtpx:TrackPointExtension><gpxtpx:hr>139</gpxtpx:hr></gpxtpx:TrackPointExtension></extensions>
      </trkpt>
      <trkpt lat="46.588300" lon="6.354669">
        <ele>991.3</ele>
        <time>2026-09-06T07:31:15.962Z</time>
        <extensions><gpxtpx:TrackPointExtension><gpxtpx:hr>137</gpxtpx:hr></gpxtpx:TrackPointExtension></extensions>
      </trkpt>
      <trkpt lat="46.588511" lon="6.354124">
        <ele>994.1</ele>
        <time>2026-09-06T07:31:25.857Z</time>
        <extensions><gpxtpx:TrackPointExtension><gpxtpx:hr>137</gpxtpx:hr></gpxtpx:TrackPointExtension></extensions>
      </trkpt>
      <trkpt lat="46.588722" lon="6.353578">
        <ele>994.0</ele>
        <time>2026-09-06T07:31:35.745Z</time>
        <extensions><gpxtpx:TrackPointExtension><gpxtpx:hr>139</gpxtpx:hr></gpxtpx:TrackPointExtension></extensions>
      </trkpt>
      <trkpt lat="46.588930" lon="6.353034">
        <ele>995.6</ele>
        <time>2026-09-06T07:31:45.624Z</time>
        <extensions><gpxtpx:TrackPointExtension><gpxtpx:hr>137</gpxtpx:hr></gpxtpx:TrackPointExtension></extensions>
      </trkpt>
      <trkpt lat="46.589138" lon="6.352491">
        <ele>994.9</ele>
        <time>2026-09-06T07:31:55.492Z</time>
        <extensions><gpxtpx:TrackPointExtension><gpxtpx:hr>140</gpxtpx:hr></gpxtpx:TrackPointExtension></extensions>
      </trkpt>
      <trkpt lat="46.589343" lon="6.351948">
        <ele>995.6</ele>
        <time>2026-09-06T07:32:05.347Z</time>
        <extensions><gpxtpx:TrackPointExtension><gpxtpx:hr>139</gpxtpx:hr></gpxtpx:TrackPointExtension></extensions>
      </trkpt>
      <trkpt lat="46.589548" lon="6.351407">
        <ele>997.3</ele>
        <time>2026-09-06T07:32:15.188Z</time>
        <extensions><gpxtpx:TrackPointExtension><gpxtpx:hr>138</gpxtpx:hr></gpxtpx:TrackPointExtension></extensions>
      </trkpt>
      <trkpt lat="46.589752" lon="6.350868">
        <ele>998.8</ele>
        <time>2026-09-06T07:32:25.012Z</time>
        <extensions><gpxtpx:TrackPointExtension><gpxtpx:hr>140</gpxtpx:hr></gpxtpx:TrackPointExtension></extensions>
      </trkpt>
      <trkpt lat="46.589954" lon="6.350330">
        <ele>999.5</ele>
        <time>2026-09-06T07:32:34.820Z</time>
        <extensions><gpxtpx:TrackPointExtension><gpxtpx:hr>139</gpxtpx:hr></gpxtpx:TrackPointExtension></extensions>
      </trkpt>
      <trkpt lat="46.590155" lon="6.349794">
        <ele>999.1</ele>
        <time>2026-09-06T07:32:44.608Z</time>
        <extensions><gpxtpx:TrackPointExtension><gpxtpx:hr>137</gpxtpx:hr></gpxtpx:TrackPointExtension></extensions>
      </trkpt>
      <trkpt lat="46.590356" lon="6.349260">
        <ele>1000.2</ele>
        <time>2026-09-06T07:32:54.376Z</time>
        <extensions><gpxtpx:TrackPointExtension><gpxtpx:hr>139</gpxtpx:hr></gpxtpx:TrackPointExtension></extensions>
      </trkpt>
      <trkpt lat="46.590555" lon="6.348728">
        <ele>1000.7</ele>
        <time>2026-09-06T07:33:04.123Z</time>
        <extensions><gpxtpx:TrackPointExtension><gpxtpx:hr>138</gpxtpx:hr></gpxtpx:TrackPointExtension></extensions>
      </trkpt>
      <trkpt lat="46.590754" lon="6.348198">
        <ele>1001.3</ele>
        <time>2026-09-06T07:33:13.847Z</time>
        <extensions><gpxtpx:TrackPointExtension><gpxtpx:hr>138</gpxtpx:hr></gpxtpx:TrackPointExtension></extensions>
      </trkpt>
      <trkpt lat="46.590952" lon="6.347671">
        <ele>1003.3</ele>
        <time>2026-09-06T07:33:23.548Z</time>
        <extensions><gpxtpx:TrackPointExtension><gpxtpx:hr>139</gpxtpx:hr></gpxtpx:TrackPointExtension></extensions>
      </trkpt>
      <trkpt lat="46.591150" lon="6.347146">
        <ele>1003.0</ele>
        <time>2026-09-06T07:33:33.224Z</time>
        <extensions><gpxtpx:TrackPointExtension><gpxtpx:hr>140</gpxtpx:hr></gpxtpx:TrackPointExtension></extensions>
      </trkpt>
      <trkpt lat="46.591347" lon="6.346624">
        <ele>1004.9</ele>
        <time>2026-09-06T07:33:42.876Z</time>
        <extensions><gpxtpx:TrackPointExtension><gpxtpx:hr>140</gpxtpx:hr></gpxtpx:TrackPointExtension></extensions>
      </trkpt>
      <trkpt lat="46.591543" lon="6.346105">
        <ele>1004.2</ele>
        <time>2026-09-06T07:33:52.501Z</time>
        <extensions><gpxtpx:TrackPointExtension><gpxtpx:hr>139</gpxtpx:hr></gpxtpx:TrackPointExtension></extensions>
      </trkpt>
      <trkpt lat="46.591739" lon="6.345588">
        <ele>1005.4</ele>
        <time>2026-09-06T07:34:02.101Z</time>
        <extensions><gpxtpx:TrackPointExtension><gpxtpx:hr>141</gpxtpx:hr></gpxtpx:TrackPointExtension></extensions>
      </trkpt>
      <trkpt lat="46.591935" lon="6.345074">
        <ele>1006.3</ele>
        <time>2026-09-06T07:34:11.673Z</time>
        <extensions><gpxtpx:TrackPointExtension><gpxtpx:hr>141</gpxtpx:hr></gpxtpx:TrackPointExtension></extensions>
      </trkpt>
      <trkpt lat="46.592131" lon="6.344563">
        <ele>1006.6</ele>
        <time>2026-09-06T07:34:21.219Z</time>
        <extensions><gpxtpx:TrackPointExtension><gpxtpx:hr>142</gpxtpx:hr></gpxtpx:TrackPointExtension></extensions>
      </trkpt>
      <trkpt lat="46.592327" lon="6.344055">
        <ele>1008.0</ele>
        <time>2026-09-06T07:34:30.737Z</time>
        <extensions><gpxtpx:TrackPointExtension><gpxtpx:hr>142</gpxtpx:hr></gpxtpx:TrackPointExtension></extensions>
      </trkpt>
      <trkpt lat="46.592522" lon="6.343550">
        <ele>1008.2</ele>
        <time>2026-09-06T07:34:40.228Z</time>
        <extensions><gpxtpx:TrackPointExtension><gpxtpx:hr>139</gpxtpx:hr></gpxtpx:TrackPointExtension></extensions>
      </trkpt>
      <trkpt lat="46.592718" lon="6.343048">
        <ele>1008.9</ele>
        <time>2026-09-06T07:34:49.691Z</time>
        <extensions><gpxtpx:TrackPointExtension><gpxtpx:hr>142</gpxtpx:hr></gpxtpx:TrackPointExtension></extensions>
      </trkpt>
      <trkpt lat="46.592914" lon="6.342549">
        <ele>1010.7</ele>
        <time>2026-09-06T07:34:59.127Z</time>
        <extensions><gpxtpx:TrackPointExtension><gpxtpx:hr>140</gpxtpx:hr></gpxtpx:TrackPointExtension></extensions>
      </trkpt>
      <trkpt lat="46.593109" lon="6.342054">
        <ele>1010.6</ele>
        <time>2026-09-06T07:35:08.536Z</time>
        <extensions><gpxtpx:TrackPointExtension><gpxtpx:hr>140</gpxtpx:hr></gpxtpx:TrackPointExtension></extensions>
      </trkpt>
      <trkpt lat="46.593305" lon="6.341561">
        <ele>1011.2</ele>
        <time>2026-09-06T07:35:17.918Z</time>
        <extensions><gpxtpx:TrackPointExtension><gpxtpx:hr>142</gpxtpx:hr></gpxtpx:TrackPointExtension></extensions>
      </trkpt>
      <trkpt lat="46.593501" lon="6.341072">
        <ele>1012.3</ele>
        <time>2026-09-06T07:35:27.273Z</time>
        <extensions><gpxtpx:TrackPointExtension><gpxtpx:hr>142</gpxtpx:hr></gpxtpx:TrackPointExtension></extensions>
      </trkpt>
      <trkpt lat="46.593697" lon="6.340586">
        <ele>1012.7</ele>
        <time>2026-09-06T07:35:36.602Z</time>
        <extensions><gpxtpx:TrackPointExtension><gpxtpx:hr>140</gpxtpx:hr></gpxtpx:TrackPointExtension></extensions>
      </trkpt>
      <trkpt lat="46.593894" lon="6.340103">
        <ele>1013.2</ele>
        <time>2026-09-06T07:35:45.906Z</time>
        <extensions><gpxtpx:TrackPointExtension><gpxtpx:hr>143</gpxtpx:hr></gpxtpx:TrackPointExtension></extensions>
      </trkpt>
      <trkpt lat="46.594091" lon="6.339623">
        <ele>1015.1</ele>
        <time>2026-09-06T07:35:55.185Z</time>
        <extensions><gpxtpx:TrackPointExtension><gpxtpx:hr>141</gpxtpx:hr></gpxtpx:TrackPointExtension></extensions>
      </trkpt>
      <trkpt lat="46.594288" lon="6.339146">
        <ele>1015.7</ele>
        <time>2026-09-06T07:36:04.439Z</time>
        <extensions><gpxtpx:TrackPointExtension><gpxtpx:hr>143</gpxtpx:hr></gpxtpx:TrackPointExtension></extensions>
      </trkpt>
      <trkpt lat="46.594486" lon="6.338673">
        <ele>1014.8</ele>
        <time>2026-09-06T07:36:13.671Z</time>
        <extensions><gpxtpx:TrackPointExtension><gpxtpx:hr>142</gpxtpx:hr></gpxtpx:TrackPointExtension></extensions>
      </trkpt>
      <trkpt lat="46.594684" lon="6.338202">
        <ele>1015.6</ele>
        <time>2026-09-06T07:36:22.880Z</time>
        <extensions><gpxtpx:TrackPointExtension><gpxtpx:hr>143</gpxtpx:hr></gpxtpx:TrackPointExtension></extensions>
      </trkpt>
      <trkpt lat="46.594883" lon="6.337735">
        <ele>1016.2</ele>
        <time>2026-09-06T07:36:32.067Z</time>
        <extensions><gpxtpx:TrackPointExtension><gpxtpx:hr>144</gpxtpx:hr></gpxtpx:TrackPointExtension></extensions>
      </trkpt>
      <trkpt lat="46.595082" lon="6.337270">
        <ele>1017.7</ele>
        <time>2026-09-06T07:36:41.234Z</time>
        <extensions><gpxtpx:TrackPointExtension><gpxtpx:hr>144</gpxtpx:hr></gpxtpx:TrackPointExtension></extensions>
      </trkpt>
      <trkpt lat="46.595282" lon="6.336809">
        <ele>1017.9</ele>
        <time>2026-09-06T07:36:50.381Z</time>
        <extensions><gpxtpx:TrackPointExtension><gpxtpx:hr>143</gpxtpx:hr></gpxtpx:TrackPointExtension></extensions>
      </trkpt>
      <trkpt lat="46.595482" lon="6.336350">
        <ele>1019.0</ele>
        <time>2026-09-06T07:36:59.510Z</time>
        <extensions><gpxtpx:TrackPointExtension><gpxtpx:hr>144</gpxtpx:hr></gpxtpx:TrackPointExtension></extensions>
      </trkpt>
      <trkpt lat="46.595683" lon="6.335894">
        <ele>1020.1</ele>
        <time>2026-09-06T07:37:08.621Z</time>
        <extensions><gpxtpx:TrackPointExtension><gpxtpx:hr>142</gpxtpx:hr></gpxtpx:TrackPointExtension></extensions>
      </trkpt>
      <trkpt lat="46.595884" lon="6.335440">
        <ele>1020.1</ele>
        <time>2026-09-06T07:37:17.716Z</time>
        <extensions><gpxtpx:TrackPointExtension><gpxtpx:hr>143</gpxtpx:hr></gpxtpx:TrackPointExtension></extensions>
      </trkpt>
      <trkpt lat="46.596086" lon="6.334990">
        <ele>1022.8</ele>
        <time>2026-09-06T07:37:26.797Z</time>
        <extensions><gpxtpx:TrackPointExtension><gpxtpx:hr>144</gpxtpx:hr></gpxtpx:TrackPointExtension></extensions>
      </trkpt>
      <trkpt lat="46.596288" lon="6.334542">
        <ele>1022.8</ele>
        <time>2026-09-06T07:37:35.864Z</time>
        <extensions><gpxtpx:TrackPointExtension><gpxtpx:hr>143</gpxtpx:hr></gpxtpx:TrackPointExtension></extensions>
      </trkpt>
      <trkpt lat="46.596491" lon="6.334096">
        <ele>1022.6</ele>
        <time>2026-09-06T07:37:44.918Z</time>
        <extensions><gpxtpx:TrackPointExtension><gpxtpx:hr>143</gpxtpx:hr></gpxtpx:TrackPointExtension></extensions>
      </trkpt>
      <trkpt lat="46.596694" lon="6.333652">
        <ele>1023.4</ele>
        <time>2026-09-06T07:37:53.961Z</time>
        <extensions><gpxtpx:TrackPointExtension><gpxtpx:hr>145</gpxtpx:hr></gpxtpx:TrackPointExtension></extensions>
      </trkpt>
      <trkpt lat="46.596898" lon="6.333211">
        <ele>1024.7</ele>
        <time>2026-09-06T07:38:02.994Z</time>
        <extensions><gpxtpx:TrackPointExtension><gpxtpx:hr>145</gpxtpx:hr></gpxtpx:TrackPointExtension></extensions>
      </trkpt>
      <trkpt lat="46.597103" lon="6.332772">
        <ele>1025.7</ele>
        <time>2026-09-06T07:38:12.018Z</time>
        <extensions><gpxtpx:TrackPointExtension><gpxtpx:hr>142</gpxtpx:hr></gpxtpx:TrackPointExtension></extensions>
      </trkpt>
      <trkpt lat="46.597307" lon="6.332335">
        <ele>1027.5</ele>
        <time>2026-09-06T07:38:21.035Z</time>
        <extensions><gpxtpx:TrackPointExtension><gpxtpx:hr>143</gpxtpx:hr></gpxtpx:TrackPointExtension></extensions>
      </trkpt>
      <trkpt lat="46.597512" lon="6.331900">
        <ele>1027.6</ele>
        <time>2026-09-06T07:38:30.046Z</time>
        <extensions><gpxtpx:TrackPointExtension><gpxtpx:hr>146</gpxtpx:hr></gpxtpx:TrackPointExtension></extensions>
      </trkpt>
      <trkpt lat="46.597718" lon="6.331466">
        <ele>1029.7</ele>
        <time>2026-09-06T07:38:39.052Z</time>
        <extensions><gpxtpx:TrackPointExtension><gpxtpx:hr>144</gpxtpx:hr></gpxtpx:TrackPointExtension></extensions>
      </trkpt>
      <trkpt lat="46.597924" lon="6.331034">
        <ele>1028.8</ele>
        <time>2026-09-06T07:38:48.054Z</time>
        <extensions><gpxtpx:TrackPointExtension><gpxtpx:hr>146</gpxtpx:hr></gpxtpx:TrackPointExtension></extensions>
      </trkpt>
      <trkpt lat="46.598130" lon="6.330603">
        <ele>1031.0</ele>
        <time>2026-09-06T07:38:57.053Z</time>
        <extensions><gpxtpx:TrackPointExtension><gpxtpx:hr>146</gpxtpx:hr></gpxtpx:TrackPointExtension></extensions>
      </trkpt>
      <trkpt lat="46.598336" lon="6.330174">
        <ele>1030.9</ele>
        <time>2026-09-06T07:39:06.051Z</time>
        <extensions><gpxtpx:TrackPointExtension><gpxtpx:hr>145</gpxtpx:hr></gpxtpx:TrackPointExtension></extensions>
      </trkpt>
      <trkpt lat="46.598543" lon="6.329746">
        <ele>1032.4</ele>
        <time>2026-09-06T07:39:15.049Z</time>
        <extensions><gpxtpx:TrackPointExtension><gpxtpx:hr>144</gpxtpx:hr></gpxtpx:TrackPointExtension></extensions>
      </trkpt>
      <trkpt lat="46.598749" lon="6.329319">
        <ele>1034.4</ele>
        <time>2026-09-06T07:39:24.048Z</time>
        <extensions><gpxtpx:TrackPointExtension><gpxtpx:hr>146</gpxtpx:hr></gpxtpx:TrackPointExtension></extensions>
      </trkpt>
      <trkpt lat="46.598956" lon="6.328893">
        <ele>1035.0</ele>
        <time>2026-09-06T07:39:33.049Z</time>
        <extensions><gpxtpx:TrackPointExtension><gpxtpx:hr>144</gpxtpx:hr></gpxtpx:TrackPointExtension></extensions>
      </trkpt>
      <trkpt lat="46.599163" lon="6.328468">
        <ele>1035.9</ele>
        <time>2026-09-06T07:39:42.053Z</time>
        <extensions><gpxtpx:TrackPointExtension><gpxtpx:hr>145</gpxtpx:hr></gpxtpx:TrackPointExtension></extensions>
      </trkpt>
      <trkpt lat="46.599369" lon="6.328043">
        <ele>1036.8</ele>
        <time>2026-09-06T07:39:51.061Z</time>
        <extensions><gpxtpx:TrackPointExtension><gpxtpx:hr>145</gpxtpx:hr></gpxtpx:TrackPointExtension></extensions>
      </trkpt>
      <trkpt lat="46.599576" lon="6.327619">
        <ele>1038.1</ele>
        <time>2026-09-06T07:40:00.074Z</time>
        <extensions><gpxtpx:TrackPointExtension><gpxtpx:hr>146</gpxtpx:hr></gpxtpx:TrackPointExtension></extensions>
      </trkpt>
      <trkpt lat="46.599782" lon="6.327195">
        <ele>1038.5</ele>
        <time>2026-09-06T07:40:09.093Z</time>
        <extensions><gpxtpx:TrackPointExtension><gpxtpx:hr>145</gpxtpx:hr></gpxtpx:TrackPointExtension></extensions>
      </trkpt>
      <trkpt lat="46.599988" lon="6.326771">
        <ele>1040.2</ele>
        <time>2026-09-06T07:40:18.119Z</time>
        <extensions><gpxtpx:TrackPointExtension><gpxtpx:hr>145</gpxtpx:hr></gpxtpx:TrackPointExtension></extensions>
      </trkpt>
      <trkpt lat="46.600193" lon="6.326347">
        <ele>1040.5</ele>
        <time>2026-09-06T07:40:27.152Z</time>
        <extensions><gpxtpx:TrackPointExtension><gpxtpx:hr>147</gpxtpx:hr></gpxtpx:TrackPointExtension></extensions>
      </trkpt>
      <trkpt lat="46.600398" lon="6.325923">
        <ele>1042.2</ele>
        <time>2026-09-06T07:40:36.194Z</time>
        <extensions><gpxtpx:TrackPointExtension><gpxtpx:hr>146</gpxtpx:hr></gpxtpx:TrackPointExtension></extensions>
      </trkpt>
      <trkpt lat="46.600603" lon="6.325499">
        <ele>1043.1</ele>
        <time>2026-09-06T07:40:45.246Z</time>
        <extensions><gpxtpx:TrackPointExtension><gpxtpx:hr>145</gpxtpx:hr></gpxtpx:TrackPointExtension></extensions>
      </trkpt>
      <trkpt lat="46.600807" lon="6.325074">
        <ele>1044.6</ele>
        <time>2026-09-06T07:40:54.307Z</time>
        <extensions><gpxtpx:TrackPointExtension><gpxtpx:hr>146</gpxtpx:hr></gpxtpx:TrackPointExtension></extensions>
      </trkpt>
      <trkpt lat="46.601009" lon="6.324648">
        <ele>1046.0</ele>
        <time>2026-09-06T07:41:03.380Z</time>
        <extensions><gpxtpx:TrackPointExtension><gpxtpx:hr>147</gpxtpx:hr></gpxtpx:TrackPointExtension></extensions>
      </trkpt>
      <trkpt lat="46.601211" lon="6.324222">
        <ele>1046.2</ele>
        <time>2026-09-06T07:41:12.464Z</time>
        <extensions><gpxtpx:TrackPointExtension><gpxtpx:hr>147</gpxtpx:hr></gpxtpx:TrackPointExtension></extensions>
      </trkpt>
      <trkpt lat="46.601412" lon="6.323795">
        <ele>1048.4</ele>
        <time>2026-09-06T07:41:21.561Z</time>
        <extensions><gpxtpx:TrackPointExtension><gpxtpx:hr>146</gpxtpx:hr></gpxtpx:TrackPointExtension></extensions>
      </trkpt>
      <trkpt lat="46.601612" lon="6.323366">
        <ele>1048.9</ele>
        <time>2026-09-06T07:41:30.670Z</time>
        <extensions><gpxtpx:TrackPointExtension><gpxtpx:hr>145</gpxtpx:hr></gpxtpx:TrackPointExtension></extensions>
      </trkpt>
      <trkpt lat="46.601811" lon="6.322936">
        <ele>1051.3</ele>
        <time>2026-09-06T07:41:39.793Z</time>
        <extensions><gpxtpx:TrackPointExtension><gpxtpx:hr>146</gpxtpx:hr></gpxtpx:TrackPointExtension></extensions>
      </trkpt>
      <trkpt lat="46.602008" lon="6.322505">
        <ele>1051.2</ele>
        <time>2026-09-06T07:41:48.930Z</time>
        <extensions><gpxtpx:TrackPointExtension><gpxtpx:hr>147</gpxtpx:hr></gpxtpx:TrackPointExtension></extensions>
      </trkpt>
      <trkpt lat="46.602204" lon="6.322073">
        <ele>1054.1</ele>
        <time>2026-09-06T07:41:58.083Z</time>
        <extensions><gpxtpx:TrackPointExtension><gpxtpx:hr>145</gpxtpx:hr></gpxtpx:TrackPointExtension></extensions>
      </trkpt>
      <trkpt lat="46.602398" lon="6.321638">
        <ele>1054.2</ele>
        <time>2026-09-06T07:42:07.250Z</time>
        <extensions><gpxtpx:TrackPointExtension><gpxtpx:hr>146</gpxtpx:hr></gpxtpx:TrackPointExtension></extensions>
      </trkpt>
      <trkpt lat="46.602591" lon="6.321202">
        <ele>1056.2</ele>
        <time>2026-09-06T07:42:16.434Z</time>
        <extensions><gpxtpx:TrackPointExtension><gpxtpx:hr>147</gpxtpx:hr></gpxtpx:TrackPointExtension></extensions>
      </trkpt>
      <trkpt lat="46.602781" lon="6.320764">
        <ele>1058.1</ele>
        <time>2026-09-06T07:42:25.635Z</time>
        <extensions><gpxtpx:TrackPointExtension><gpxtpx:hr>148</gpxtpx:hr></gpxtpx:TrackPointExtension></extensions>
      </trkpt>
      <trkpt lat="46.602970" lon="6.320323">
        <ele>1059.8</ele>
        <time>2026-09-06T07:42:34.853Z</time>
        <extensions><gpxtpx:TrackPointExtension><gpxtpx:hr>149</gpxtpx:hr></gpxtpx:TrackPointExtension></extensions>
      </trkpt>
      <trkpt lat="46.603156" lon="6.319881">
        <ele>1061.5</ele>
        <time>2026-09-06T07:42:44.089Z</time>
        <extensions><gpxtpx:TrackPointExtension><gpxtpx:hr>146</gpxtpx:hr></gpxtpx:TrackPointExtension></extensions>
      </trkpt>
      <trkpt lat="46.603340" lon="6.319436">
        <ele>1062.9</ele>
        <time>2026-09-06T07:42:53.344Z</time>
        <extensions><gpxtpx:TrackPointExtension><gpxtpx:hr>145</gpxtpx:hr></gpxtpx:TrackPointExtension></extensions>
      </trkpt>
      <trkpt lat="46.603522" lon="6.318988">
        <ele>1064.5</ele>
        <time>2026-09-06T07:43:02.619Z</time>
        <extensions><gpxtpx:TrackPointExtension><gpxtpx:hr>148</gpxtpx:hr></gpxtpx:TrackPointExtension></extensions>
      </trkpt>
      <trkpt lat="46.603702" lon="6.318538">
        <ele>1065.5</ele>
        <time>2026-09-06T07:43:11.913Z</time>
        <extensions><gpxtpx:TrackPointExtension><gpxtpx:hr>146</gpxtpx:hr></gpxtpx:TrackPointExtension></extensions>
      </trkpt>
      <trkpt lat="46.603878" lon="6.318084">
        <ele>1067.6</ele>
        <time>2026-09-06T07:43:21.229Z</time>
        <extensions><gpxtpx:TrackPointExtension><gpxtpx:hr>146</gpxtpx:hr></gpxtpx:TrackPointExtension></extensions>
      </trkpt>
      <trkpt lat="46.604052" lon="6.317628">
        <ele>1067.8</ele>
        <time>2026-09-06T07:43:30.566Z</time>
        <extensions><gpxtpx:TrackPointExtension><gpxtpx:hr>149</gpxtpx:hr></gpxtpx:TrackPointExtension></extensions>
      </trkpt>
      <trkpt lat="46.604223" lon="6.317169">
        <ele>1069.6</ele>
        <time>2026-09-06T07:43:39.926Z</time>
        <extensions><gpxtpx:TrackPointExtension><gpxtpx:hr>148</gpxtpx:hr></gpxtpx:TrackPointExtension></extensions>
      </trkpt>
      <trkpt lat="46.604390" lon="6.316707">
        <ele>1071.6</ele>
        <time>2026-09-06T07:43:49.309Z</time>
        <extensions><gpxtpx:TrackPointExtension><gpxtpx:hr>149</gpxtpx:hr></gpxtpx:TrackPointExtension></extensions>
      </trkpt>
      <trkpt lat="46.604555" lon="6.316242">
        <ele>1073.1</ele>
        <time>2026-09-06T07:43:58.716Z</time>
        <extensions><gpxtpx:TrackPointExtension><gpxtpx:hr>148</gpxtpx:hr></gpxtpx:TrackPointExtension></extensions>
      </trkpt>
      <trkpt lat="46.604716" lon="6.315773">
        <ele>1074.3</ele>
        <time>2026-09-06T07:44:08.149Z</time>
        <extensions><gpxtpx:TrackPointExtension><gpxtpx:hr>149</gpxtpx:hr></gpxtpx:TrackPointExtension></extensions>
      </trkpt>
      <trkpt lat="46.604873" lon="6.315301">
        <ele>1077.0</ele>
        <time>2026-09-06T07:44:17.608Z</time>
        <extensions><gpxtpx:TrackPointExtension><gpxtpx:hr>146</gpxtpx:hr></gpxtpx:TrackPointExtension></extensions>
      </trkpt>
      <trkpt lat="46.605027" lon="6.314825">
        <ele>1079.4</ele>
        <time>2026-09-06T07:44:27.094Z</time>
        <extensions><gpxtpx:TrackPointExtension><gpxtpx:hr>147</gpxtpx:hr></gpxtpx:TrackPointExtension></extensions>
      </trkpt>
      <trkpt lat="46.605177" lon="6.314346">
        <ele>1079.8</ele>
        <time>2026-09-06T07:44:36.609Z</time>
        <extensions><gpxtpx:TrackPointExtension><gpxtpx:hr>148</gpxtpx:hr></gpxtpx:TrackPointExtension></extensions>
      </trkpt>
      <trkpt lat="46.605323" lon="6.313863">
        <ele>1082.6</ele>
        <time>2026-09-06T07:44:46.154Z</time>
        <extensions><gpxtpx:TrackPointExtension><gpxtpx:hr>148</gpxtpx:hr></gpxtpx:TrackPointExtension></extensions>
      </trkpt>
      <trkpt lat="46.605465" lon="6.313377">
        <ele>1084.7</ele>
        <time>2026-09-06T07:44:55.729Z</time>
        <extensions><gpxtpx:TrackPointExtension><gpxtpx:hr>147</gpxtpx:hr></gpxtpx:TrackPointExtension></extensions>
      </trkpt>
      <trkpt lat="46.605602" lon="6.312886">
        <ele>1086.7</ele>
        <time>2026-09-06T07:45:05.336Z</time>
        <extensions><gpxtpx:TrackPointExtension><gpxtpx:hr>148</gpxtpx:hr></gpxtpx:TrackPointExtension></extensions>
      </trkpt>
      <trkpt lat="46.605736" lon="6.312392">
        <ele>1088.3</ele>
        <time>2026-09-06T07:45:14.977Z</time>
        <extensions><gpxtpx:TrackPointExtension><gpxtpx:hr>148</gpxtpx:hr></gpxtpx:TrackPointExtension></extensions>
      </trkpt>
      <trkpt lat="46.605864" lon="6.311894">
        <ele>1088.9</ele>
        <time>2026-09-06T07:45:24.653Z</time>
        <extensions><gpxtpx:TrackPointExtension><gpxtpx:hr>150</gpxtpx:hr></gpxtpx:TrackPointExtension></extensions>
      </trkpt>
      <trkpt lat="46.605988" lon="6.311392">
        <ele>1090.9</ele>
        <time>2026-09-06T07:45:34.366Z</time>
        <extensions><gpxtpx:TrackPointExtension><gpxtpx:hr>150</gpxtpx:hr></gpxtpx:TrackPointExtension></extensions>
      </trkpt>
      <trkpt lat="46.606107" lon="6.310885">
        <ele>1093.4</ele>
        <time>2026-09-06T07:45:44.116Z</time>
        <extensions><gpxtpx:TrackPointExtension><gpxtpx:hr>151</gpxtpx:hr></gpxtpx:TrackPointExtension></extensions>
      </trkpt>
      <trkpt lat="46.606222" lon="6.310375">
        <ele>1094.6</ele>
        <time>2026-09-06T07:45:53.906Z</time>
        <extensions><gpxtpx:TrackPointExtension><gpxtpx:hr>150</gpxtpx:hr></gpxtpx:TrackPointExtension></extensions>
      </trkpt>
      <trkpt lat="46.606331" lon="6.309861">
        <ele>1097.5</ele>
        <time>2026-09-06T07:46:03.737Z</time>
        <extensions><gpxtpx:TrackPointExtension><gpxtpx:hr>151</gpxtpx:hr></gpxtpx:TrackPointExtension></extensions>
      </trkpt>
      <trkpt lat="46.606435" lon="6.309343">
        <ele>1099.9</ele>
        <time>2026-09-06T07:46:13.611Z</time>
        <extensions><gpxtpx:TrackPointExtension><gpxtpx:hr>151</gpxtpx:hr></gpxtpx:TrackPointExtension></extensions>
      </trkpt>
      <trkpt lat="46.606533" lon="6.308820">
        <ele>1101.5</ele>
        <time>2026-09-06T07:46:23.530Z</time>
        <extensions><gpxtpx:TrackPointExtension><gpxtpx:hr>149</gpxtpx:hr></gpxtpx:TrackPointExtension></extensions>
      </trkpt>
      <trkpt lat="46.606626" lon="6.308294">
        <ele>1103.8</ele>
        <time>2026-09-06T07:46:33.495Z</time>
        <extensions><gpxtpx:TrackPointExtension><gpxtpx:hr>148</gpxtpx:hr></gpxtpx:TrackPointExtension></extensions>
      </trkpt>
      <trkpt lat="46.606713" lon="6.307763">
        <ele>1105.6</ele>
        <time>2026-09-06T07:46:43.508Z</time>
        <extensions><gpxtpx:TrackPointExtension><gpxtpx:hr>150</gpxtpx:hr></gpxtpx:TrackPointExtension></extensions>
      </trkpt>
      <trkpt lat="46.606795" lon="6.307229">
        <ele>1108.6</ele>
        <time>2026-09-06T07:46:53.572Z</time>
        <extensions><gpxtpx:TrackPointExtension><gpxtpx:hr>148</gpxtpx:hr></gpxtpx:TrackPointExtension></extensions>
      </trkpt>
      <trkpt lat="46.606871" lon="6.306690">
        <ele>1109.3</ele>
        <time>2026-09-06T07:47:03.687Z</time>
        <extensions><gpxtpx:TrackPointExtension><gpxtpx:hr>149</gpxtpx:hr></gpxtpx:TrackPointExtension></extensions>
      </trkpt>
      <trkpt lat="46.606941" lon="6.306147">
        <ele>1111.3</ele>
        <time>2026-09-06T07:47:13.856Z</time>
        <extensions><gpxtpx:TrackPointExtension><gpxtpx:hr>150</gpxtpx:hr></gpxtpx:TrackPointExtension></extensions>
      </trkpt>
      <trkpt lat="46.607005" lon="6.305600">
        <ele>1114.8</ele>
        <time>2026-09-06T07:47:24.081Z</time>
        <extensions><gpxtpx:TrackPointExtension><gpxtpx:hr>149</gpxtpx:hr></gpxtpx:TrackPointExtension></extensions>
      </trkpt>
      <trkpt lat="46.607062" lon="6.305050">
        <ele>1117.5</ele>
        <time>2026-09-06T07:47:34.363Z</time>
        <extensions><gpxtpx:TrackPointExtension><gpxtpx:hr>149</gpxtpx:hr></gpxtpx:TrackPointExtension></extensions>
      </trkpt>
      <trkpt lat="46.607113" lon="6.304495">
        <ele>1118.3</ele>
        <time>2026-09-06T07:47:44.705Z</time>
        <extensions><gpxtpx:TrackPointExtension><gpxtpx:hr>149</gpxtpx:hr></gpxtpx:TrackPointExtension></extensions>
      </trkpt>
      <trkpt lat="46.607158" lon="6.303936">
        <ele>1122.0</ele>
        <time>2026-09-06T07:47:55.108Z</time>
        <extensions><gpxtpx:TrackPointExtension><gpxtpx:hr>151</gpxtpx:hr></gpxtpx:TrackPointExtension></extensions>
      </trkpt>
      <trkpt lat="46.607197" lon="6.303374">
        <ele>1122.6</ele>
        <time>2026-09-06T07:48:05.575Z</time>
        <extensions><gpxtpx:TrackPointExtension><gpxtpx:hr>149</gpxtpx:hr></gpxtpx:TrackPointExtension></extensions>
      </trkpt>
      <trkpt lat="46.607229" lon="6.302807">
        <ele>1125.6</ele>
        <time>2026-09-06T07:48:16.106Z</time>
        <extensions><gpxtpx:TrackPointExtension><gpxtpx:hr>150</gpxtpx:hr></gpxtpx:TrackPointExtension></extensions>
      </trkpt>
      <trkpt lat="46.607254" lon="6.302237">
        <ele>1127.8</ele>
        <time>2026-09-06T07:48:26.705Z</time>
        <extensions><gpxtpx:TrackPointExtension><gpxtpx:hr>151</gpxtpx:hr></gpxtpx:TrackPointExtension></extensions>
      </trkpt>
      <trkpt lat="46.607272" lon="6.301664">
        <ele>1130.5</ele>
        <time>2026-09-06T07:48:37.372Z</time>
        <extensions><gpxtpx:TrackPointExtension><gpxtpx:hr>151</gpxtpx:hr></gpxtpx:TrackPointExtension></extensions>
      </trkpt>
      <trkpt lat="46.607284" lon="6.301087">
        <ele>1133.2</ele>
        <time>2026-09-06T07:48:48.109Z</time>
        <extensions><gpxtpx:TrackPointExtension><gpxtpx:hr>150</gpxtpx:hr></gpxtpx:TrackPointExtension></extensions>
      </trkpt>
      <trkpt lat="46.607289" lon="6.300506">
        <ele>1135.3</ele>
        <time>2026-09-06T07:48:58.919Z</time>
        <extensions><gpxtpx:TrackPointExtension><gpxtpx:hr>151</gpxtpx:hr></gpxtpx:TrackPointExtension></extensions>
      </trkpt>
      <trkpt lat="46.607286" lon="6.299922">
        <ele>1138.1</ele>
        <time>2026-09-06T07:49:09.803Z</time>
        <extensions><gpxtpx:TrackPointExtension><gpxtpx:hr>150</gpxtpx:hr></gpxtpx:TrackPointExtension></extensions>
      </trkpt>
      <trkpt lat="46.607277" lon="6.299334">
        <ele>1139.8</ele>
        <time>2026-09-06T07:49:20.761Z</time>
        <extensions><gpxtpx:TrackPointExtension><gpxtpx:hr>150</gpxtpx:hr></gpxtpx:TrackPointExtension></extensions>
      </trkpt>
      <trkpt lat="46.607261" lon="6.298744">
        <ele>1142.0</ele>
        <time>2026-09-06T07:49:31.796Z</time>
        <extensions><gpxtpx:TrackPointExtension><gpxtpx:hr>153</gpxtpx:hr></gpxtpx:TrackPointExtension></extensions>
      </trkpt>
      <trkpt lat="46.607237" lon="6.298150">
        <ele>1145.3</ele>
        <time>2026-09-06T07:49:42.910Z</time>
        <extensions><gpxtpx:TrackPointExtension><gpxtpx:hr>152</gpxtpx:hr></gpxtpx:TrackPointExtension></extensions>
      </trkpt>
      <trkpt lat="46.607207" lon="6.297554">
        <ele>1147.8</ele>
        <time>2026-09-06T07:49:54.102Z</time>
        <extensions><gpxtpx:TrackPointExtension><gpxtpx:hr>152</gpxtpx:hr></gpxtpx:TrackPointExtension></extensions>
      </trkpt>
      <trkpt lat="46.607169" lon="6.296954">
        <ele>1150.5</ele>
        <time>2026-09-06T07:50:05.375Z</time>
        <extensions><gpxtpx:TrackPointExtension><gpxtpx:hr>150</gpxtpx:hr></gpxtpx:TrackPointExtension></extensions>
      </trkpt>
      <trkpt lat="46.607124" lon="6.296352">
        <ele>1153.2</ele>
        <time>2026-09-06T07:50:16.730Z</time>
        <extensions><gpxtpx:TrackPointExtension><gpxtpx:hr>152</gpxtpx:hr></gpxtpx:TrackPointExtension></extensions>
      </trkpt>
      <trkpt lat="46.607071" lon="6.295747">
        <ele>1155.6</ele>
        <time>2026-09-06T07:50:28.167Z</time>
        <extensions><gpxtpx:TrackPointExtension><gpxtpx:hr>150</gpxtpx:hr></gpxtpx:TrackPointExtension></extensions>
      </trkpt>
      <trkpt lat="46.607011" lon="6.295140">
        <ele>1157.5</ele>
        <time>2026-09-06T07:50:39.687Z</time>
        <extensions><gpxtpx:TrackPointExtension><gpxtpx:hr>151</gpxtpx:hr></gpxtpx:TrackPointExtension></extensions>
      </trkpt>
      <trkpt lat="46.606944" lon="6.294531">
        <ele>1159.1</ele>
        <time>2026-09-06T07:50:51.291Z</time>
        <extensions><gpxtpx:TrackPointExtension><gpxtpx:hr>153</gpxtpx:hr></gpxtpx:TrackPointExtension></extensions>
      </trkpt>
      <trkpt lat="46.606870" lon="6.293919">
        <ele>1162.3</ele>
        <time>2026-09-06T07:51:02.980Z</time>
        <extensions><gpxtpx:TrackPointExtension><gpxtpx:hr>152</gpxtpx:hr></gpxtpx:TrackPointExtension></extensions>
      </trkpt>
      <trkpt lat="46.606788" lon="6.293305">
        <ele>1165.3</ele>
        <time>2026-09-06T07:51:14.753Z</time>
        <extensions><gpxtpx:TrackPointExtension><gpxtpx:hr>150</gpxtpx:hr></gpxtpx:TrackPointExtension></extensions>
      </trkpt>
      <trkpt lat="46.606699" lon="6.292690">
        <ele>1167.8</ele>
        <time>2026-09-06T07:51:26.612Z</time>
        <extensions><gpxtpx:TrackPointExtension><gpxtpx:hr>153</gpxtpx:hr></gpxtpx:TrackPointExtension></extensions>
      </trkpt>
      <trkpt lat="46.606603" lon="6.292072">
        <ele>1170.0</ele>
        <time>2026-09-06T07:51:38.556Z</time>
        <extensions><gpxtpx:TrackPointExtension><gpxtpx:hr>150</gpxtpx:hr></gpxtpx:TrackPointExtension></extensions>
      </trkpt>
      <trkpt lat="46.606499" lon="6.291453">
        <ele>1172.9</ele>
        <time>2026-09-06T07:51:50.585Z</time>
        <extensions><gpxtpx:TrackPointExtension><gpxtpx:hr>154</gpxtpx:hr></gpxtpx:TrackPointExtension></extensions>
      </trkpt>
      <trkpt lat="46.606388" lon="6.290833">
        <ele>1175.0</ele>
        <time>2026-09-06T07:52:02.699Z</time>
        <extensions><gpxtpx:TrackPointExtension><gpxtpx:hr>154</gpxtpx:hr></gpxtpx:TrackPointExtension></extensions>
      </trkpt>
      <trkpt lat="46.606270" lon="6.290212">
        <ele>1177.4</ele>
        <time>2026-09-06T07:52:14.898Z</time>
        <extensions><gpxtpx:TrackPointExtension><gpxtpx:hr>154</gpxtpx:hr></gpxtpx:TrackPointExtension></extensions>
      </trkpt>
      <trkpt lat="46.606145" lon="6.289589">
        <ele>1181.3</ele>
        <time>2026-09-06T07:52:27.181Z</time>
        <extensions><gpxtpx:TrackPointExtension><gpxtpx:hr>151</gpxtpx:hr></gpxtpx:TrackPointExtension></extensions>
      </trkpt>
      <trkpt lat="46.606012" lon="6.288966">
        <ele>1183.1</ele>
        <time>2026-09-06T07:52:39.548Z</time>
        <extensions><gpxtpx:TrackPointExtension><gpxtpx:hr>152</gpxtpx:hr></gpxtpx:TrackPointExtension></extensions>
      </trkpt>
      <trkpt lat="46.605873" lon="6.288342">
        <ele>1186.0</ele>
        <time>2026-09-06T07:52:51.997Z</time>
        <extensions><gpxtpx:TrackPointExtension><gpxtpx:hr>153</gpxtpx:hr></gpxtpx:TrackPointExtension></extensions>
      </trkpt>
      <trkpt lat="46.605726" lon="6.287717">
        <ele>1189.0</ele>
        <time>2026-09-06T07:53:04.528Z</time>
        <extensions><gpxtpx:TrackPointExtension><gpxtpx:hr>155</gpxtpx:hr></gpxtpx:TrackPointExtension></extensions>
      </trkpt>
      <trkpt lat="46.605572" lon="6.287092">
        <ele>1190.0</ele>
        <time>2026-09-06T07:53:17.139Z</time>
        <extensions><gpxtpx:TrackPointExtension><gpxtpx:hr>152</gpxtpx:hr></gpxtpx:TrackPointExtension></extensions>
      </trkpt>
      <trkpt lat="46.605412" lon="6.286467">
        <ele>1194.0</ele>
        <time>2026-09-06T07:53:29.830Z</time>
        <extensions><gpxtpx:TrackPointExtension><gpxtpx:hr>153</gpxtpx:hr></gpxtpx:TrackPointExtension></extensions>
      </trkpt>
      <trkpt lat="46.605244" lon="6.285842">
        <ele>1196.5</ele>
        <time>2026-09-06T07:53:42.598Z</time>
        <extensions><gpxtpx:TrackPointExtension><gpxtpx:hr>153</gpxtpx:hr></gpxtpx:TrackPointExtension></extensions>
      </trkpt>
      <trkpt lat="46.605070" lon="6.285217">
        <ele>1198.2</ele>
        <time>2026-09-06T07:53:55.442Z</time>
        <extensions><gpxtpx:TrackPointExtension><gpxtpx:hr>152</gpxtpx:hr></gpxtpx:TrackPointExtension></extensions>
      </trkpt>
      <trkpt lat="46.604889" lon="6.284593">
        <ele>1201.6</ele>
        <time>2026-09-06T07:54:08.360Z</time>
        <extensions><gpxtpx:TrackPointExtension><gpxtpx:hr>155</gpxtpx:hr></gpxtpx:TrackPointExtension></extensions>
      </trkpt>
      <trkpt lat="46.604702" lon="6.283969">
        <ele>1204.4</ele>
        <time>2026-09-06T07:54:21.350Z</time>
        <extensions><gpxtpx:TrackPointExtension><gpxtpx:hr>153</gpxtpx:hr></gpxtpx:TrackPointExtension></extensions>
      </trkpt>
      <trkpt lat="46.604508" lon="6.283346">
        <ele>1207.3</ele>
        <time>2026-09-06T07:54:34.410Z</time>
        <extensions><gpxtpx:TrackPointExtension><gpxtpx:hr>151</gpxtpx:hr></gpxtpx:TrackPointExtension></extensions>
      </trkpt>
      <trkpt lat="46.604308" lon="6.282724">
        <ele>1210.2</ele>
        <time>2026-09-06T07:54:47.537Z</time>
        <extensions><gpxtpx:TrackPointExtension><gpxtpx:hr>152</gpxtpx:hr></gpxtpx:TrackPointExtension></extensions>
      </trkpt>
      <trkpt lat="46.604101" lon="6.282103">
        <ele>1212.4</ele>
        <time>2026-09-06T07:55:00.729Z</time>
        <extensions><gpxtpx:TrackPointExtension><gpxtpx:hr>153</gpxtpx:hr></gpxtpx:TrackPointExtension></extensions>
      </trkpt>
      <trkpt lat="46.603888" lon="6.281483">
        <ele>1214.8</ele>
        <time>2026-09-06T07:55:13.983Z</time>
        <extensions><gpxtpx:TrackPointExtension><gpxtpx:hr>154</gpxtpx:hr></gpxtpx:TrackPointExtension></extensions>
      </trkpt>
      <trkpt lat="46.603670" lon="6.280865">
        <ele>1217.0</ele>
        <time>2026-09-06T07:55:27.297Z</time>
        <extensions><gpxtpx:TrackPointExtension><gpxtpx:hr>154</gpxtpx:hr></gpxtpx:TrackPointExtension></extensions>
      </trkpt>
      <trkpt lat="46.603445" lon="6.280249">
        <ele>1219.0</ele>
        <time>2026-09-06T07:55:40.667Z</time>
        <extensions><gpxtpx:TrackPointExtension><gpxtpx:hr>154</gpxtpx:hr></gpxtpx:TrackPointExtension></extensions>
      </trkpt>
      <trkpt lat="46.603215" lon="6.279634">
        <ele>1223.1</ele>
        <time>2026-09-06T07:55:54.091Z</time>
        <extensions><gpxtpx:TrackPointExtension><gpxtpx:hr>154</gpxtpx:hr></gpxtpx:TrackPointExtension></extensions>
      </trkpt>
      <trkpt lat="46.602980" lon="6.279022">
        <ele>1224.9</ele>
        <time>2026-09-06T07:56:07.564Z</time>
        <extensions><gpxtpx:TrackPointExtension><gpxtpx:hr>154</gpxtpx:hr></gpxtpx:TrackPointExtension></extensions>
      </trkpt>
      <trkpt lat="46.602738" lon="6.278412">
        <ele>1228.6</ele>
        <time>2026-09-06T07:56:21.084Z</time>
        <extensions><gpxtpx:TrackPointExtension><gpxtpx:hr>153</gpxtpx:hr></gpxtpx:TrackPointExtension></extensions>
      </trkpt>
      <trkpt lat="46.602492" lon="6.277804">
        <ele>1230.9</ele>
        <time>2026-09-06T07:56:34.646Z</time>
        <extensions><gpxtpx:TrackPointExtension><gpxtpx:hr>154</gpxtpx:hr></gpxtpx:TrackPointExtension></extensions>
      </trkpt>
      <trkpt lat="46.602241" lon="6.277199">
        <ele>1233.3</ele>
        <time>2026-09-06T07:56:48.248Z</time>
        <extensions><gpxtpx:TrackPointExtension><gpxtpx:hr>155</gpxtpx:hr></gpxtpx:TrackPointExtension></extensions>
      </trkpt>
      <trkpt lat="46.601984" lon="6.276596">
        <ele>1234.6</ele>
        <time>2026-09-06T07:57:01.884Z</time>
        <extensions><gpxtpx:TrackPointExtension><gpxtpx:hr>155</gpxtpx:hr></gpxtpx:TrackPointExtension></extensions>
      </trkpt>
      <trkpt lat="46.601723" lon="6.275997">
        <ele>1237.9</ele>
        <time>2026-09-06T07:57:15.552Z</time>
        <extensions><gpxtpx:TrackPointExtension><gpxtpx:hr>154</gpxtpx:hr></gpxtpx:TrackPointExtension></extensions>
      </trkpt>
      <trkpt lat="46.601458" lon="6.275401">
        <ele>1240.0</ele>
        <time>2026-09-06T07:57:29.247Z</time>
        <extensions><gpxtpx:TrackPointExtension><gpxtpx:hr>153</gpxtpx:hr></gpxtpx:TrackPointExtension></extensions>
      </trkpt>
      <trkpt lat="46.601188" lon="6.274808">
        <ele>1243.6</ele>
        <time>2026-09-06T07:57:42.964Z</time>
        <extensions><gpxtpx:TrackPointExtension><gpxtpx:hr>156</gpxtpx:hr></gpxtpx:TrackPointExtension></extensions>
      </trkpt>
      <trkpt lat="46.600913" lon="6.274218">
        <ele>1246.2</ele>
        <time>2026-09-06T07:57:56.700Z</time>
        <extensions><gpxtpx:TrackPointExtension><gpxtpx:hr>154</gpxtpx:hr></gpxtpx:TrackPointExtension></extensions>
      </trkpt>
      <trkpt lat="46.600635" lon="6.273632">
        <ele>1248.0</ele>
        <time>2026-09-06T07:58:10.450Z</time>
        <extensions><gpxtpx:TrackPointExtension><gpxtpx:hr>154</gpxtpx:hr></gpxtpx:TrackPointExtension></extensions>
      </trkpt>
      <trkpt lat="46.600354" lon="6.273050">
        <ele>1251.8</ele>
        <time>2026-09-06T07:58:24.208Z</time>
        <extensions><gpxtpx:TrackPointExtension><gpxtpx:hr>154</gpxtpx:hr></gpxtpx:TrackPointExtension></extensions>
      </trkpt>
      <trkpt lat="46.600068" lon="6.272472">
        <ele>1252.4</ele>
        <time>2026-09-06T07:58:37.972Z</time>
        <extensions><gpxtpx:TrackPointExtension><gpxtpx:hr>154</gpxtpx:hr></gpxtpx:TrackPointExtension></extensions>
      </trkpt>
      <trkpt lat="46.599779" lon="6.271898">
        <ele>1255.7</ele>
        <time>2026-09-06T07:58:51.734Z</time>
        <extensions><gpxtpx:TrackPointExtension><gpxtpx:hr>155</gpxtpx:hr></gpxtpx:TrackPointExtension></extensions>
      </trkpt>
      <trkpt lat="46.599487" lon="6.271328">
        <ele>1258.3</ele>
        <time>2026-09-06T07:59:05.492Z</time>
        <extensions><gpxtpx:TrackPointExtension><gpxtpx:hr>154</gpxtpx:hr></gpxtpx:TrackPointExtension></extensions>
      </trkpt>
      <trkpt lat="46.599193" lon="6.270763">
        <ele>1261.5</ele>
        <time>2026-09-06T07:59:19.239Z</time>
        <extensions><gpxtpx:TrackPointExtension><gpxtpx:hr>153</gpxtpx:hr></gpxtpx:TrackPointExtension></extensions>
      </trkpt>
      <trkpt lat="46.598895" lon="6.270202">
        <ele>1262.3</ele>
        <time>2026-09-06T07:59:32.971Z</time>
        <extensions><gpxtpx:TrackPointExtension><gpxtpx:hr>153</gpxtpx:hr></gpxtpx:TrackPointExtension></extensions>
      </trkpt>
      <trkpt lat="46.598595" lon="6.269646">
        <ele>1264.9</ele>
        <time>2026-09-06T07:59:46.682Z</time>
        <extensions><gpxtpx:TrackPointExtension><gpxtpx:hr>154</gpxtpx:hr></gpxtpx:TrackPointExtension></extensions>
      </trkpt>
      <trkpt lat="46.598293" lon="6.269094">
        <ele>1267.1</ele>
        <time>2026-09-06T08:00:00.367Z</time>
        <extensions><gpxtpx:TrackPointExtension><gpxtpx:hr>156</gpxtpx:hr></gpxtpx:TrackPointExtension></extensions>
      </trkpt>
      <trkpt lat="46.597989" lon="6.268548">
        <ele>1270.1</ele>
        <time>2026-09-06T08:00:14.022Z</time>
        <extensions><gpxtpx:TrackPointExtension><gpxtpx:hr>154</gpxtpx:hr></gpxtpx:TrackPointExtension></extensions>
      </trkpt>
      <trkpt lat="46.597683" lon="6.268006">
        <ele>1272.0</ele>
        <time>2026-09-06T08:00:27.639Z</time>
        <extensions><gpxtpx:TrackPointExtension><gpxtpx:hr>154</gpxtpx:hr></gpxtpx:TrackPointExtension></extensions>
      </trkpt>
      <trkpt lat="46.597376" lon="6.267469">
        <ele>1275.5</ele>
        <time>2026-09-06T08:00:41.215Z</time>
        <extensions><gpxtpx:TrackPointExtension><gpxtpx:hr>156</gpxtpx:hr></gpxtpx:TrackPointExtension></extensions>
      </trkpt>
      <trkpt lat="46.597067" lon="6.266938">
        <ele>1276.4</ele>
        <time>2026-09-06T08:00:54.744Z</time>
        <extensions><gpxtpx:TrackPointExtension><gpxtpx:hr>153</gpxtpx:hr></gpxtpx:TrackPointExtension></extensions>
      </trkpt>
      <trkpt lat="46.596757" lon="6.266412">
        <ele>1278.7</ele>
        <time>2026-09-06T08:01:08.220Z</time>
        <extensions><gpxtpx:TrackPointExtension><gpxtpx:hr>155</gpxtpx:hr></gpxtpx:TrackPointExtension></extensions>
      </trkpt>
      <trkpt lat="46.596447" lon="6.265891">
        <ele>1281.6</ele>
        <time>2026-09-06T08:01:21.638Z</time>
        <extensions><gpxtpx:TrackPointExtension><gpxtpx:hr>154</gpxtpx:hr></gpxtpx:TrackPointExtension></extensions>
      </trkpt>
      <trkpt lat="46.596136" lon="6.265376">
        <ele>1283.4</ele>
        <time>2026-09-06T08:01:34.992Z</time>
        <extensions><gpxtpx:TrackPointExtension><gpxtpx:hr>154</gpxtpx:hr></gpxtpx:TrackPointExtension></extensions>
      </trkpt>
      <trkpt lat="46.595824" lon="6.264866">
        <ele>1286.9</ele>
        <time>2026-09-06T08:01:48.277Z</time>
        <extensions><gpxtpx:TrackPointExtension><gpxtpx:hr>154</gpxtpx:hr></gpxtpx:TrackPointExtension></extensions>
      </trkpt>
      <trkpt lat="46.595513" lon="6.264362">
        <ele>1289.4</ele>
        <time>2026-09-06T08:02:01.487Z</time>
        <extensions><gpxtpx:TrackPointExtension><gpxtpx:hr>155</gpxtpx:hr></gpxtpx:TrackPointExtension></extensions>
      </trkpt>
      <trkpt lat="46.595202" lon="6.263864">
        <ele>1291.4</ele>
        <time>2026-09-06T08:02:14.617Z</time>
        <extensions><gpxtpx:TrackPointExtension><gpxtpx:hr>157</gpxtpx:hr></gpxtpx:TrackPointExtension></extensions>
      </trkpt>
      <trkpt lat="46.594891" lon="6.263371">
        <ele>1292.3</ele>
        <time>2026-09-06T08:02:27.661Z</time>
        <extensions><gpxtpx:TrackPointExtension><gpxtpx:hr>157</gpxtpx:hr></gpxtpx:TrackPointExtension></extensions>
      </trkpt>
      <trkpt lat="46.594581" lon="6.262885">
        <ele>1294.9</ele>
        <time>2026-09-06T08:02:40.614Z</time>
        <extensions><gpxtpx:TrackPointExtension><gpxtpx:hr>156</gpxtpx:hr></gpxtpx:TrackPointExtension></extensions>
      </trkpt>
      <trkpt lat="46.594273" lon="6.262404">
        <ele>1297.8</ele>
        <time>2026-09-06T08:02:53.470Z</time>
        <extensions><gpxtpx:TrackPointExtension><gpxtpx:hr>153</gpxtpx:hr></gpxtpx:TrackPointExtension></extensions>
      </trkpt>
      <trkpt lat="46.593965" lon="6.261928">
        <ele>1298.2</ele>
        <time>2026-09-06T08:03:06.223Z</time>
        <extensions><gpxtpx:TrackPointExtension><gpxtpx:hr>157</gpxtpx:hr></gpxtpx:TrackPointExtension></extensions>
      </trkpt>
      <trkpt lat="46.593659" lon="6.261459">
        <ele>1300.8</ele>
        <time>2026-09-06T08:03:18.869Z</time>
        <extensions><gpxtpx:TrackPointExtension><gpxtpx:hr>154</gpxtpx:hr></gpxtpx:TrackPointExtension></extensions>
      </trkpt>
      <trkpt lat="46.593354" lon="6.260996">
        <ele>1303.5</ele>
        <time>2026-09-06T08:03:31.403Z</time>
        <extensions><gpxtpx:TrackPointExtension><gpxtpx:hr>155</gpxtpx:hr></gpxtpx:TrackPointExtension></extensions>
      </trkpt>
      <trkpt lat="46.593052" lon="6.260539">
        <ele>1304.1</ele>
        <time>2026-09-06T08:03:43.817Z</time>
        <extensions><gpxtpx:TrackPointExtension><gpxtpx:hr>154</gpxtpx:hr></gpxtpx:TrackPointExtension></extensions>
      </trkpt>
      <trkpt lat="46.592752" lon="6.260087">
        <ele>1307.7</ele>
        <time>2026-09-06T08:03:56.109Z</time>
        <extensions><gpxtpx:TrackPointExtension><gpxtpx:hr>154</gpxtpx:hr></gpxtpx:TrackPointExtension></extensions>
      </trkpt>
      <trkpt lat="46.592454" lon="6.259642">
        <ele>1308.2</ele>
        <time>2026-09-06T08:04:08.272Z</time>
        <extensions><gpxtpx:TrackPointExtension><gpxtpx:hr>154</gpxtpx:hr></gpxtpx:TrackPointExtension></extensions>
      </trkpt>
      <trkpt lat="46.592159" lon="6.259202">
        <ele>1311.5</ele>
        <time>2026-09-06T08:04:20.301Z</time>
        <extensions><gpxtpx:TrackPointExtension><gpxtpx:hr>156</gpxtpx:hr></gpxtpx:TrackPointExtension></extensions>
      </trkpt>
      <trkpt lat="46.591867" lon="6.258768">
        <ele>1312.5</ele>
        <time>2026-09-06T08:04:32.192Z</time>
        <extensions><gpxtpx:TrackPointExtension><gpxtpx:hr>155</gpxtpx:hr></gpxtpx:TrackPointExtension></extensions>
      </trkpt>
      <trkpt lat="46.591578" lon="6.258341">
        <ele>1314.6</ele>
        <time>2026-09-06T08:04:43.939Z</time>
        <extensions><gpxtpx:TrackPointExtension><gpxtpx:hr>154</gpxtpx:hr></gpxtpx:TrackPointExtension></extensions>
      </trkpt>
      <trkpt lat="46.591293" lon="6.257919">
        <ele>1315.9</ele>
        <time>2026-09-06T08:04:55.539Z</time>
        <extensions><gpxtpx:TrackPointExtension><gpxtpx:hr>155</gpxtpx:hr></gpxtpx:TrackPointExtension></extensions>
      </trkpt>
      <trkpt lat="46.591012" lon="6.257503">
        <ele>1317.6</ele>
        <time>2026-09-06T08:05:06.985Z</time>
        <extensions><gpxtpx:TrackPointExtension><gpxtpx:hr>155</gpxtpx:hr></gpxtpx:TrackPointExtension></extensions>
      </trkpt>
      <trkpt lat="46.590734" lon="6.257093">
        <ele>1319.6</ele>
        <time>2026-09-06T08:05:18.275Z</time>
        <extensions><gpxtpx:TrackPointExtension><gpxtpx:hr>156</gpxtpx:hr></gpxtpx:TrackPointExtension></extensions>
      </trkpt>
      <trkpt lat="46.590461" lon="6.256688">
        <ele>1320.9</ele>
        <time>2026-09-06T08:05:29.404Z</time>
        <extensions><gpxtpx:TrackPointExtension><gpxtpx:hr>154</gpxtpx:hr></gpxtpx:TrackPointExtension></extensions>
      </trkpt>
      <trkpt lat="46.590192" lon="6.256289">
        <ele>1322.9</ele>
        <time>2026-09-06T08:05:40.367Z</time>
        <extensions><gpxtpx:TrackPointExtension><gpxtpx:hr>157</gpxtpx:hr></gpxtpx:TrackPointExtension></extensions>
      </trkpt>
      <trkpt lat="46.589928" lon="6.255896">
        <ele>1323.4</ele>
        <time>2026-09-06T08:05:51.162Z</time>
        <extensions><gpxtpx:TrackPointExtension><gpxtpx:hr>154</gpxtpx:hr></gpxtpx:TrackPointExtension></extensions>
      </trkpt>
      <trkpt lat="46.589669" lon="6.255508">
        <ele>1325.9</ele>
        <time>2026-09-06T08:06:01.783Z</time>
        <extensions><gpxtpx:TrackPointExtension><gpxtpx:hr>158</gpxtpx:hr></gpxtpx:TrackPointExtension></extensions>
      </trkpt>
      <trkpt lat="46.589415" lon="6.255126">
        <ele>1328.1</ele>
        <time>2026-09-06T08:06:12.228Z</time>
        <extensions><gpxtpx:TrackPointExtension><gpxtpx:hr>157</gpxtpx:hr></gpxtpx:TrackPointExtension></extensions>
      </trkpt>
      <trkpt lat="46.589166" lon="6.254749">
        <ele>1329.3</ele>
        <time>2026-09-06T08:06:22.493Z</time>
        <extensions><gpxtpx:TrackPointExtension><gpxtpx:hr>157</gpxtpx:hr></gpxtpx:TrackPointExtension></extensions>
      </trkpt>
      <trkpt lat="46.588923" lon="6.254378">
        <ele>1329.2</ele>
        <time>2026-09-06T08:06:32.576Z</time>
        <extensions><gpxtpx:TrackPointExtension><gpxtpx:hr>157</gpxtpx:hr></gpxtpx:TrackPointExtension></extensions>
      </trkpt>
      <trkpt lat="46.588686" lon="6.254012">
        <ele>1331.3</ele>
        <time>2026-09-06T08:06:42.473Z</time>
        <extensions><gpxtpx:TrackPointExtension><gpxtpx:hr>156</gpxtpx:hr></gpxtpx:TrackPointExtension></extensions>
      </trkpt>
      <trkpt lat="46.588454" lon="6.253650">
        <ele>1331.7</ele>
        <time>2026-09-06T08:06:52.183Z</time>
        <extensions><gpxtpx:TrackPointExtension><gpxtpx:hr>155</gpxtpx:hr></gpxtpx:TrackPointExtension></extensions>
      </trkpt>
      <trkpt lat="46.588229" lon="6.253294">
        <ele>1334.1</ele>
        <time>2026-09-06T08:07:01.703Z</time>
        <extensions><gpxtpx:TrackPointExtension><gpxtpx:hr>154</gpxtpx:hr></gpxtpx:TrackPointExtension></extensions>
      </trkpt>
      <trkpt lat="46.588010" lon="6.252943">
        <ele>1334.6</ele>
        <time>2026-09-06T08:07:11.031Z</time>
        <extensions><gpxtpx:TrackPointExtension><gpxtpx:hr>156</gpxtpx:hr></gpxtpx:TrackPointExtension></extensions>
      </trkpt>
      <trkpt lat="46.587798" lon="6.252596">
        <ele>1335.5</ele>
        <time>2026-09-06T08:07:20.166Z</time>
        <extensions><gpxtpx:TrackPointExtension><gpxtpx:hr>156</gpxtpx:hr></gpxtpx:TrackPointExtension></extensions>
      </trkpt>
      <trkpt lat="46.587593" lon="6.252254">
        <ele>1337.9</ele>
        <time>2026-09-06T08:07:29.107Z</time>
        <extensions><gpxtpx:TrackPointExtension><gpxtpx:hr>155</gpxtpx:hr></gpxtpx:TrackPointExtension></extensions>
      </trkpt>
      <trkpt lat="46.587394" lon="6.251916">
        <ele>1338.3</ele>
        <time>2026-09-06T08:07:37.853Z</time>
        <extensions><gpxtpx:TrackPointExtension><gpxtpx:hr>155</gpxtpx:hr></gpxtpx:TrackPointExtension></extensions>
      </trkpt>
      <trkpt lat="46.587203" lon="6.251583">
        <ele>1338.4</ele>
        <time>2026-09-06T08:07:46.404Z</time>
        <extensions><gpxtpx:TrackPointExtension><gpxtpx:hr>155</gpxtpx:hr></gpxtpx:TrackPointExtension></extensions>
      </trkpt>
      <trkpt lat="46.587019" lon="6.251254">
        <ele>1340.2</ele>
        <time>2026-09-06T08:07:54.760Z</time>
        <extensions><gpxtpx:TrackPointExtension><gpxtpx:hr>154</gpxtpx:hr></gpxtpx:TrackPointExtension></extensions>
      </trkpt>
      <trkpt lat="46.586842" lon="6.250929">
        <ele>1340.4</ele>
        <time>2026-09-06T08:08:02.922Z</time>
        <extensions><gpxtpx:TrackPointExtension><gpxtpx:hr>154</gpxtpx:hr></gpxtpx:TrackPointExtension></extensions>
      </trkpt>
      <trkpt lat="46.586673" lon="6.250608">
        <ele>1342.1</ele>
        <time>2026-09-06T08:08:10.892Z</time>
        <extensions><gpxtpx:TrackPointExtension><gpxtpx:hr>158</gpxtpx:hr></gpxtpx:TrackPointExtension></extensions>
      </trkpt>
      <trkpt lat="46.586512" lon="6.250290">
        <ele>1343.9</ele>
        <time>2026-09-06T08:08:18.670Z</time>
        <extensions><gpxtpx:TrackPointExtension><gpxtpx:hr>157</gpxtpx:hr></gpxtpx:TrackPointExtension></extensions>
      </trkpt>
      <trkpt lat="46.586358" lon="6.249976">
        <ele>1343.5</ele>
        <time>2026-09-06T08:08:26.261Z</time>
        <extensions><gpxtpx:TrackPointExtension><gpxtpx:hr>157</gpxtpx:hr></gpxtpx:TrackPointExtension></extensions>
      </trkpt>
      <trkpt lat="46.586213" lon="6.249665">
        <ele>1344.3</ele>
        <time>2026-09-06T08:08:33.666Z</time>
        <extensions><gpxtpx:TrackPointExtension><gpxtpx:hr>155</gpxtpx:hr></gpxtpx:TrackPointExtension></extensions>
      </trkpt>
      <trkpt lat="46.586076" lon="6.249358">
        <ele>1345.8</ele>
        <time>2026-09-06T08:08:40.890Z</time>
        <extensions><gpxtpx:TrackPointExtension><gpxtpx:hr>156</gpxtpx:hr></gpxtpx:TrackPointExtension></extensions>
      </trkpt>
      <trkpt lat="46.585947" lon="6.249054">
        <ele>1346.5</ele>
        <time>2026-09-06T08:08:47.938Z</time>
        <extensions><gpxtpx:TrackPointExtension><gpxtpx:hr>154</gpxtpx:hr></gpxtpx:TrackPointExtension></extensions>
      </trkpt>
      <trkpt lat="46.585826" lon="6.248752">
        <ele>1345.7</ele>
        <time>2026-09-06T08:08:54.815Z</time>
        <extensions><gpxtpx:TrackPointExtension><gpxtpx:hr>157</gpxtpx:hr></gpxtpx:TrackPointExtension></extensions>
      </trkpt>
      <trkpt lat="46.585714" lon="6.248453">
        <ele>1346.8</ele>
        <time>2026-09-06T08:09:01.527Z</time>
        <extensions><gpxtpx:TrackPointExtension><gpxtpx:hr>157</gpxtpx:hr></gpxtpx:TrackPointExtension></extensions>
      </trkpt>
      <trkpt lat="46.585610" lon="6.248157">
        <ele>1347.5</ele>
        <time>2026-09-06T08:09:08.083Z</time>
        <extensions><gpxtpx:TrackPointExtension><gpxtpx:hr>157</gpxtpx:hr></gpxtpx:TrackPointExtension></extensions>
      </trkpt>
      <trkpt lat="46.585516" lon="6.247862">
        <ele>1347.5</ele>
        <time>2026-09-06T08:09:14.489Z</time>
        <extensions><gpxtpx:TrackPointExtension><gpxtpx:hr>155</gpxtpx:hr></gpxtpx:TrackPointExtension></extensions>
      </trkpt>
      <trkpt lat="46.585430" lon="6.247570">
        <ele>1349.3</ele>
        <time>2026-09-06T08:09:20.755Z</time>
        <extensions><gpxtpx:TrackPointExtension><gpxtpx:hr>154</gpxtpx:hr></gpxtpx:TrackPointExtension></extensions>
      </trkpt>
      <trkpt lat="46.585352" lon="6.247280">
        <ele>1349.1</ele>
        <time>2026-09-06T08:09:26.892Z</time>
        <extensions><gpxtpx:TrackPointExtension><gpxtpx:hr>157</gpxtpx:hr></gpxtpx:TrackPointExtension></extensions>
      </trkpt>
      <trkpt lat="46.585284" lon="6.246991">
        <ele>1348.4</ele>
        <time>2026-09-06T08:09:32.911Z</time>
        <extensions><gpxtpx:TrackPointExtension><gpxtpx:hr>156</gpxtpx:hr></gpxtpx:TrackPointExtension></extensions>
      </trkpt>
      <trkpt lat="46.585225" lon="6.246704">
        <ele>1350.0</ele>
        <time>2026-09-06T08:09:38.823Z</time>
        <extensions><gpxtpx:TrackPointExtension><gpxtpx:hr>157</gpxtpx:hr></gpxtpx:TrackPointExtension></extensions>
      </trkpt>
      <trkpt lat="46.585175" lon="6.246418">
        <ele>1349.9</ele>
        <time>2026-09-06T08:09:44.642Z</time>
        <extensions><gpxtpx:TrackPointExtension><gpxtpx:hr>156</gpxtpx:hr></gpxtpx:TrackPointExtension></extensions>
      </trkpt>
      <trkpt lat="46.585133" lon="6.246133">
        <ele>1349.6</ele>
        <time>2026-09-06T08:09:50.382Z</time>
        <extensions><gpxtpx:TrackPointExtension><gpxtpx:hr>155</gpxtpx:hr></gpxtpx:TrackPointExtension></extensions>
      </trkpt>
      <trkpt lat="46.585101" lon="6.245849">
        <ele>1349.7</ele>
        <time>2026-09-06T08:09:56.057Z</time>
        <extensions><gpxtpx:TrackPointExtension><gpxtpx:hr>157</gpxtpx:hr></gpxtpx:TrackPointExtension></extensions>
      </trkpt>
      <trkpt lat="46.585078" lon="6.245566">
        <ele>1349.7</ele>
        <time>2026-09-06T08:10:01.684Z</time>
        <extensions><gpxtpx:TrackPointExtension><gpxtpx:hr>157</gpxtpx:hr></gpxtpx:TrackPointExtension></extensions>
      </trkpt>
      <trkpt lat="46.585065" lon="6.245283">
        <ele>1349.5</ele>
        <time>2026-09-06T08:10:07.277Z</time>
        <extensions><gpxtpx:TrackPointExtension><gpxtpx:hr>156</gpxtpx:hr></gpxtpx:TrackPointExtension></extensions>
      </trkpt>
      <trkpt lat="46.585060" lon="6.245000">
        <ele>1348.8</ele>
        <time>2026-09-06T08:10:12.853Z</time>
        <extensions><gpxtpx:TrackPointExtension><gpxtpx:hr>156</gpxtpx:hr></gpxtpx:TrackPointExtension></extensions>
      </trkpt>
      <trkpt lat="46.585065" lon="6.244717">
        <ele>1350.4</ele>
        <time>2026-09-06T08:10:18.429Z</time>
        <extensions><gpxtpx:TrackPointExtension><gpxtpx:hr>157</gpxtpx:hr></gpxtpx:TrackPointExtension></extensions>
      </trkpt>
      <trkpt lat="46.585078" lon="6.244434">
        <ele>1348.9</ele>
        <time>2026-09-06T08:10:24.022Z</time>
        <extensions><gpxtpx:TrackPointExtension><gpxtpx:hr>156</gpxtpx:hr></gpxtpx:TrackPointExtension></extensions>
      </trkpt>
      <trkpt lat="46.585101" lon="6.244151">
        <ele>1349.4</ele>
        <time>2026-09-06T08:10:29.647Z</time>
        <extensions><gpxtpx:TrackPointExtension><gpxtpx:hr>157</gpxtpx:hr></gpxtpx:TrackPointExtension></extensions>
      </trkpt>
      <trkpt lat="46.585133" lon="6.243867">
        <ele>1349.1</ele>
        <time>2026-09-06T08:10:35.320Z</time>
        <extensions><gpxtpx:TrackPointExtension><gpxtpx:hr>156</gpxtpx:hr></gpxtpx:TrackPointExtension></extensions>
      </trkpt>
      <trkpt lat="46.585175" lon="6.243582">
        <ele>1349.7</ele>
        <time>2026-09-06T08:10:41.058Z</time>
        <extensions><gpxtpx:TrackPointExtension><gpxtpx:hr>156</gpxtpx:hr></gpxtpx:TrackPointExtension></extensions>
      </trkpt>
      <trkpt lat="46.585225" lon="6.243296">
        <ele>1349.0</ele>
        <time>2026-09-06T08:10:46.874Z</time>
        <extensions><gpxtpx:TrackPointExtension><gpxtpx:hr>155</gpxtpx:hr></gpxtpx:TrackPointExtension></extensions>
      </trkpt>
      <trkpt lat="46.585284" lon="6.243009">
        <ele>1347.8</ele>
        <time>2026-09-06T08:10:52.782Z</time>
        <extensions><gpxtpx:TrackPointExtension><gpxtpx:hr>157</gpxtpx:hr></gpxtpx:TrackPointExtension></extensions>
      </trkpt>
      <trkpt lat="46.585352" lon="6.242720">
        <ele>1347.6</ele>
        <time>2026-09-06T08:10:58.796Z</time>
        <extensions><gpxtpx:TrackPointExtension><gpxtpx:hr>155</gpxtpx:hr></gpxtpx:TrackPointExtension></extensions>
      </trkpt>
      <trkpt lat="46.585430" lon="6.242430">
        <ele>1347.5</ele>
        <time>2026-09-06T08:11:04.928Z</time>
        <extensions><gpxtpx:TrackPointExtension><gpxtpx:hr>157</gpxtpx:hr></gpxtpx:TrackPointExtension></extensions>
      </trkpt>
      <trkpt lat="46.585516" lon="6.242138">
        <ele>1347.5</ele>
        <time>2026-09-06T08:11:11.189Z</time>
        <extensions><gpxtpx:TrackPointExtension><gpxtpx:hr>156</gpxtpx:hr></gpxtpx:TrackPointExtension></extensions>
      </trkpt>
      <trkpt lat="46.585610" lon="6.241843">
        <ele>1346.4</ele>
        <time>2026-09-06T08:11:17.588Z</time>
        <extensions><gpxtpx:TrackPointExtension><gpxtpx:hr>155</gpxtpx:hr></gpxtpx:TrackPointExtension></extensions>
      </trkpt>
      <trkpt lat="46.585714" lon="6.241547">
        <ele>1346.2</ele>
        <time>2026-09-06T08:11:24.136Z</time>
        <extensions><gpxtpx:TrackPointExtension><gpxtpx:hr>157</gpxtpx:hr></gpxtpx:TrackPointExtension></extensions>
      </trkpt>
      <trkpt lat="46.585826" lon="6.241248">
        <ele>1345.6</ele>
        <time>2026-09-06T08:11:30.841Z</time>
        <extensions><gpxtpx:TrackPointExtension><gpxtpx:hr>157</gpxtpx:hr></gpxtpx:TrackPointExtension></extensions>
      </trkpt>
      <trkpt lat="46.585947" lon="6.240946">
        <ele>1343.7</ele>
        <time>2026-09-06T08:11:37.709Z</time>
        <extensions><gpxtpx:TrackPointExtension><gpxtpx:hr>155</gpxtpx:hr></gpxtpx:TrackPointExtension></extensions>
      </trkpt>
      <trkpt lat="46.586076" lon="6.240642">
        <ele>1342.8</ele>
        <time>2026-09-06T08:11:44.747Z</time>
        <extensions><gpxtpx:TrackPointExtension><gpxtpx:hr>158</gpxtpx:hr></gpxtpx:TrackPointExtension></extensions>
      </trkpt>
      <trkpt lat="46.586213" lon="6.240335">
        <ele>1341.4</ele>
        <time>2026-09-06T08:11:51.960Z</time>
        <extensions><gpxtpx:TrackPointExtension><gpxtpx:hr>155</gpxtpx:hr></gpxtpx:TrackPointExtension></extensions>
      </trkpt>
      <trkpt lat="46.586358" lon="6.240024">
        <ele>1341.6</ele>
        <time>2026-09-06T08:11:59.354Z</time>
        <extensions><gpxtpx:TrackPointExtension><gpxtpx:hr>154</gpxtpx:hr></gpxtpx:TrackPointExtension></extensions>
      </trkpt>
      <trkpt lat="46.586512" lon="6.239710">
        <ele>1340.2</ele>
        <time>2026-09-06T08:12:06.932Z</time>
        <extensions><gpxtpx:TrackPointExtension><gpxtpx:hr>155</gpxtpx:hr></gpxtpx:TrackPointExtension></extensions>
      </trkpt>
      <trkpt lat="46.586673" lon="6.239392">
        <ele>1339.0</ele>
        <time>2026-09-06T08:12:14.696Z</time>
        <extensions><gpxtpx:TrackPointExtension><gpxtpx:hr>154</gpxtpx:hr></gpxtpx:TrackPointExtension></extensions>
      </trkpt>
      <trkpt lat="46.586842" lon="6.239071">
        <ele>1338.0</ele>
        <time>2026-09-06T08:12:22.651Z</time>
        <extensions><gpxtpx:TrackPointExtension><gpxtpx:hr>157</gpxtpx:hr></gpxtpx:TrackPointExtension></extensions>
      </trkpt>
      <trkpt lat="46.587019" lon="6.238746">
        <ele>1337.7</ele>
        <time>2026-09-06T08:12:30.797Z</time>
        <extensions><gpxtpx:TrackPointExtension><gpxtpx:hr>155</gpxtpx:hr></gpxtpx:TrackPointExtension></extensions>
      </trkpt>
      <trkpt lat="46.587203" lon="6.238417">
        <ele>1335.4</ele>
        <time>2026-09-06T08:12:39.136Z</time>
        <extensions><gpxtpx:TrackPointExtension><gpxtpx:hr>158</gpxtpx:hr></gpxtpx:TrackPointExtension></extensions>
      </trkpt>
      <trkpt lat="46.587394" lon="6.238084">
        <ele>1334.9</ele>
        <time>2026-09-06T08:12:47.668Z</time>
        <extensions><gpxtpx:TrackPointExtension><gpxtpx:hr>154</gpxtpx:hr></gpxtpx:TrackPointExtension></extensions>
      </trkpt>
      <trkpt lat="46.587593" lon="6.237746">
        <ele>1334.5</ele>
        <time>2026-09-06T08:12:56.394Z</time>
        <extensions><gpxtpx:TrackPointExtension><gpxtpx:hr>157</gpxtpx:hr></gpxtpx:TrackPointExtension></extensions>
      </trkpt>
      <trkpt lat="46.587798" lon="6.237404">
        <ele>1332.3</ele>
        <time>2026-09-06T08:13:05.314Z</time>
        <extensions><gpxtpx:TrackPointExtension><gpxtpx:hr>157</gpxtpx:hr></gpxtpx:TrackPointExtension></extensions>
      </trkpt>
      <trkpt lat="46.588010" lon="6.237057">
        <ele>1331.1</ele>
        <time>2026-09-06T08:13:14.426Z</time>
        <extensions><gpxtpx:TrackPointExtension><gpxtpx:hr>157</gpxtpx:hr></gpxtpx:TrackPointExtension></extensions>
      </trkpt>
      <trkpt lat="46.588229" lon="6.236706">
        <ele>1329.7</ele>
        <time>2026-09-06T08:13:23.731Z</time>
        <extensions><gpxtpx:TrackPointExtension><gpxtpx:hr>156</gpxtpx:hr></gpxtpx:TrackPointExtension></extensions>
      </trkpt>
      <trkpt lat="46.588454" lon="6.236350">
        <ele>1329.5</ele>
        <time>2026-09-06T08:13:33.225Z</time>
        <extensions><gpxtpx:TrackPointExtension><gpxtpx:hr>155</gpxtpx:hr></gpxtpx:TrackPointExtension></extensions>
      </trkpt>
      <trkpt lat="46.588686" lon="6.235988">
        <ele>1328.0</ele>
        <time>2026-09-06T08:13:42.908Z</time>
        <extensions><gpxtpx:TrackPointExtension><gpxtpx:hr>157</gpxtpx:hr></gpxtpx:TrackPointExtension></extensions>
      </trkpt>
      <trkpt lat="46.588923" lon="6.235622">
        <ele>1325.2</ele>
        <time>2026-09-06T08:13:52.778Z</time>
        <extensions><gpxtpx:TrackPointExtension><gpxtpx:hr>155</gpxtpx:hr></gpxtpx:TrackPointExtension></extensions>
      </trkpt>
      <trkpt lat="46.589166" lon="6.235251">
        <ele>1324.5</ele>
        <time>2026-09-06T08:14:02.831Z</time>
        <extensions><gpxtpx:TrackPointExtension><gpxtpx:hr>154</gpxtpx:hr></gpxtpx:TrackPointExtension></extensions>
      </trkpt>
      <trkpt lat="46.589415" lon="6.234874">
        <ele>1322.6</ele>
        <time>2026-09-06T08:14:13.065Z</time>
        <extensions><gpxtpx:TrackPointExtension><gpxtpx:hr>156</gpxtpx:hr></gpxtpx:TrackPointExtension></extensions>
      </trkpt>
      <trkpt lat="46.589669" lon="6.234492">
        <ele>1320.5</ele>
        <time>2026-09-06T08:14:23.478Z</time>
        <extensions><gpxtpx:TrackPointExtension><gpxtpx:hr>155</gpxtpx:hr></gpxtpx:TrackPointExtension></extensions>
      </trkpt>
      <trkpt lat="46.589928" lon="6.234104">
        <ele>1318.7</ele>
        <time>2026-09-06T08:14:34.065Z</time>
        <extensions><gpxtpx:TrackPointExtension><gpxtpx:hr>155</gpxtpx:hr></gpxtpx:TrackPointExtension></extensions>
      </trkpt>
      <trkpt lat="46.590192" lon="6.233711">
        <ele>1318.5</ele>
        <time>2026-09-06T08:14:44.823Z</time>
        <extensions><gpxtpx:TrackPointExtension><gpxtpx:hr>156</gpxtpx:hr></gpxtpx:TrackPointExtension></extensions>
      </trkpt>
      <trkpt lat="46.590461" lon="6.233312">
        <ele>1316.2</ele>
        <time>2026-09-06T08:14:55.749Z</time>
        <extensions><gpxtpx:TrackPointExtension><gpxtpx:hr>154</gpxtpx:hr></gpxtpx:TrackPointExtension></extensions>
      </trkpt>
      <trkpt lat="46.590734" lon="6.232907">
        <ele>1314.8</ele>
        <time>2026-09-06T08:15:06.839Z</time>
        <extensions><gpxtpx:TrackPointExtension><gpxtpx:hr>153</gpxtpx:hr></gpxtpx:TrackPointExtension></extensions>
      </trkpt>
      <trkpt lat="46.591012" lon="6.232497">
        <ele>1313.6</ele>
        <time>2026-09-06T08:15:18.088Z</time>
        <extensions><gpxtpx:TrackPointExtension><gpxtpx:hr>154</gpxtpx:hr></gpxtpx:TrackPointExtension></extensions>
      </trkpt>
      <trkpt lat="46.591293" lon="6.232081">
        <ele>1310.9</ele>
        <time>2026-09-06T08:15:29.492Z</time>
        <extensions><gpxtpx:TrackPointExtension><gpxtpx:hr>154</gpxtpx:hr></gpxtpx:TrackPointExtension></extensions>
      </trkpt>
      <trkpt lat="46.591578" lon="6.231659">
        <ele>1308.3</ele>
        <time>2026-09-06T08:15:41.048Z</time>
        <extensions><gpxtpx:TrackPointExtension><gpxtpx:hr>156</gpxtpx:hr></gpxtpx:TrackPointExtension></extensions>
      </trkpt>
      <trkpt lat="46.591867" lon="6.231232">
        <ele>1307.4</ele>
        <time>2026-09-06T08:15:52.749Z</time>
        <extensions><gpxtpx:TrackPointExtension><gpxtpx:hr>156</gpxtpx:hr></gpxtpx:TrackPointExtension></extensions>
      </trkpt>
      <trkpt lat="46.592159" lon="6.230798">
        <ele>1305.8</ele>
        <time>2026-09-06T08:16:04.593Z</time>
        <extensions><gpxtpx:TrackPointExtension><gpxtpx:hr>157</gpxtpx:hr></gpxtpx:TrackPointExtension></extensions>
      </trkpt>
      <trkpt lat="46.592454" lon="6.230358">
        <ele>1303.6</ele>
        <time>2026-09-06T08:16:16.573Z</time>
        <extensions><gpxtpx:TrackPointExtension><gpxtpx:hr>156</gpxtpx:hr></gpxtpx:TrackPointExtension></extensions>
      </trkpt>
      <trkpt lat="46.592752" lon="6.229913">
        <ele>1301.5</ele>
        <time>2026-09-06T08:16:28.685Z</time>
        <extensions><gpxtpx:TrackPointExtension><gpxtpx:hr>156</gpxtpx:hr></gpxtpx:TrackPointExtension></extensions>
      </trkpt>
      <trkpt lat="46.593052" lon="6.229461">
        <ele>1298.9</ele>
        <time>2026-09-06T08:16:40.924Z</time>
        <extensions><gpxtpx:TrackPointExtension><gpxtpx:hr>154</gpxtpx:hr></gpxtpx:TrackPointExtension></extensions>
      </trkpt>
      <trkpt lat="46.593354" lon="6.229004">
        <ele>1296.5</ele>
        <time>2026-09-06T08:16:53.285Z</time>
        <extensions><gpxtpx:TrackPointExtension><gpxtpx:hr>156</gpxtpx:hr></gpxtpx:TrackPointExtension></extensions>
      </trkpt>
      <trkpt lat="46.593659" lon="6.228541">
        <ele>1295.6</ele>
        <time>2026-09-06T08:17:05.762Z</time>
        <extensions><gpxtpx:TrackPointExtension><gpxtpx:hr>155</gpxtpx:hr></gpxtpx:TrackPointExtension></extensions>
      </trkpt>
      <trkpt lat="46.593965" lon="6.228072">
        <ele>1292.1</ele>
        <time>2026-09-06T08:17:18.350Z</time>
        <extensions><gpxtpx:TrackPointExtension><gpxtpx:hr>155</gpxtpx:hr></gpxtpx:TrackPointExtension></extensions>
      </trkpt>
      <trkpt lat="46.594273" lon="6.227596">
        <ele>1289.6</ele>
        <time>2026-09-06T08:17:31.044Z</time>
        <extensions><gpxtpx:TrackPointExtension><gpxtpx:hr>156</gpxtpx:hr></gpxtpx:TrackPointExtension></extensions>
      </trkpt>
      <trkpt lat="46.594581" lon="6.227115">
        <ele>1287.4</ele>
        <time>2026-09-06T08:17:43.839Z</time>
        <extensions><gpxtpx:TrackPointExtension><gpxtpx:hr>155</gpxtpx:hr></gpxtpx:TrackPointExtension></extensions>
      </trkpt>
      <trkpt lat="46.594891" lon="6.226629">
        <ele>1286.4</ele>
        <time>2026-09-06T08:17:56.729Z</time>
        <extensions><gpxtpx:TrackPointExtension><gpxtpx:hr>156</gpxtpx:hr></gpxtpx:TrackPointExtension></extensions>
      </trkpt>
      <trkpt lat="46.595202" lon="6.226136">
        <ele>1284.2</ele>
        <time>2026-09-06T08:18:09.709Z</time>
        <extensions><gpxtpx:TrackPointExtension><gpxtpx:hr>155</gpxtpx:hr></gpxtpx:TrackPointExtension></extensions>
      </trkpt>
      <trkpt lat="46.595513" lon="6.225638">
        <ele>1280.5</ele>
        <time>2026-09-06T08:18:22.773Z</time>
        <extensions><gpxtpx:TrackPointExtension><gpxtpx:hr>154</gpxtpx:hr></gpxtpx:TrackPointExtension></extensions>
      </trkpt>
      <trkpt lat="46.595824" lon="6.225134">
        <ele>1278.3</ele>
        <time>2026-09-06T08:18:35.915Z</time>
        <extensions><gpxtpx:TrackPointExtension><gpxtpx:hr>153</gpxtpx:hr></gpxtpx:TrackPointExtension></extensions>
      </trkpt>
      <trkpt lat="46.596136" lon="6.224624">
        <ele>1277.5</ele>
        <time>2026-09-06T08:18:49.131Z</time>
        <extensions><gpxtpx:TrackPointExtension><gpxtpx:hr>156</gpxtpx:hr></gpxtpx:TrackPointExtension></extensions>
      </trkpt>
      <trkpt lat="46.596447" lon="6.224109">
        <ele>1273.8</ele>
        <time>2026-09-06T08:19:02.414Z</time>
        <extensions><gpxtpx:TrackPointExtension><gpxtpx:hr>155</gpxtpx:hr></gpxtpx:TrackPointExtension></extensions>
      </trkpt>
      <trkpt lat="46.596757" lon="6.223588">
        <ele>1272.1</ele>
        <time>2026-09-06T08:19:15.759Z</time>
        <extensions><gpxtpx:TrackPointExtension><gpxtpx:hr>156</gpxtpx:hr></gpxtpx:TrackPointExtension></extensions>
      </trkpt>
      <trkpt lat="46.597067" lon="6.223062">
        <ele>1270.5</ele>
        <time>2026-09-06T08:19:29.161Z</time>
        <extensions><gpxtpx:TrackPointExtension><gpxtpx:hr>155</gpxtpx:hr></gpxtpx:TrackPointExtension></extensions>
      </trkpt>
      <trkpt lat="46.597376" lon="6.222531">
        <ele>1267.6</ele>
        <time>2026-09-06T08:19:42.614Z</time>
        <extensions><gpxtpx:TrackPointExtension><gpxtpx:hr>156</gpxtpx:hr></gpxtpx:TrackPointExtension></extensions>
      </trkpt>
      <trkpt lat="46.597683" lon="6.221994">
        <ele>1264.8</ele>
        <time>2026-09-06T08:19:56.113Z</time>
        <extensions><gpxtpx:TrackPointExtension><gpxtpx:hr>154</gpxtpx:hr></gpxtpx:TrackPointExtension></extensions>
      </trkpt>
      <trkpt lat="46.597989" lon="6.221452">
        <ele>1262.2</ele>
        <time>2026-09-06T08:20:09.652Z</time>
        <extensions><gpxtpx:TrackPointExtension><gpxtpx:hr>153</gpxtpx:hr></gpxtpx:TrackPointExtension></extensions>
      </trkpt>
      <trkpt lat="46.598293" lon="6.220906">
        <ele>1259.8</ele>
        <time>2026-09-06T08:20:23.226Z</time>
        <extensions><gpxtpx:TrackPointExtension><gpxtpx:hr>154</gpxtpx:hr></gpxtpx:TrackPointExtension></extensions>
      </trkpt>
      <trkpt lat="46.598595" lon="6.220354">
        <ele>1257.0</ele>
        <time>2026-09-06T08:20:36.830Z</time>
        <extensions><gpxtpx:TrackPointExtension><gpxtpx:hr>154</gpxtpx:hr></gpxtpx:TrackPointExtension></extensions>
      </trkpt>
      <trkpt lat="46.598895" lon="6.219798">
        <ele>1254.9</ele>
        <time>2026-09-06T08:20:50.458Z</time>
        <extensions><gpxtpx:TrackPointExtension><gpxtpx:hr>153</gpxtpx:hr></gpxtpx:TrackPointExtension></extensions>
      </trkpt>
      <trkpt lat="46.599193" lon="6.219237">
        <ele>1252.6</ele>
        <time>2026-09-06T08:21:04.105Z</time>
        <extensions><gpxtpx:TrackPointExtension><gpxtpx:hr>154</gpxtpx:hr></gpxtpx:TrackPointExtension></extensions>
      </trkpt>
      <trkpt lat="46.599487" lon="6.218672">
        <ele>1249.8</ele>
        <time>2026-09-06T08:21:17.766Z</time>
        <extensions><gpxtpx:TrackPointExtension><gpxtpx:hr>155</gpxtpx:hr></gpxtpx:TrackPointExtension></extensions>
      </trkpt>
      <trkpt lat="46.599779" lon="6.218102">
        <ele>1247.6</ele>
        <time>2026-09-06T08:21:31.436Z</time>
        <extensions><gpxtpx:TrackPointExtension><gpxtpx:hr>153</gpxtpx:hr></gpxtpx:TrackPointExtension></extensions>
      </trkpt>
      <trkpt lat="46.600068" lon="6.217528">
        <ele>1245.2</ele>
        <time>2026-09-06T08:21:45.110Z</time>
        <extensions><gpxtpx:TrackPointExtension><gpxtpx:hr>155</gpxtpx:hr></gpxtpx:TrackPointExtension></extensions>
      </trkpt>
      <trkpt lat="46.600354" lon="6.216950">
        <ele>1241.3</ele>
        <time>2026-09-06T08:21:58.784Z</time>
        <extensions><gpxtpx:TrackPointExtension><gpxtpx:hr>152</gpxtpx:hr></gpxtpx:TrackPointExtension></extensions>
      </trkpt>
      <trkpt lat="46.600635" lon="6.216368">
        <ele>1238.2</ele>
        <time>2026-09-06T08:22:12.451Z</time>
        <extensions><gpxtpx:TrackPointExtension><gpxtpx:hr>153</gpxtpx:hr></gpxtpx:TrackPointExtension></extensions>
      </trkpt>
      <trkpt lat="46.600913" lon="6.215782">
        <ele>1237.3</ele>
        <time>2026-09-06T08:22:26.108Z</time>
        <extensions><gpxtpx:TrackPointExtension><gpxtpx:hr>154</gpxtpx:hr></gpxtpx:TrackPointExtension></extensions>
      </trkpt>
      <trkpt lat="46.601188" lon="6.215192">
        <ele>1233.0</ele>
        <time>2026-09-06T08:22:39.750Z</time>
        <extensions><gpxtpx:TrackPointExtension><gpxtpx:hr>153</gpxtpx:hr></gpxtpx:TrackPointExtension></extensions>
      </trkpt>
      <trkpt lat="46.601458" lon="6.214599">
        <ele>1230.5</ele>
        <time>2026-09-06T08:22:53.373Z</time>
        <extensions><gpxtpx:TrackPointExtension><gpxtpx:hr>152</gpxtpx:hr></gpxtpx:TrackPointExtension></extensions>
      </trkpt>
      <trkpt lat="46.601723" lon="6.214003">
        <ele>1228.7</ele>
        <time>2026-09-06T08:23:06.972Z</time>
        <extensions><gpxtpx:TrackPointExtension><gpxtpx:hr>152</gpxtpx:hr></gpxtpx:TrackPointExtension></extensions>
      </trkpt>
      <trkpt lat="46.601984" lon="6.213404">
        <ele>1225.5</ele>
        <time>2026-09-06T08:23:20.543Z</time>
        <extensions><gpxtpx:TrackPointExtension><gpxtpx:hr>152</gpxtpx:hr></gpxtpx:TrackPointExtension></extensions>
      </trkpt>
      <trkpt lat="46.602241" lon="6.212801">
        <ele>1222.6</ele>
        <time>2026-09-06T08:23:34.082Z</time>
        <extensions><gpxtpx:TrackPointExtension><gpxtpx:hr>155</gpxtpx:hr></gpxtpx:TrackPointExtension></extensions>
      </trkpt>
      <trkpt lat="46.602492" lon="6.212196">
        <ele>1219.5</ele>
        <time>2026-09-06T08:23:47.584Z</time>
        <extensions><gpxtpx:TrackPointExtension><gpxtpx:hr>151</gpxtpx:hr></gpxtpx:TrackPointExtension></extensions>
      </trkpt>
      <trkpt lat="46.602738" lon="6.211588">
        <ele>1216.6</ele>
        <time>2026-09-06T08:24:01.047Z</time>
        <extensions><gpxtpx:TrackPointExtension><gpxtpx:hr>151</gpxtpx:hr></gpxtpx:TrackPointExtension></extensions>
      </trkpt>
      <trkpt lat="46.602980" lon="6.210978">
        <ele>1214.3</ele>
        <time>2026-09-06T08:24:14.465Z</time>
        <extensions><gpxtpx:TrackPointExtension><gpxtpx:hr>155</gpxtpx:hr></gpxtpx:TrackPointExtension></extensions>
      </trkpt>
      <trkpt lat="46.603215" lon="6.210366">
        <ele>1212.4</ele>
        <time>2026-09-06T08:24:27.837Z</time>
        <extensions><gpxtpx:TrackPointExtension><gpxtpx:hr>151</gpxtpx:hr></gpxtpx:TrackPointExtension></extensions>
      </trkpt>
      <trkpt lat="46.603445" lon="6.209751">
        <ele>1209.7</ele>
        <time>2026-09-06T08:24:41.157Z</time>
        <extensions><gpxtpx:TrackPointExtension><gpxtpx:hr>154</gpxtpx:hr></gpxtpx:TrackPointExtension></extensions>
      </trkpt>
      <trkpt lat="46.603670" lon="6.209135">
        <ele>1207.5</ele>
        <time>2026-09-06T08:24:54.424Z</time>
        <extensions><gpxtpx:TrackPointExtension><gpxtpx:hr>151</gpxtpx:hr></gpxtpx:TrackPointExtension></extensions>
      </trkpt>
      <trkpt lat="46.603888" lon="6.208517">
        <ele>1204.4</ele>
        <time>2026-09-06T08:25:07.634Z</time>
        <extensions><gpxtpx:TrackPointExtension><gpxtpx:hr>152</gpxtpx:hr></gpxtpx:TrackPointExtension></extensions>
      </trkpt>
      <trkpt lat="46.604101" lon="6.207897">
        <ele>1200.8</ele>
        <time>2026-09-06T08:25:20.783Z</time>
        <extensions><gpxtpx:TrackPointExtension><gpxtpx:hr>152</gpxtpx:hr></gpxtpx:TrackPointExtension></extensions>
      </trkpt>
      <trkpt lat="46.604308" lon="6.207276">
        <ele>1198.7</ele>
        <time>2026-09-06T08:25:33.869Z</time>
        <extensions><gpxtpx:TrackPointExtension><gpxtpx:hr>154</gpxtpx:hr></gpxtpx:TrackPointExtension></extensions>
      </trkpt>
      <trkpt lat="46.604508" lon="6.206654">
        <ele>1195.6</ele>
        <time>2026-09-06T08:25:46.890Z</time>
        <extensions><gpxtpx:TrackPointExtension><gpxtpx:hr>153</gpxtpx:hr></gpxtpx:TrackPointExtension></extensions>
      </trkpt>
      <trkpt lat="46.604702" lon="6.206031">
        <ele>1191.9</ele>
        <time>2026-09-06T08:25:59.843Z</time>
        <extensions><gpxtpx:TrackPointExtension><gpxtpx:hr>154</gpxtpx:hr></gpxtpx:TrackPointExtension></extensions>
      </trkpt>
      <trkpt lat="46.604889" lon="6.205407">
        <ele>1189.8</ele>
        <time>2026-09-06T08:26:12.725Z</time>
        <extensions><gpxtpx:TrackPointExtension><gpxtpx:hr>151</gpxtpx:hr></gpxtpx:TrackPointExtension></extensions>
      </trkpt>
      <trkpt lat="46.605070" lon="6.204783">
        <ele>1186.6</ele>
        <time>2026-09-06T08:26:25.535Z</time>
        <extensions><gpxtpx:TrackPointExtension><gpxtpx:hr>154</gpxtpx:hr></gpxtpx:TrackPointExtension></extensions>
      </trkpt>
      <trkpt lat="46.605244" lon="6.204158">
        <ele>1183.6</ele>
        <time>2026-09-06T08:26:38.270Z</time>
        <extensions><gpxtpx:TrackPointExtension><gpxtpx:hr>154</gpxtpx:hr></gpxtpx:TrackPointExtension></extensions>
      </trkpt>
      <trkpt lat="46.605412" lon="6.203533">
        <ele>1181.7</ele>
        <time>2026-09-06T08:26:50.929Z</time>
        <extensions><gpxtpx:TrackPointExtension><gpxtpx:hr>152</gpxtpx:hr></gpxtpx:TrackPointExtension></extensions>
      </trkpt>
      <trkpt lat="46.605572" lon="6.202908">
        <ele>1178.8</ele>
        <time>2026-09-06T08:27:03.509Z</time>
        <extensions><gpxtpx:TrackPointExtension><gpxtpx:hr>153</gpxtpx:hr></gpxtpx:TrackPointExtension></extensions>
      </trkpt>
      <trkpt lat="46.605726" lon="6.202283">
        <ele>1175.5</ele>
        <time>2026-09-06T08:27:16.010Z</time>
        <extensions><gpxtpx:TrackPointExtension><gpxtpx:hr>154</gpxtpx:hr></gpxtpx:TrackPointExtension></extensions>
      </trkpt>
      <trkpt lat="46.605873" lon="6.201658">
        <ele>1174.5</ele>
        <time>2026-09-06T08:27:28.430Z</time>
        <extensions><gpxtpx:TrackPointExtension><gpxtpx:hr>153</gpxtpx:hr></gpxtpx:TrackPointExtension></extensions>
      </trkpt>
      <trkpt lat="46.606012" lon="6.201034">
        <ele>1171.0</ele>
        <time>2026-09-06T08:27:40.768Z</time>
        <extensions><gpxtpx:TrackPointExtension><gpxtpx:hr>154</gpxtpx:hr></gpxtpx:TrackPointExtension></extensions>
      </trkpt>
      <trkpt lat="46.606145" lon="6.200411">
        <ele>1167.6</ele>
        <time>2026-09-06T08:27:53.023Z</time>
        <extensions><gpxtpx:TrackPointExtension><gpxtpx:hr>151</gpxtpx:hr></gpxtpx:TrackPointExtension></extensions>
      </trkpt>
      <trkpt lat="46.606270" lon="6.199788">
        <ele>1165.5</ele>
        <time>2026-09-06T08:28:05.195Z</time>
        <extensions><gpxtpx:TrackPointExtension><gpxtpx:hr>153</gpxtpx:hr></gpxtpx:TrackPointExtension></extensions>
      </trkpt>
      <trkpt lat="46.606388" lon="6.199167">
        <ele>1163.6</ele>
        <time>2026-09-06T08:28:17.281Z</time>
        <extensions><gpxtpx:TrackPointExtension><gpxtpx:hr>150</gpxtpx:hr></gpxtpx:TrackPointExtension></extensions>
      </trkpt>
      <trkpt lat="46.606499" lon="6.198547">
        <ele>1160.7</ele>
        <time>2026-09-06T08:28:29.283Z</time>
        <extensions><gpxtpx:TrackPointExtension><gpxtpx:hr>151</gpxtpx:hr></gpxtpx:TrackPointExtension></extensions>
      </trkpt>
      <trkpt lat="46.606603" lon="6.197928">
        <ele>1157.5</ele>
        <time>2026-09-06T08:28:41.199Z</time>
        <extensions><gpxtpx:TrackPointExtension><gpxtpx:hr>152</gpxtpx:hr></gpxtpx:TrackPointExtension></extensions>
      </trkpt>
      <trkpt lat="46.606699" lon="6.197310">
        <ele>1154.5</ele>
        <time>2026-09-06T08:28:53.030Z</time>
        <extensions><gpxtpx:TrackPointExtension><gpxtpx:hr>153</gpxtpx:hr></gpxtpx:TrackPointExtension></extensions>
      </trkpt>
      <trkpt lat="46.606788" lon="6.196695">
        <ele>1152.2</ele>
        <time>2026-09-06T08:29:04.775Z</time>
        <extensions><gpxtpx:TrackPointExtension><gpxtpx:hr>150</gpxtpx:hr></gpxtpx:TrackPointExtension></extensions>
      </trkpt>
      <trkpt lat="46.606870" lon="6.196081">
        <ele>1149.8</ele>
        <time>2026-09-06T08:29:16.435Z</time>
        <extensions><gpxtpx:TrackPointExtension><gpxtpx:hr>152</gpxtpx:hr></gpxtpx:TrackPointExtension></extensions>
      </trkpt>
      <trkpt lat="46.606944" lon="6.195469">
        <ele>1147.1</ele>
        <time>2026-09-06T08:29:28.010Z</time>
        <extensions><gpxtpx:TrackPointExtension><gpxtpx:hr>150</gpxtpx:hr></gpxtpx:TrackPointExtension></extensions>
      </trkpt>
      <trkpt lat="46.607011" lon="6.194860">
        <ele>1143.4</ele>
        <time>2026-09-06T08:29:39.500Z</time>
        <extensions><gpxtpx:TrackPointExtension><gpxtpx:hr>152</gpxtpx:hr></gpxtpx:TrackPointExtension></extensions>
      </trkpt>
      <trkpt lat="46.607071" lon="6.194253">
        <ele>1140.8</ele>
        <time>2026-09-06T08:29:50.906Z</time>
        <extensions><gpxtpx:TrackPointExtension><gpxtpx:hr>152</gpxtpx:hr></gpxtpx:TrackPointExtension></extensions>
      </trkpt>
      <trkpt lat="46.607124" lon="6.193648">
        <ele>1137.8</ele>
        <time>2026-09-06T08:30:02.228Z</time>
        <extensions><gpxtpx:TrackPointExtension><gpxtpx:hr>149</gpxtpx:hr></gpxtpx:TrackPointExtension></extensions>
      </trkpt>
      <trkpt lat="46.607169" lon="6.193046">
        <ele>1136.3</ele>
        <time>2026-09-06T08:30:13.468Z</time>
        <extensions><gpxtpx:TrackPointExtension><gpxtpx:hr>151</gpxtpx:hr></gpxtpx:TrackPointExtension></extensions>
      </trkpt>
      <trkpt lat="46.607207" lon="6.192446">
        <ele>1134.4</ele>
        <time>2026-09-06T08:30:24.626Z</time>
        <extensions><gpxtpx:TrackPointExtension><gpxtpx:hr>149</gpxtpx:hr></gpxtpx:TrackPointExtension></extensions>
      </trkpt>
      <trkpt lat="46.607237" lon="6.191850">
        <ele>1130.5</ele>
        <time>2026-09-06T08:30:35.704Z</time>
        <extensions><gpxtpx:TrackPointExtension><gpxtpx:hr>152</gpxtpx:hr></gpxtpx:TrackPointExtension></extensions>
      </trkpt>
      <trkpt lat="46.607261" lon="6.191256">
        <ele>1127.9</ele>
        <time>2026-09-06T08:30:46.702Z</time>
        <extensions><gpxtpx:TrackPointExtension><gpxtpx:hr>150</gpxtpx:hr></gpxtpx:TrackPointExtension></extensions>
      </trkpt>
      <trkpt lat="46.607277" lon="6.190666">
        <ele>1126.8</ele>
        <time>2026-09-06T08:30:57.622Z</time>
        <extensions><gpxtpx:TrackPointExtension><gpxtpx:hr>152</gpxtpx:hr></gpxtpx:TrackPointExtension></extensions>
      </trkpt>
      <trkpt lat="46.607286" lon="6.190078">
        <ele>1124.5</ele>
        <time>2026-09-06T08:31:08.465Z</time>
        <extensions><gpxtpx:TrackPointExtension><gpxtpx:hr>148</gpxtpx:hr></gpxtpx:TrackPointExtension></extensions>
      </trkpt>
      <trkpt lat="46.607289" lon="6.189494">
        <ele>1121.6</ele>
        <time>2026-09-06T08:31:19.233Z</time>
        <extensions><gpxtpx:TrackPointExtension><gpxtpx:hr>152</gpxtpx:hr></gpxtpx:TrackPointExtension></extensions>
      </trkpt>
      <trkpt lat="46.607284" lon="6.188913">
        <ele>1118.2</ele>
        <time>2026-09-06T08:31:29.927Z</time>
        <extensions><gpxtpx:TrackPointExtension><gpxtpx:hr>150</gpxtpx:hr></gpxtpx:TrackPointExtension></extensions>
      </trkpt>
      <trkpt lat="46.607272" lon="6.188336">
        <ele>1116.5</ele>
        <time>2026-09-06T08:31:40.548Z</time>
        <extensions><gpxtpx:TrackPointExtension><gpxtpx:hr>150</gpxtpx:hr></gpxtpx:TrackPointExtension></extensions>
      </trkpt>
      <trkpt lat="46.607254" lon="6.187763">
        <ele>1114.1</ele>
        <time>2026-09-06T08:31:51.099Z</time>
        <extensions><gpxtpx:TrackPointExtension><gpxtpx:hr>148</gpxtpx:hr></gpxtpx:TrackPointExtension></extensions>
      </trkpt>
      <trkpt lat="46.607229" lon="6.187193">
        <ele>1112.0</ele>
        <time>2026-09-06T08:32:01.581Z</time>
        <extensions><gpxtpx:TrackPointExtension><gpxtpx:hr>149</gpxtpx:hr></gpxtpx:TrackPointExtension></extensions>
      </trkpt>
      <trkpt lat="46.607197" lon="6.186626">
        <ele>1109.6</ele>
        <time>2026-09-06T08:32:11.996Z</time>
        <extensions><gpxtpx:TrackPointExtension><gpxtpx:hr>148</gpxtpx:hr></gpxtpx:TrackPointExtension></extensions>
      </trkpt>
      <trkpt lat="46.607158" lon="6.186064">
        <ele>1105.6</ele>
        <time>2026-09-06T08:32:22.346Z</time>
        <extensions><gpxtpx:TrackPointExtension><gpxtpx:hr>148</gpxtpx:hr></gpxtpx:TrackPointExtension></extensions>
      </trkpt>
      <trkpt lat="46.607113" lon="6.185505">
        <ele>1105.0</ele>
        <time>2026-09-06T08:32:32.632Z</time>
        <extensions><gpxtpx:TrackPointExtension><gpxtpx:hr>151</gpxtpx:hr></gpxtpx:TrackPointExtension></extensions>
      </trkpt>
      <trkpt lat="46.607062" lon="6.184950">
        <ele>1101.5</ele>
        <time>2026-09-06T08:32:42.857Z</time>
        <extensions><gpxtpx:TrackPointExtension><gpxtpx:hr>151</gpxtpx:hr></gpxtpx:TrackPointExtension></extensions>
      </trkpt>
      <trkpt lat="46.607005" lon="6.184400">
        <ele>1098.8</ele>
        <time>2026-09-06T08:32:53.022Z</time>
        <extensions><gpxtpx:TrackPointExtension><gpxtpx:hr>149</gpxtpx:hr></gpxtpx:TrackPointExtension></extensions>
      </trkpt>
      <trkpt lat="46.606941" lon="6.183853">
        <ele>1096.4</ele>
        <time>2026-09-06T08:33:03.129Z</time>
        <extensions><gpxtpx:TrackPointExtension><gpxtpx:hr>150</gpxtpx:hr></gpxtpx:TrackPointExtension></extensions>
      </trkpt>
      <trkpt lat="46.606871" lon="6.183310">
        <ele>1095.1</ele>
        <time>2026-09-06T08:33:13.180Z</time>
        <extensions><gpxtpx:TrackPointExtension><gpxtpx:hr>151</gpxtpx:hr></gpxtpx:TrackPointExtension></extensions>
      </trkpt>
      <trkpt lat="46.606795" lon="6.182771">
        <ele>1092.6</ele>
        <time>2026-09-06T08:33:23.177Z</time>
        <extensions><gpxtpx:TrackPointExtension><gpxtpx:hr>148</gpxtpx:hr></gpxtpx:TrackPointExtension></extensions>
      </trkpt>
      <trkpt lat="46.606713" lon="6.182237">
        <ele>1090.9</ele>
        <time>2026-09-06T08:33:33.122Z</time>
        <extensions><gpxtpx:TrackPointExtension><gpxtpx:hr>151</gpxtpx:hr></gpxtpx:TrackPointExtension></extensions>
      </trkpt>
      <trkpt lat="46.606626" lon="6.181706">
        <ele>1088.4</ele>
        <time>2026-09-06T08:33:43.017Z</time>
        <extensions><gpxtpx:TrackPointExtension><gpxtpx:hr>149</gpxtpx:hr></gpxtpx:TrackPointExtension></extensions>
      </trkpt>
      <trkpt lat="46.606533" lon="6.181180">
        <ele>1086.6</ele>
        <time>2026-09-06T08:33:52.863Z</time>
        <extensions><gpxtpx:TrackPointExtension><gpxtpx:hr>150</gpxtpx:hr></gpxtpx:TrackPointExtension></extensions>
      </trkpt>
      <trkpt lat="46.606435" lon="6.180657">
        <ele>1084.6</ele>
        <time>2026-09-06T08:34:02.663Z</time>
        <extensions><gpxtpx:TrackPointExtension><gpxtpx:hr>149</gpxtpx:hr></gpxtpx:TrackPointExtension></extensions>
      </trkpt>
      <trkpt lat="46.606331" lon="6.180139">
        <ele>1080.9</ele>
        <time>2026-09-06T08:34:12.417Z</time>
        <extensions><gpxtpx:TrackPointExtension><gpxtpx:hr>148</gpxtpx:hr></gpxtpx:TrackPointExtension></extensions>
      </trkpt>
      <trkpt lat="46.606222" lon="6.179625">
        <ele>1078.8</ele>
        <time>2026-09-06T08:34:22.129Z</time>
        <extensions><gpxtpx:TrackPointExtension><gpxtpx:hr>147</gpxtpx:hr></gpxtpx:TrackPointExtension></extensions>
      </trkpt>
      <trkpt lat="46.606107" lon="6.179115">
        <ele>1078.4</ele>
        <time>2026-09-06T08:34:31.798Z</time>
        <extensions><gpxtpx:TrackPointExtension><gpxtpx:hr>147</gpxtpx:hr></gpxtpx:TrackPointExtension></extensions>
      </trkpt>
      <trkpt lat="46.605988" lon="6.178608">
        <ele>1075.6</ele>
        <time>2026-09-06T08:34:41.428Z</time>
        <extensions><gpxtpx:TrackPointExtension><gpxtpx:hr>149</gpxtpx:hr></gpxtpx:TrackPointExtension></extensions>
      </trkpt>
      <trkpt lat="46.605864" lon="6.178106">
        <ele>1074.4</ele>
        <time>2026-09-06T08:34:51.020Z</time>
        <extensions><gpxtpx:TrackPointExtension><gpxtpx:hr>146</gpxtpx:hr></gpxtpx:TrackPointExtension></extensions>
      </trkpt>
      <trkpt lat="46.605736" lon="6.177608">
        <ele>1072.2</ele>
        <time>2026-09-06T08:35:00.575Z</time>
        <extensions><gpxtpx:TrackPointExtension><gpxtpx:hr>150</gpxtpx:hr></gpxtpx:TrackPointExtension></extensions>
      </trkpt>
      <trkpt lat="46.605602" lon="6.177114">
        <ele>1069.8</ele>
        <time>2026-09-06T08:35:10.094Z</time>
        <extensions><gpxtpx:TrackPointExtension><gpxtpx:hr>147</gpxtpx:hr></gpxtpx:TrackPointExtension></extensions>
      </trkpt>
      <trkpt lat="46.605465" lon="6.176623">
        <ele>1067.6</ele>
        <time>2026-09-06T08:35:19.580Z</time>
        <extensions><gpxtpx:TrackPointExtension><gpxtpx:hr>146</gpxtpx:hr></gpxtpx:TrackPointExtension></extensions>
      </trkpt>
      <trkpt lat="46.605323" lon="6.176137">
        <ele>1065.4</ele>
        <time>2026-09-06T08:35:29.032Z</time>
        <extensions><gpxtpx:TrackPointExtension><gpxtpx:hr>150</gpxtpx:hr></gpxtpx:TrackPointExtension></extensions>
      </trkpt>
      <trkpt lat="46.605177" lon="6.175654">
        <ele>1063.6</ele>
        <time>2026-09-06T08:35:38.454Z</time>
        <extensions><gpxtpx:TrackPointExtension><gpxtpx:hr>146</gpxtpx:hr></gpxtpx:TrackPointExtension></extensions>
      </trkpt>
      <trkpt lat="46.605027" lon="6.175175">
        <ele>1061.3</ele>
        <time>2026-09-06T08:35:47.846Z</time>
        <extensions><gpxtpx:TrackPointExtension><gpxtpx:hr>146</gpxtpx:hr></gpxtpx:TrackPointExtension></extensions>
      </trkpt>
      <trkpt lat="46.604873" lon="6.174699">
        <ele>1060.3</ele>
        <time>2026-09-06T08:35:57.208Z</time>
        <extensions><gpxtpx:TrackPointExtension><gpxtpx:hr>146</gpxtpx:hr></gpxtpx:TrackPointExtension></extensions>
      </trkpt>
      <trkpt lat="46.604716" lon="6.174227">
        <ele>1058.8</ele>
        <time>2026-09-06T08:36:06.543Z</time>
        <extensions><gpxtpx:TrackPointExtension><gpxtpx:hr>149</gpxtpx:hr></gpxtpx:TrackPointExtension></extensions>
      </trkpt>
      <trkpt lat="46.604555" lon="6.173758">
        <ele>1056.6</ele>
        <time>2026-09-06T08:36:15.852Z</time>
        <extensions><gpxtpx:TrackPointExtension><gpxtpx:hr>147</gpxtpx:hr></gpxtpx:TrackPointExtension></extensions>
      </trkpt>
      <trkpt lat="46.604390" lon="6.173293">
        <ele>1053.8</ele>
        <time>2026-09-06T08:36:25.134Z</time>
        <extensions><gpxtpx:TrackPointExtension><gpxtpx:hr>146</gpxtpx:hr></gpxtpx:TrackPointExtension></extensions>
      </trkpt>
      <trkpt lat="46.604223" lon="6.172831">
        <ele>1052.5</ele>
        <time>2026-09-06T08:36:34.392Z</time>
        <extensions><gpxtpx:TrackPointExtension><gpxtpx:hr>148</gpxtpx:hr></gpxtpx:TrackPointExtension></extensions>
      </trkpt>
      <trkpt lat="46.604052" lon="6.172372">
        <ele>1050.3</ele>
        <time>2026-09-06T08:36:43.626Z</time>
        <extensions><gpxtpx:TrackPointExtension><gpxtpx:hr>145</gpxtpx:hr></gpxtpx:TrackPointExtension></extensions>
      </trkpt>
      <trkpt lat="46.603878" lon="6.171916">
        <ele>1049.0</ele>
        <time>2026-09-06T08:36:52.837Z</time>
        <extensions><gpxtpx:TrackPointExtension><gpxtpx:hr>148</gpxtpx:hr></gpxtpx:TrackPointExtension></extensions>
      </trkpt>
      <trkpt lat="46.603702" lon="6.171462">
        <ele>1047.0</ele>
        <time>2026-09-06T08:37:02.026Z</time>
        <extensions><gpxtpx:TrackPointExtension><gpxtpx:hr>148</gpxtpx:hr></gpxtpx:TrackPointExtension></extensions>
      </trkpt>
      <trkpt lat="46.603522" lon="6.171012">
        <ele>1047.3</ele>
        <time>2026-09-06T08:37:11.193Z</time>
        <extensions><gpxtpx:TrackPointExtension><gpxtpx:hr>148</gpxtpx:hr></gpxtpx:TrackPointExtension></extensions>
      </trkpt>
      <trkpt lat="46.603340" lon="6.170564">
        <ele>1045.7</ele>
        <time>2026-09-06T08:37:20.340Z</time>
        <extensions><gpxtpx:TrackPointExtension><gpxtpx:hr>148</gpxtpx:hr></gpxtpx:TrackPointExtension></extensions>
      </trkpt>
      <trkpt lat="46.603156" lon="6.170119">
        <ele>1043.7</ele>
        <time>2026-09-06T08:37:29.467Z</time>
        <extensions><gpxtpx:TrackPointExtension><gpxtpx:hr>148</gpxtpx:hr></gpxtpx:TrackPointExtension></extensions>
      </trkpt>
      <trkpt lat="46.602970" lon="6.169677">
        <ele>1042.6</ele>
        <time>2026-09-06T08:37:38.574Z</time>
        <extensions><gpxtpx:TrackPointExtension><gpxtpx:hr>146</gpxtpx:hr></gpxtpx:TrackPointExtension></extensions>
      </trkpt>
      <trkpt lat="46.602781" lon="6.169236">
        <ele>1040.6</ele>
        <time>2026-09-06T08:37:47.663Z</time>
        <extensions><gpxtpx:TrackPointExtension><gpxtpx:hr>146</gpxtpx:hr></gpxtpx:TrackPointExtension></extensions>
      </trkpt>
      <trkpt lat="46.602591" lon="6.168798">
        <ele>1038.0</ele>
        <time>2026-09-06T08:37:56.734Z</time>
        <extensions><gpxtpx:TrackPointExtension><gpxtpx:hr>146</gpxtpx:hr></gpxtpx:TrackPointExtension></extensions>
      </trkpt>
      <trkpt lat="46.602398" lon="6.168362">
        <ele>1036.3</ele>
        <time>2026-09-06T08:38:05.788Z</time>
        <extensions><gpxtpx:TrackPointExtension><gpxtpx:hr>147</gpxtpx:hr></gpxtpx:TrackPointExtension></extensions>
      </trkpt>
      <trkpt lat="46.602204" lon="6.167927">
        <ele>1034.8</ele>
        <time>2026-09-06T08:38:14.825Z</time>
        <extensions><gpxtpx:TrackPointExtension><gpxtpx:hr>146</gpxtpx:hr></gpxtpx:TrackPointExtension></extensions>
      </trkpt>
      <trkpt lat="46.602008" lon="6.167495">
        <ele>1034.3</ele>
        <time>2026-09-06T08:38:23.846Z</time>
        <extensions><gpxtpx:TrackPointExtension><gpxtpx:hr>147</gpxtpx:hr></gpxtpx:TrackPointExtension></extensions>
      </trkpt>
      <trkpt lat="46.601811" lon="6.167064">
        <ele>1033.3</ele>
        <time>2026-09-06T08:38:32.852Z</time>
        <extensions><gpxtpx:TrackPointExtension><gpxtpx:hr>144</gpxtpx:hr></gpxtpx:TrackPointExtension></extensions>
      </trkpt>
      <trkpt lat="46.601612" lon="6.166634">
        <ele>1030.4</ele>
        <time>2026-09-06T08:38:41.843Z</time>
        <extensions><gpxtpx:TrackPointExtension><gpxtpx:hr>145</gpxtpx:hr></gpxtpx:TrackPointExtension></extensions>
      </trkpt>
      <trkpt lat="46.601412" lon="6.166205">
        <ele>1029.3</ele>
        <time>2026-09-06T08:38:50.820Z</time>
        <extensions><gpxtpx:TrackPointExtension><gpxtpx:hr>144</gpxtpx:hr></gpxtpx:TrackPointExtension></extensions>
      </trkpt>
      <trkpt lat="46.601211" lon="6.165778">
        <ele>1028.6</ele>
        <time>2026-09-06T08:38:59.783Z</time>
        <extensions><gpxtpx:TrackPointExtension><gpxtpx:hr>147</gpxtpx:hr></gpxtpx:TrackPointExtension></extensions>
      </trkpt>
      <trkpt lat="46.601009" lon="6.165352">
        <ele>1028.1</ele>
        <time>2026-09-06T08:39:08.734Z</time>
        <extensions><gpxtpx:TrackPointExtension><gpxtpx:hr>145</gpxtpx:hr></gpxtpx:TrackPointExtension></extensions>
      </trkpt>
      <trkpt lat="46.600807" lon="6.164926">
        <ele>1025.3</ele>
        <time>2026-09-06T08:39:17.672Z</time>
        <extensions><gpxtpx:TrackPointExtension><gpxtpx:hr>146</gpxtpx:hr></gpxtpx:TrackPointExtension></extensions>
      </trkpt>
      <trkpt lat="46.600603" lon="6.164501">
        <ele>1025.1</ele>
        <time>2026-09-06T08:39:26.599Z</time>
        <extensions><gpxtpx:TrackPointExtension><gpxtpx:hr>144</gpxtpx:hr></gpxtpx:TrackPointExtension></extensions>
      </trkpt>
      <trkpt lat="46.600398" lon="6.164077">
        <ele>1023.3</ele>
        <time>2026-09-06T08:39:35.515Z</time>
        <extensions><gpxtpx:TrackPointExtension><gpxtpx:hr>144</gpxtpx:hr></gpxtpx:TrackPointExtension></extensions>
      </trkpt>
      <trkpt lat="46.600193" lon="6.163653">
        <ele>1021.7</ele>
        <time>2026-09-06T08:39:44.421Z</time>
        <extensions><gpxtpx:TrackPointExtension><gpxtpx:hr>145</gpxtpx:hr></gpxtpx:TrackPointExtension></extensions>
      </trkpt>
      <trkpt lat="46.599988" lon="6.163229">
        <ele>1020.9</ele>
        <time>2026-09-06T08:39:53.318Z</time>
        <extensions><gpxtpx:TrackPointExtension><gpxtpx:hr>144</gpxtpx:hr></gpxtpx:TrackPointExtension></extensions>
      </trkpt>
      <trkpt lat="46.599782" lon="6.162805">
        <ele>1019.1</ele>
        <time>2026-09-06T08:40:02.207Z</time>
        <extensions><gpxtpx:TrackPointExtension><gpxtpx:hr>143</gpxtpx:hr></gpxtpx:TrackPointExtension></extensions>
      </trkpt>
      <trkpt lat="46.599576" lon="6.162381">
        <ele>1017.9</ele>
        <time>2026-09-06T08:40:11.088Z</time>
        <extensions><gpxtpx:TrackPointExtension><gpxtpx:hr>145</gpxtpx:hr></gpxtpx:TrackPointExtension></extensions>
      </trkpt>
      <trkpt lat="46.599369" lon="6.161957">
        <ele>1018.2</ele>
        <time>2026-09-06T08:40:19.963Z</time>
        <extensions><gpxtpx:TrackPointExtension><gpxtpx:hr>145</gpxtpx:hr></gpxtpx:TrackPointExtension></extensions>
      </trkpt>
      <trkpt lat="46.599163" lon="6.161532">
        <ele>1017.5</ele>
        <time>2026-09-06T08:40:28.832Z</time>
        <extensions><gpxtpx:TrackPointExtension><gpxtpx:hr>145</gpxtpx:hr></gpxtpx:TrackPointExtension></extensions>
      </trkpt>
      <trkpt lat="46.598956" lon="6.161107">
        <ele>1014.5</ele>
        <time>2026-09-06T08:40:37.697Z</time>
        <extensions><gpxtpx:TrackPointExtension><gpxtpx:hr>142</gpxtpx:hr></gpxtpx:TrackPointExtension></extensions>
      </trkpt>
      <trkpt lat="46.598749" lon="6.160681">
        <ele>1014.3</ele>
        <time>2026-09-06T08:40:46.558Z</time>
        <extensions><gpxtpx:TrackPointExtension><gpxtpx:hr>144</gpxtpx:hr></gpxtpx:TrackPointExtension></extensions>
      </trkpt>
      <trkpt lat="46.598543" lon="6.160254">
        <ele>1014.1</ele>
        <time>2026-09-06T08:40:55.416Z</time>
        <extensions><gpxtpx:TrackPointExtension><gpxtpx:hr>142</gpxtpx:hr></gpxtpx:TrackPointExtension></extensions>
      </trkpt>
      <trkpt lat="46.598336" lon="6.159826">
        <ele>1012.0</ele>
        <time>2026-09-06T08:41:04.272Z</time>
        <extensions><gpxtpx:TrackPointExtension><gpxtpx:hr>142</gpxtpx:hr></gpxtpx:TrackPointExtension></extensions>
      </trkpt>
      <trkpt lat="46.598130" lon="6.159397">
        <ele>1012.2</ele>
        <time>2026-09-06T08:41:13.128Z</time>
        <extensions><gpxtpx:TrackPointExtension><gpxtpx:hr>145</gpxtpx:hr></gpxtpx:TrackPointExtension></extensions>
      </trkpt>
      <trkpt lat="46.597924" lon="6.158966">
        <ele>1009.6</ele>
        <time>2026-09-06T08:41:21.985Z</time>
        <extensions><gpxtpx:TrackPointExtension><gpxtpx:hr>143</gpxtpx:hr></gpxtpx:TrackPointExtension></extensions>
      </trkpt>
      <trkpt lat="46.597718" lon="6.158534">
        <ele>1008.9</ele>
        <time>2026-09-06T08:41:30.844Z</time>
        <extensions><gpxtpx:TrackPointExtension><gpxtpx:hr>143</gpxtpx:hr></gpxtpx:TrackPointExtension></extensions>
      </trkpt>
      <trkpt lat="46.597512" lon="6.158100">
        <ele>1007.5</ele>
        <time>2026-09-06T08:41:39.706Z</time>
        <extensions><gpxtpx:TrackPointExtension><gpxtpx:hr>144</gpxtpx:hr></gpxtpx:TrackPointExtension></extensions>
      </trkpt>
      <trkpt lat="46.597307" lon="6.157665">
        <ele>1007.1</ele>
        <time>2026-09-06T08:41:48.572Z</time>
        <extensions><gpxtpx:TrackPointExtension><gpxtpx:hr>143</gpxtpx:hr></gpxtpx:TrackPointExtension></extensions>
      </trkpt>
      <trkpt lat="46.597103" lon="6.157228">
        <ele>1007.0</ele>
        <time>2026-09-06T08:41:57.443Z</time>
        <extensions><gpxtpx:TrackPointExtension><gpxtpx:hr>141</gpxtpx:hr></gpxtpx:TrackPointExtension></extensions>
      </trkpt>
      <trkpt lat="46.596898" lon="6.156789">
        <ele>1006.3</ele>
        <time>2026-09-06T08:42:06.321Z</time>
        <extensions><gpxtpx:TrackPointExtension><gpxtpx:hr>142</gpxtpx:hr></gpxtpx:TrackPointExtension></extensions>
      </trkpt>
      <trkpt lat="46.596694" lon="6.156348">
        <ele>1005.1</ele>
        <time>2026-09-06T08:42:15.207Z</time>
        <extensions><gpxtpx:TrackPointExtension><gpxtpx:hr>141</gpxtpx:hr></gpxtpx:TrackPointExtension></extensions>
      </trkpt>
      <trkpt lat="46.596491" lon="6.155904">
        <ele>1003.0</ele>
        <time>2026-09-06T08:42:24.102Z</time>
        <extensions><gpxtpx:TrackPointExtension><gpxtpx:hr>142</gpxtpx:hr></gpxtpx:TrackPointExtension></extensions>
      </trkpt>
      <trkpt lat="46.596288" lon="6.155458">
        <ele>1002.4</ele>
        <time>2026-09-06T08:42:33.007Z</time>
        <extensions><gpxtpx:TrackPointExtension><gpxtpx:hr>142</gpxtpx:hr></gpxtpx:TrackPointExtension></extensions>
      </trkpt>
      <trkpt lat="46.596086" lon="6.155010">
        <ele>1001.1</ele>
        <time>2026-09-06T08:42:41.924Z</time>
        <extensions><gpxtpx:TrackPointExtension><gpxtpx:hr>141</gpxtpx:hr></gpxtpx:TrackPointExtension></extensions>
      </trkpt>
      <trkpt lat="46.595884" lon="6.154560">
        <ele>1001.6</ele>
        <time>2026-09-06T08:42:50.854Z</time>
        <extensions><gpxtpx:TrackPointExtension><gpxtpx:hr>141</gpxtpx:hr></gpxtpx:TrackPointExtension></extensions>
      </trkpt>
      <trkpt lat="46.595683" lon="6.154106">
        <ele>1000.3</ele>
        <time>2026-09-06T08:42:59.798Z</time>
        <extensions><gpxtpx:TrackPointExtension><gpxtpx:hr>141</gpxtpx:hr></gpxtpx:TrackPointExtension></extensions>
      </trkpt>
      <trkpt lat="46.595482" lon="6.153650">
        <ele>999.7</ele>
        <time>2026-09-06T08:43:08.758Z</time>
        <extensions><gpxtpx:TrackPointExtension><gpxtpx:hr>141</gpxtpx:hr></gpxtpx:TrackPointExtension></extensions>
      </trkpt>
      <trkpt lat="46.595282" lon="6.153191">
        <ele>998.8</ele>
        <time>2026-09-06T08:43:17.733Z</time>
        <extensions><gpxtpx:TrackPointExtension><gpxtpx:hr>142</gpxtpx:hr></gpxtpx:TrackPointExtension></extensions>
      </trkpt>
      <trkpt lat="46.595082" lon="6.152730">
        <ele>998.0</ele>
        <time>2026-09-06T08:43:26.726Z</time>
        <extensions><gpxtpx:TrackPointExtension><gpxtpx:hr>140</gpxtpx:hr></gpxtpx:TrackPointExtension></extensions>
      </trkpt>
      <trkpt lat="46.594883" lon="6.152265">
        <ele>996.7</ele>
        <time>2026-09-06T08:43:35.738Z</time>
        <extensions><gpxtpx:TrackPointExtension><gpxtpx:hr>142</gpxtpx:hr></gpxtpx:TrackPointExtension></extensions>
      </trkpt>
      <trkpt lat="46.594684" lon="6.151798">
        <ele>996.4</ele>
        <time>2026-09-06T08:43:44.769Z</time>
        <extensions><gpxtpx:TrackPointExtension><gpxtpx:hr>141</gpxtpx:hr></gpxtpx:TrackPointExtension></extensions>
      </trkpt>
      <trkpt lat="46.594486" lon="6.151327">
        <ele>994.6</ele>
        <time>2026-09-06T08:43:53.821Z</time>
        <extensions><gpxtpx:TrackPointExtension><gpxtpx:hr>142</gpxtpx:hr></gpxtpx:TrackPointExtension></extensions>
      </trkpt>
      <trkpt lat="46.594288" lon="6.150854">
        <ele>994.6</ele>
        <time>2026-09-06T08:44:02.894Z</time>
        <extensions><gpxtpx:TrackPointExtension><gpxtpx:hr>141</gpxtpx:hr></gpxtpx:TrackPointExtension></extensions>
      </trkpt>
      <trkpt lat="46.594091" lon="6.150377">
        <ele>993.4</ele>
        <time>2026-09-06T08:44:11.990Z</time>
        <extensions><gpxtpx:TrackPointExtension><gpxtpx:hr>139</gpxtpx:hr></gpxtpx:TrackPointExtension></extensions>
      </trkpt>
      <trkpt lat="46.593894" lon="6.149897">
        <ele>993.4</ele>
        <time>2026-09-06T08:44:21.108Z</time>
        <extensions><gpxtpx:TrackPointExtension><gpxtpx:hr>142</gpxtpx:hr></gpxtpx:TrackPointExtension></extensions>
      </trkpt>
      <trkpt lat="46.593697" lon="6.149414">
        <ele>992.9</ele>
        <time>2026-09-06T08:44:30.251Z</time>
        <extensions><gpxtpx:TrackPointExtension><gpxtpx:hr>142</gpxtpx:hr></gpxtpx:TrackPointExtension></extensions>
      </trkpt>
      <trkpt lat="46.593501" lon="6.148928">
        <ele>992.3</ele>
        <time>2026-09-06T08:44:39.418Z</time>
        <extensions><gpxtpx:TrackPointExtension><gpxtpx:hr>139</gpxtpx:hr></gpxtpx:TrackPointExtension></extensions>
      </trkpt>
      <trkpt lat="46.593305" lon="6.148439">
        <ele>989.9</ele>
        <time>2026-09-06T08:44:48.610Z</time>
        <extensions><gpxtpx:TrackPointExtension><gpxtpx:hr>142</gpxtpx:hr></gpxtpx:TrackPointExtension></extensions>
      </trkpt>
      <trkpt lat="46.593109" lon="6.147946">
        <ele>989.7</ele>
        <time>2026-09-06T08:44:57.827Z</time>
        <extensions><gpxtpx:TrackPointExtension><gpxtpx:hr>138</gpxtpx:hr></gpxtpx:TrackPointExtension></extensions>
      </trkpt>
      <trkpt lat="46.592914" lon="6.147451">
        <ele>990.2</ele>
        <time>2026-09-06T08:45:07.070Z</time>
        <extensions><gpxtpx:TrackPointExtension><gpxtpx:hr>141</gpxtpx:hr></gpxtpx:TrackPointExtension></extensions>
      </trkpt>
      <trkpt lat="46.592718" lon="6.146952">
        <ele>988.9</ele>
        <time>2026-09-06T08:45:16.340Z</time>
        <extensions><gpxtpx:TrackPointExtension><gpxtpx:hr>140</gpxtpx:hr></gpxtpx:TrackPointExtension></extensions>
      </trkpt>
      <trkpt lat="46.592522" lon="6.146450">
        <ele>987.6</ele>
        <time>2026-09-06T08:45:25.635Z</time>
        <extensions><gpxtpx:TrackPointExtension><gpxtpx:hr>139</gpxtpx:hr></gpxtpx:TrackPointExtension></extensions>
      </trkpt>
      <trkpt lat="46.592327" lon="6.145945">
        <ele>987.0</ele>
        <time>2026-09-06T08:45:34.957Z</time>
        <extensions><gpxtpx:TrackPointExtension><gpxtpx:hr>141</gpxtpx:hr></gpxtpx:TrackPointExtension></extensions>
      </trkpt>
      <trkpt lat="46.592131" lon="6.145437">
        <ele>986.5</ele>
        <time>2026-09-06T08:45:44.306Z</time>
        <extensions><gpxtpx:TrackPointExtension><gpxtpx:hr>141</gpxtpx:hr></gpxtpx:TrackPointExtension></extensions>
      </trkpt>
      <trkpt lat="46.591935" lon="6.144926">
        <ele>985.0</ele>
        <time>2026-09-06T08:45:53.681Z</time>
        <extensions><gpxtpx:TrackPointExtension><gpxtpx:hr>139</gpxtpx:hr></gpxtpx:TrackPointExtension></extensions>
      </trkpt>
      <trkpt lat="46.591739" lon="6.144412">
        <ele>984.1</ele>
        <time>2026-09-06T08:46:03.081Z</time>
        <extensions><gpxtpx:TrackPointExtension><gpxtpx:hr>138</gpxtpx:hr></gpxtpx:TrackPointExtension></extensions>
      </trkpt>
      <trkpt lat="46.591543" lon="6.143895">
        <ele>983.9</ele>
        <time>2026-09-06T08:46:12.508Z</time>
        <extensions><gpxtpx:TrackPointExtension><gpxtpx:hr>137</gpxtpx:hr></gpxtpx:TrackPointExtension></extensions>
      </trkpt>
      <trkpt lat="46.591347" lon="6.143376">
        <ele>983.4</ele>
        <time>2026-09-06T08:46:21.959Z</time>
        <extensions><gpxtpx:TrackPointExtension><gpxtpx:hr>140</gpxtpx:hr></gpxtpx:TrackPointExtension></extensions>
      </trkpt>
      <trkpt lat="46.591150" lon="6.142854">
        <ele>981.9</ele>
        <time>2026-09-06T08:46:31.435Z</time>
        <extensions><gpxtpx:TrackPointExtension><gpxtpx:hr>140</gpxtpx:hr></gpxtpx:TrackPointExtension></extensions>
      </trkpt>
      <trkpt lat="46.590952" lon="6.142329">
        <ele>981.7</ele>
        <time>2026-09-06T08:46:40.936Z</time>
        <extensions><gpxtpx:TrackPointExtension><gpxtpx:hr>140</gpxtpx:hr></gpxtpx:TrackPointExtension></extensions>
      </trkpt>
      <trkpt lat="46.590754" lon="6.141802">
        <ele>980.1</ele>
        <time>2026-09-06T08:46:50.459Z</time>
        <extensions><gpxtpx:TrackPointExtension><gpxtpx:hr>137</gpxtpx:hr></gpxtpx:TrackPointExtension></extensions>
      </trkpt>
      <trkpt lat="46.590555" lon="6.141272">
        <ele>980.8</ele>
        <time>2026-09-06T08:47:00.005Z</time>
        <extensions><gpxtpx:TrackPointExtension><gpxtpx:hr>139</gpxtpx:hr></gpxtpx:TrackPointExtension></extensions>
      </trkpt>
      <trkpt lat="46.590356" lon="6.140740">
        <ele>979.2</ele>
        <time>2026-09-06T08:47:09.573Z</time>
        <extensions><gpxtpx:TrackPointExtension><gpxtpx:hr>137</gpxtpx:hr></gpxtpx:TrackPointExtension></extensions>
      </trkpt>
      <trkpt lat="46.590155" lon="6.140206">
        <ele>978.7</ele>
        <time>2026-09-06T08:47:19.161Z</time>
        <extensions><gpxtpx:TrackPointExtension><gpxtpx:hr>137</gpxtpx:hr></gpxtpx:TrackPointExtension></extensions>
      </trkpt>
      <trkpt lat="46.589954" lon="6.139670">
        <ele>977.2</ele>
        <time>2026-09-06T08:47:28.768Z</time>
        <extensions><gpxtpx:TrackPointExtension><gpxtpx:hr>138</gpxtpx:hr></gpxtpx:TrackPointExtension></extensions>
      </trkpt>
      <trkpt lat="46.589752" lon="6.139132">
        <ele>976.5</ele>
        <time>2026-09-06T08:47:38.393Z</time>
        <extensions><gpxtpx:TrackPointExtension><gpxtpx:hr>138</gpxtpx:hr></gpxtpx:TrackPointExtension></extensions>
      </trkpt>
      <trkpt lat="46.589548" lon="6.138593">
        <ele>976.8</ele>
        <time>2026-09-06T08:47:48.035Z</time>
        <extensions><gpxtpx:TrackPointExtension><gpxtpx:hr>136</gpxtpx:hr></gpxtpx:TrackPointExtension></extensions>
      </trkpt>
      <trkpt lat="46.589343" lon="6.138052">
        <ele>975.0</ele>
        <time>2026-09-06T08:47:57.691Z</time>
        <extensions><gpxtpx:TrackPointExtension><gpxtpx:hr>137</gpxtpx:hr></gpxtpx:TrackPointExtension></extensions>
      </trkpt>
      <trkpt lat="46.589138" lon="6.137509">
        <ele>974.9</ele>
        <time>2026-09-06T08:48:07.362Z</time>
        <extensions><gpxtpx:TrackPointExtension><gpxtpx:hr>136</gpxtpx:hr></gpxtpx:TrackPointExtension></extensions>
      </trkpt>
      <trkpt lat="46.588930" lon="6.136966">
        <ele>973.5</ele>
        <time>2026-09-06T08:48:17.044Z</time>
        <extensions><gpxtpx:TrackPointExtension><gpxtpx:hr>138</gpxtpx:hr></gpxtpx:TrackPointExtension></extensions>
      </trkpt>
      <trkpt lat="46.588722" lon="6.136422">
        <ele>972.7</ele>
        <time>2026-09-06T08:48:26.737Z</time>
        <extensions><gpxtpx:TrackPointExtension><gpxtpx:hr>138</gpxtpx:hr></gpxtpx:TrackPointExtension></extensions>
      </trkpt>
      <trkpt lat="46.588511" lon="6.135876">
        <ele>972.9</ele>
        <time>2026-09-06T08:48:36.438Z</time>
        <extensions><gpxtpx:TrackPointExtension><gpxtpx:hr>138</gpxtpx:hr></gpxtpx:TrackPointExtension></extensions>
      </trkpt>
      <trkpt lat="46.588300" lon="6.135331">
        <ele>972.0</ele>
        <time>2026-09-06T08:48:46.146Z</time>
        <extensions><gpxtpx:TrackPointExtension><gpxtpx:hr>135</gpxtpx:hr></gpxtpx:TrackPointExtension></extensions>
      </trkpt>
      <trkpt lat="46.588086" lon="6.134785">
        <ele>970.3</ele>
        <time>2026-09-06T08:48:55.858Z</time>
        <extensions><gpxtpx:TrackPointExtension><gpxtpx:hr>135</gpxtpx:hr></gpxtpx:TrackPointExtension></extensions>
      </trkpt>
      <trkpt lat="46.587871" lon="6.134239">
        <ele>968.4</ele>
        <time>2026-09-06T08:49:05.574Z</time>
        <extensions><gpxtpx:TrackPointExtension><gpxtpx:hr>134</gpxtpx:hr></gpxtpx:TrackPointExtension></extensions>
      </trkpt>
      <trkpt lat="46.587653" lon="6.133693">
        <ele>968.9</ele>
        <time>2026-09-06T08:49:15.290Z</time>
        <extensions><gpxtpx:TrackPointExtension><gpxtpx:hr>135</gpxtpx:hr></gpxtpx:TrackPointExtension></extensions>
      </trkpt>
      <trkpt lat="46.587434" lon="6.133147">
        <ele>967.4</ele>
        <time>2026-09-06T08:49:25.005Z</time>
        <extensions><gpxtpx:TrackPointExtension><gpxtpx:hr>135</gpxtpx:hr></gpxtpx:TrackPointExtension></extensions>
      </trkpt>
      <trkpt lat="46.587213" lon="6.132602">
        <ele>966.1</ele>
        <time>2026-09-06T08:49:34.716Z</time>
        <extensions><gpxtpx:TrackPointExtension><gpxtpx:hr>137</gpxtpx:hr></gpxtpx:TrackPointExtension></extensions>
      </trkpt>
      <trkpt lat="46.586989" lon="6.132058">
        <ele>965.6</ele>
        <time>2026-09-06T08:49:44.421Z</time>
        <extensions><gpxtpx:TrackPointExtension><gpxtpx:hr>138</gpxtpx:hr></gpxtpx:TrackPointExtension></extensions>
      </trkpt>
      <trkpt lat="46.586763" lon="6.131515">
        <ele>964.1</ele>
        <time>2026-09-06T08:49:54.119Z</time>
        <extensions><gpxtpx:TrackPointExtension><gpxtpx:hr>137</gpxtpx:hr></gpxtpx:TrackPointExtension></extensions>
      </trkpt>
      <trkpt lat="46.586535" lon="6.130973">
        <ele>962.7</ele>
        <time>2026-09-06T08:50:03.806Z</time>
        <extensions><gpxtpx:TrackPointExtension><gpxtpx:hr>136</gpxtpx:hr></gpxtpx:TrackPointExtension></extensions>
      </trkpt>
      <trkpt lat="46.586305" lon="6.130433">
        <ele>963.0</ele>
        <time>2026-09-06T08:50:13.481Z</time>
        <extensions><gpxtpx:TrackPointExtension><gpxtpx:hr>134</gpxtpx:hr></gpxtpx:TrackPointExtension></extensions>
      </trkpt>
      <trkpt lat="46.586072" lon="6.129895">
        <ele>961.2</ele>
        <time>2026-09-06T08:50:23.142Z</time>
        <extensions><gpxtpx:TrackPointExtension><gpxtpx:hr>134</gpxtpx:hr></gpxtpx:TrackPointExtension></extensions>
      </trkpt>
      <trkpt lat="46.585836" lon="6.129359">
        <ele>959.9</ele>
        <time>2026-09-06T08:50:32.785Z</time>
        <extensions><gpxtpx:TrackPointExtension><gpxtpx:hr>135</gpxtpx:hr></gpxtpx:TrackPointExtension></extensions>
      </trkpt>
      <trkpt lat="46.585598" lon="6.128826">
        <ele>959.4</ele>
        <time>2026-09-06T08:50:42.409Z</time>
        <extensions><gpxtpx:TrackPointExtension><gpxtpx:hr>136</gpxtpx:hr></gpxtpx:TrackPointExtension></extensions>
      </trkpt>
      <trkpt lat="46.585357" lon="6.128295">
        <ele>958.7</ele>
        <time>2026-09-06T08:50:52.012Z</time>
        <extensions><gpxtpx:TrackPointExtension><gpxtpx:hr>135</gpxtpx:hr></gpxtpx:TrackPointExtension></extensions>
      </trkpt>
      <trkpt lat="46.585113" lon="6.127768">
        <ele>957.7</ele>
        <time>2026-09-06T08:51:01.591Z</time>
        <extensions><gpxtpx:TrackPointExtension><gpxtpx:hr>133</gpxtpx:hr></gpxtpx:TrackPointExtension></extensions>
      </trkpt>
      <trkpt lat="46.584866" lon="6.127243">
        <ele>954.8</ele>
        <time>2026-09-06T08:51:11.144Z</time>
        <extensions><gpxtpx:TrackPointExtension><gpxtpx:hr>134</gpxtpx:hr></gpxtpx:TrackPointExtension></extensions>
      </trkpt>
      <trkpt lat="46.584617" lon="6.126723">
        <ele>953.7</ele>
        <time>2026-09-06T08:51:20.669Z</time>
        <extensions><gpxtpx:TrackPointExtension><gpxtpx:hr>135</gpxtpx:hr></gpxtpx:TrackPointExtension></extensions>
      </trkpt>
      <trkpt lat="46.584364" lon="6.126206">
        <ele>952.5</ele>
        <time>2026-09-06T08:51:30.164Z</time>
        <extensions><gpxtpx:TrackPointExtension><gpxtpx:hr>133</gpxtpx:hr></gpxtpx:TrackPointExtension></extensions>
      </trkpt>
      <trkpt lat="46.584108" lon="6.125694">
        <ele>951.3</ele>
        <time>2026-09-06T08:51:39.626Z</time>
        <extensions><gpxtpx:TrackPointExtension><gpxtpx:hr>134</gpxtpx:hr></gpxtpx:TrackPointExtension></extensions>
      </trkpt>
      <trkpt lat="46.583850" lon="6.125187">
        <ele>950.5</ele>
        <time>2026-09-06T08:51:49.053Z</time>
        <extensions><gpxtpx:TrackPointExtension><gpxtpx:hr>135</gpxtpx:hr></gpxtpx:TrackPointExtension></extensions>
      </trkpt>
      <trkpt lat="46.583588" lon="6.124684">
        <ele>948.6</ele>
        <time>2026-09-06T08:51:58.444Z</time>
        <extensions><gpxtpx:TrackPointExtension><gpxtpx:hr>136</gpxtpx:hr></gpxtpx:TrackPointExtension></extensions>
      </trkpt>
      <trkpt lat="46.583323" lon="6.124187">
        <ele>947.2</ele>
        <time>2026-09-06T08:52:07.797Z</time>
        <extensions><gpxtpx:TrackPointExtension><gpxtpx:hr>133</gpxtpx:hr></gpxtpx:TrackPointExtension></extensions>
      </trkpt>
      <trkpt lat="46.583054" lon="6.123695">
        <ele>946.2</ele>
        <time>2026-09-06T08:52:17.109Z</time>
        <extensions><gpxtpx:TrackPointExtension><gpxtpx:hr>134</gpxtpx:hr></gpxtpx:TrackPointExtension></extensions>
      </trkpt>
      <trkpt lat="46.582782" lon="6.123209">
        <ele>945.1</ele>
        <time>2026-09-06T08:52:26.379Z</time>
        <extensions><gpxtpx:TrackPointExtension><gpxtpx:hr>133</gpxtpx:hr></gpxtpx:TrackPointExtension></extensions>
      </trkpt>
      <trkpt lat="46.582507" lon="6.122729">
        <ele>943.8</ele>
        <time>2026-09-06T08:52:35.605Z</time>
        <extensions><gpxtpx:TrackPointExtension><gpxtpx:hr>132</gpxtpx:hr></gpxtpx:TrackPointExtension></extensions>
      </trkpt>
      <trkpt lat="46.582229" lon="6.122256">
        <ele>943.2</ele>
        <time>2026-09-06T08:52:44.786Z</time>
        <extensions><gpxtpx:TrackPointExtension><gpxtpx:hr>132</gpxtpx:hr></gpxtpx:TrackPointExtension></extensions>
      </trkpt>
      <trkpt lat="46.581946" lon="6.121790">
        <ele>940.4</ele>
        <time>2026-09-06T08:52:53.919Z</time>
        <extensions><gpxtpx:TrackPointExtension><gpxtpx:hr>134</gpxtpx:hr></gpxtpx:TrackPointExtension></extensions>
      </trkpt>
      <trkpt lat="46.581661" lon="6.121331">
        <ele>940.4</ele>
        <time>2026-09-06T08:53:03.005Z</time>
        <extensions><gpxtpx:TrackPointExtension><gpxtpx:hr>131</gpxtpx:hr></gpxtpx:TrackPointExtension></extensions>
      </trkpt>
      <trkpt lat="46.581372" lon="6.120880">
        <ele>937.2</ele>
        <time>2026-09-06T08:53:12.041Z</time>
        <extensions><gpxtpx:TrackPointExtension><gpxtpx:hr>131</gpxtpx:hr></gpxtpx:TrackPointExtension></extensions>
      </trkpt>
      <trkpt lat="46.581079" lon="6.120436">
        <ele>936.5</ele>
        <time>2026-09-06T08:53:21.026Z</time>
        <extensions><gpxtpx:TrackPointExtension><gpxtpx:hr>131</gpxtpx:hr></gpxtpx:TrackPointExtension></extensions>
      </trkpt>
      <trkpt lat="46.580783" lon="6.120001">
        <ele>935.7</ele>
        <time>2026-09-06T08:53:29.960Z</time>
        <extensions><gpxtpx:TrackPointExtension><gpxtpx:hr>134</gpxtpx:hr></gpxtpx:TrackPointExtension></extensions>
      </trkpt>
      <trkpt lat="46.580484" lon="6.119574">
        <ele>933.3</ele>
        <time>2026-09-06T08:53:38.841Z</time>
        <extensions><gpxtpx:TrackPointExtension><gpxtpx:hr>132</gpxtpx:hr></gpxtpx:TrackPointExtension></extensions>
      </trkpt>
      <trkpt lat="46.580180" lon="6.119156">
        <ele>932.2</ele>
        <time>2026-09-06T08:53:47.669Z</time>
        <extensions><gpxtpx:TrackPointExtension><gpxtpx:hr>133</gpxtpx:hr></gpxtpx:TrackPointExtension></extensions>
      </trkpt>
      <trkpt lat="46.579873" lon="6.118747">
        <ele>930.2</ele>
        <time>2026-09-06T08:53:56.444Z</time>
        <extensions><gpxtpx:TrackPointExtension><gpxtpx:hr>131</gpxtpx:hr></gpxtpx:TrackPointExtension></extensions>
      </trkpt>
      <trkpt lat="46.579563" lon="6.118348">
        <ele>927.6</ele>
        <time>2026-09-06T08:54:05.165Z</time>
        <extensions><gpxtpx:TrackPointExtension><gpxtpx:hr>133</gpxtpx:hr></gpxtpx:TrackPointExtension></extensions>
      </trkpt>
      <trkpt lat="46.579249" lon="6.117958">
        <ele>927.5</ele>
        <time>2026-09-06T08:54:13.831Z</time>
        <extensions><gpxtpx:TrackPointExtension><gpxtpx:hr>132</gpxtpx:hr></gpxtpx:TrackPointExtension></extensions>
      </trkpt>
      <trkpt lat="46.578931" lon="6.117579">
        <ele>925.3</ele>
        <time>2026-09-06T08:54:22.444Z</time>
        <extensions><gpxtpx:TrackPointExtension><gpxtpx:hr>132</gpxtpx:hr></gpxtpx:TrackPointExtension></extensions>
      </trkpt>
      <trkpt lat="46.578610" lon="6.117210">
        <ele>923.0</ele>
        <time>2026-09-06T08:54:31.003Z</time>
        <extensions><gpxtpx:TrackPointExtension><gpxtpx:hr>131</gpxtpx:hr></gpxtpx:TrackPointExtension></extensions>
      </trkpt>
      <trkpt lat="46.578285" lon="6.116852">
        <ele>922.4</ele>
        <time>2026-09-06T08:54:39.509Z</time>
        <extensions><gpxtpx:TrackPointExtension><gpxtpx:hr>129</gpxtpx:hr></gpxtpx:TrackPointExtension></extensions>
      </trkpt>
      <trkpt lat="46.577957" lon="6.116505">
        <ele>920.0</ele>
        <time>2026-09-06T08:54:47.962Z</time>
        <extensions><gpxtpx:TrackPointExtension><gpxtpx:hr>130</gpxtpx:hr></gpxtpx:TrackPointExtension></extensions>
      </trkpt>
      <trkpt lat="46.577625" lon="6.116170">
        <ele>917.2</ele>
        <time>2026-09-06T08:54:56.363Z</time>
        <extensions><gpxtpx:TrackPointExtension><gpxtpx:hr>132</gpxtpx:hr></gpxtpx:TrackPointExtension></extensions>
      </trkpt>
      <trkpt lat="46.577289" lon="6.115846">
        <ele>916.8</ele>
        <time>2026-09-06T08:55:04.713Z</time>
        <extensions><gpxtpx:TrackPointExtension><gpxtpx:hr>131</gpxtpx:hr></gpxtpx:TrackPointExtension></extensions>
      </trkpt>
      <trkpt lat="46.576950" lon="6.115534">
        <ele>914.4</ele>
        <time>2026-09-06T08:55:13.013Z</time>
        <extensions><gpxtpx:TrackPointExtension><gpxtpx:hr>129</gpxtpx:hr></gpxtpx:TrackPointExtension></extensions>
      </trkpt>
      <trkpt lat="46.576608" lon="6.115234">
        <ele>912.3</ele>
        <time>2026-09-06T08:55:21.266Z</time>
        <extensions><gpxtpx:TrackPointExtension><gpxtpx:hr>132</gpxtpx:hr></gpxtpx:TrackPointExtension></extensions>
      </trkpt>
      <trkpt lat="46.576262" lon="6.114947">
        <ele>910.4</ele>
        <time>2026-09-06T08:55:29.472Z</time>
        <extensions><gpxtpx:TrackPointExtension><gpxtpx:hr>131</gpxtpx:hr></gpxtpx:TrackPointExtension></extensions>
      </trkpt>
      <trkpt lat="46.575913" lon="6.114673">
        <ele>908.9</ele>
        <time>2026-09-06T08:55:37.633Z</time>
        <extensions><gpxtpx:TrackPointExtension><gpxtpx:hr>129</gpxtpx:hr></gpxtpx:TrackPointExtension></extensions>
      </trkpt>
      <trkpt lat="46.575560" lon="6.114412">
        <ele>906.0</ele>
        <time>2026-09-06T08:55:45.752Z</time>
        <extensions><gpxtpx:TrackPointExtension><gpxtpx:hr>132</gpxtpx:hr></gpxtpx:TrackPointExtension></extensions>
      </trkpt>
      <trkpt lat="46.575204" lon="6.114164">
        <ele>903.4</ele>
        <time>2026-09-06T08:55:53.830Z</time>
        <extensions><gpxtpx:TrackPointExtension><gpxtpx:hr>131</gpxtpx:hr></gpxtpx:TrackPointExtension></extensions>
      </trkpt>
      <trkpt lat="46.574845" lon="6.113930">
        <ele>901.7</ele>
        <time>2026-09-06T08:56:01.871Z</time>
        <extensions><gpxtpx:TrackPointExtension><gpxtpx:hr>132</gpxtpx:hr></gpxtpx:TrackPointExtension></extensions>
      </trkpt>
      <trkpt lat="46.574483" lon="6.113709">
        <ele>900.2</ele>
        <time>2026-09-06T08:56:09.877Z</time>
        <extensions><gpxtpx:TrackPointExtension><gpxtpx:hr>129</gpxtpx:hr></gpxtpx:TrackPointExtension></extensions>
      </trkpt>
      <trkpt lat="46.574118" lon="6.113503">
        <ele>897.3</ele>
        <time>2026-09-06T08:56:17.851Z</time>
        <extensions><gpxtpx:TrackPointExtension><gpxtpx:hr>129</gpxtpx:hr></gpxtpx:TrackPointExtension></extensions>
      </trkpt>
      <trkpt lat="46.573750" lon="6.113311">
        <ele>895.1</ele>
        <time>2026-09-06T08:56:25.796Z</time>
        <extensions><gpxtpx:TrackPointExtension><gpxtpx:hr>130</gpxtpx:hr></gpxtpx:TrackPointExtension></extensions>
      </trkpt>
      <trkpt lat="46.573378" lon="6.113134">
        <ele>893.6</ele>
        <time>2026-09-06T08:56:33.715Z</time>
        <extensions><gpxtpx:TrackPointExtension><gpxtpx:hr>128</gpxtpx:hr></gpxtpx:TrackPointExtension></extensions>
      </trkpt>
      <trkpt lat="46.573004" lon="6.112971">
        <ele>890.5</ele>
        <time>2026-09-06T08:56:41.611Z</time>
        <extensions><gpxtpx:TrackPointExtension><gpxtpx:hr>130</gpxtpx:hr></gpxtpx:TrackPointExtension></extensions>
      </trkpt>
      <trkpt lat="46.572627" lon="6.112823">
        <ele>888.5</ele>
        <time>2026-09-06T08:56:49.488Z</time>
        <extensions><gpxtpx:TrackPointExtension><gpxtpx:hr>130</gpxtpx:hr></gpxtpx:TrackPointExtension></extensions>
      </trkpt>
      <trkpt lat="46.572247" lon="6.112691">
        <ele>886.6</ele>
        <time>2026-09-06T08:56:56.048Z</time>
        <extensions><gpxtpx:TrackPointExtension><gpxtpx:hr>128</gpxtpx:hr></gpxtpx:TrackPointExtension></extensions>
      </trkpt>
      <trkpt lat="46.571865" lon="6.112574">
        <ele>882.7</ele>
        <time>2026-09-06T08:57:02.595Z</time>
        <extensions><gpxtpx:TrackPointExtension><gpxtpx:hr>129</gpxtpx:hr></gpxtpx:TrackPointExtension></extensions>
      </trkpt>
      <trkpt lat="46.571480" lon="6.112472">
        <ele>881.5</ele>
        <time>2026-09-06T08:57:09.134Z</time>
        <extensions><gpxtpx:TrackPointExtension><gpxtpx:hr>127</gpxtpx:hr></gpxtpx:TrackPointExtension></extensions>
      </trkpt>
      <trkpt lat="46.571092" lon="6.112387">
        <ele>879.1</ele>
        <time>2026-09-06T08:57:15.666Z</time>
        <extensions><gpxtpx:TrackPointExtension><gpxtpx:hr>130</gpxtpx:hr></gpxtpx:TrackPointExtension></extensions>
      </trkpt>
      <trkpt lat="46.570703" lon="6.112317">
        <ele>876.2</ele>
        <time>2026-09-06T08:57:22.196Z</time>
        <extensions><gpxtpx:TrackPointExtension><gpxtpx:hr>127</gpxtpx:hr></gpxtpx:TrackPointExtension></extensions>
      </trkpt>
      <trkpt lat="46.570311" lon="6.112263">
        <ele>872.9</ele>
        <time>2026-09-06T08:57:28.727Z</time>
        <extensions><gpxtpx:TrackPointExtension><gpxtpx:hr>129</gpxtpx:hr></gpxtpx:TrackPointExtension></extensions>
      </trkpt>
      <trkpt lat="46.569916" lon="6.112225">
        <ele>872.0</ele>
        <time>2026-09-06T08:57:35.262Z</time>
        <extensions><gpxtpx:TrackPointExtension><gpxtpx:hr>129</gpxtpx:hr></gpxtpx:TrackPointExtension></extensions>
      </trkpt>
      <trkpt lat="46.569520" lon="6.112204">
        <ele>867.9</ele>
        <time>2026-09-06T08:57:41.806Z</time>
        <extensions><gpxtpx:TrackPointExtension><gpxtpx:hr>128</gpxtpx:hr></gpxtpx:TrackPointExtension></extensions>
      </trkpt>
      <trkpt lat="46.569122" lon="6.112199">
        <ele>866.6</ele>
        <time>2026-09-06T08:57:48.360Z</time>
        <extensions><gpxtpx:TrackPointExtension><gpxtpx:hr>129</gpxtpx:hr></gpxtpx:TrackPointExtension></extensions>
      </trkpt>
      <trkpt lat="46.568722" lon="6.112210">
        <ele>862.7</ele>
        <time>2026-09-06T08:57:54.929Z</time>
        <extensions><gpxtpx:TrackPointExtension><gpxtpx:hr>127</gpxtpx:hr></gpxtpx:TrackPointExtension></extensions>
      </trkpt>
      <trkpt lat="46.568320" lon="6.112238">
        <ele>860.6</ele>
        <time>2026-09-06T08:58:01.516Z</time>
        <extensions><gpxtpx:TrackPointExtension><gpxtpx:hr>129</gpxtpx:hr></gpxtpx:TrackPointExtension></extensions>
      </trkpt>
      <trkpt lat="46.567916" lon="6.112283">
        <ele>858.3</ele>
        <time>2026-09-06T08:58:08.124Z</time>
        <extensions><gpxtpx:TrackPointExtension><gpxtpx:hr>126</gpxtpx:hr></gpxtpx:TrackPointExtension></extensions>
      </trkpt>
      <trkpt lat="46.567511" lon="6.112345">
        <ele>856.2</ele>
        <time>2026-09-06T08:58:14.756Z</time>
        <extensions><gpxtpx:TrackPointExtension><gpxtpx:hr>126</gpxtpx:hr></gpxtpx:TrackPointExtension></extensions>
      </trkpt>
      <trkpt lat="46.567105" lon="6.112423">
        <ele>853.1</ele>
        <time>2026-09-06T08:58:21.416Z</time>
        <extensions><gpxtpx:TrackPointExtension><gpxtpx:hr>126</gpxtpx:hr></gpxtpx:TrackPointExtension></extensions>
      </trkpt>
      <trkpt lat="46.566697" lon="6.112518">
        <ele>849.2</ele>
        <time>2026-09-06T08:58:28.105Z</time>
        <extensions><gpxtpx:TrackPointExtension><gpxtpx:hr>129</gpxtpx:hr></gpxtpx:TrackPointExtension></extensions>
      </trkpt>
      <trkpt lat="46.566288" lon="6.112630">
        <ele>847.8</ele>
        <time>2026-09-06T08:58:34.829Z</time>
        <extensions><gpxtpx:TrackPointExtension><gpxtpx:hr>127</gpxtpx:hr></gpxtpx:TrackPointExtension></extensions>
      </trkpt>
      <trkpt lat="46.565879" lon="6.112759">
        <ele>843.7</ele>
        <time>2026-09-06T08:58:41.588Z</time>
        <extensions><gpxtpx:TrackPointExtension><gpxtpx:hr>129</gpxtpx:hr></gpxtpx:TrackPointExtension></extensions>
      </trkpt>
      <trkpt lat="46.565468" lon="6.112906">
        <ele>841.3</ele>
        <time>2026-09-06T08:58:48.385Z</time>
        <extensions><gpxtpx:TrackPointExtension><gpxtpx:hr>126</gpxtpx:hr></gpxtpx:TrackPointExtension></extensions>
      </trkpt>
      <trkpt lat="46.565056" lon="6.113068">
        <ele>838.2</ele>
        <time>2026-09-06T08:58:55.223Z</time>
        <extensions><gpxtpx:TrackPointExtension><gpxtpx:hr>128</gpxtpx:hr></gpxtpx:TrackPointExtension></extensions>
      </trkpt>
      <trkpt lat="46.564644" lon="6.113248">
        <ele>835.0</ele>
        <time>2026-09-06T08:59:02.105Z</time>
        <extensions><gpxtpx:TrackPointExtension><gpxtpx:hr>125</gpxtpx:hr></gpxtpx:TrackPointExtension></extensions>
      </trkpt>
      <trkpt lat="46.564232" lon="6.113445">
        <ele>832.1</ele>
        <time>2026-09-06T08:59:09.032Z</time>
        <extensions><gpxtpx:TrackPointExtension><gpxtpx:hr>127</gpxtpx:hr></gpxtpx:TrackPointExtension></extensions>
      </trkpt>
      <trkpt lat="46.563819" lon="6.113659">
        <ele>829.9</ele>
        <time>2026-09-06T08:59:16.005Z</time>
        <extensions><gpxtpx:TrackPointExtension><gpxtpx:hr>126</gpxtpx:hr></gpxtpx:TrackPointExtension></extensions>
      </trkpt>
      <trkpt lat="46.563406" lon="6.113889">
        <ele>825.9</ele>
        <time>2026-09-06T08:59:23.028Z</time>
        <extensions><gpxtpx:TrackPointExtension><gpxtpx:hr>126</gpxtpx:hr></gpxtpx:TrackPointExtension></extensions>
      </trkpt>
      <trkpt lat="46.562992" lon="6.114136">
        <ele>822.7</ele>
        <time>2026-09-06T08:59:30.102Z</time>
        <extensions><gpxtpx:TrackPointExtension><gpxtpx:hr>126</gpxtpx:hr></gpxtpx:TrackPointExtension></extensions>
      </trkpt>
      <trkpt lat="46.562579" lon="6.114400">
        <ele>820.2</ele>
        <time>2026-09-06T08:59:37.227Z</time>
        <extensions><gpxtpx:TrackPointExtension><gpxtpx:hr>127</gpxtpx:hr></gpxtpx:TrackPointExtension></extensions>
      </trkpt>
      <trkpt lat="46.562166" lon="6.114680">
        <ele>817.3</ele>
        <time>2026-09-06T08:59:44.405Z</time>
        <extensions><gpxtpx:TrackPointExtension><gpxtpx:hr>127</gpxtpx:hr></gpxtpx:TrackPointExtension></extensions>
      </trkpt>
      <trkpt lat="46.561753" lon="6.114977">
        <ele>814.5</ele>
        <time>2026-09-06T08:59:51.637Z</time>
        <extensions><gpxtpx:TrackPointExtension><gpxtpx:hr>126</gpxtpx:hr></gpxtpx:TrackPointExtension></extensions>
      </trkpt>
      <trkpt lat="46.561341" lon="6.115290">
        <ele>810.6</ele>
        <time>2026-09-06T08:59:58.924Z</time>
        <extensions><gpxtpx:TrackPointExtension><gpxtpx:hr>125</gpxtpx:hr></gpxtpx:TrackPointExtension></extensions>
      </trkpt>
      <trkpt lat="46.560929" lon="6.115620">
        <ele>808.6</ele>
        <time>2026-09-06T09:00:06.267Z</time>
        <extensions><gpxtpx:TrackPointExtension><gpxtpx:hr>126</gpxtpx:hr></gpxtpx:TrackPointExtension></extensions>
      </trkpt>
      <trkpt lat="46.560518" lon="6.115965">
        <ele>804.8</ele>
        <time>2026-09-06T09:00:13.666Z</time>
        <extensions><gpxtpx:TrackPointExtension><gpxtpx:hr>126</gpxtpx:hr></gpxtpx:TrackPointExtension></extensions>
      </trkpt>
      <trkpt lat="46.560108" lon="6.116326">
        <ele>802.1</ele>
        <time>2026-09-06T09:00:21.121Z</time>
        <extensions><gpxtpx:TrackPointExtension><gpxtpx:hr>127</gpxtpx:hr></gpxtpx:TrackPointExtension></extensions>
      </trkpt>
      <trkpt lat="46.559699" lon="6.116704">
        <ele>797.5</ele>
        <time>2026-09-06T09:00:28.632Z</time>
        <extensions><gpxtpx:TrackPointExtension><gpxtpx:hr>125</gpxtpx:hr></gpxtpx:TrackPointExtension></extensions>
      </trkpt>
      <trkpt lat="46.559291" lon="6.117096">
        <ele>795.8</ele>
        <time>2026-09-06T09:00:36.199Z</time>
        <extensions><gpxtpx:TrackPointExtension><gpxtpx:hr>126</gpxtpx:hr></gpxtpx:TrackPointExtension></extensions>
      </trkpt>
      <trkpt lat="46.558884" lon="6.117504">
        <ele>791.7</ele>
        <time>2026-09-06T09:00:43.822Z</time>
        <extensions><gpxtpx:TrackPointExtension><gpxtpx:hr>125</gpxtpx:hr></gpxtpx:TrackPointExtension></extensions>
      </trkpt>
      <trkpt lat="46.558478" lon="6.117928">
        <ele>789.5</ele>
        <time>2026-09-06T09:00:51.501Z</time>
        <extensions><gpxtpx:TrackPointExtension><gpxtpx:hr>124</gpxtpx:hr></gpxtpx:TrackPointExtension></extensions>
      </trkpt>
      <trkpt lat="46.558074" lon="6.118366">
        <ele>785.9</ele>
        <time>2026-09-06T09:00:59.235Z</time>
        <extensions><gpxtpx:TrackPointExtension><gpxtpx:hr>126</gpxtpx:hr></gpxtpx:TrackPointExtension></extensions>
      </trkpt>
      <trkpt lat="46.557672" lon="6.118819">
        <ele>781.3</ele>
        <time>2026-09-06T09:01:07.023Z</time>
        <extensions><gpxtpx:TrackPointExtension><gpxtpx:hr>124</gpxtpx:hr></gpxtpx:TrackPointExtension></extensions>
      </trkpt>
      <trkpt lat="46.557271" lon="6.119287">
        <ele>778.0</ele>
        <time>2026-09-06T09:01:14.864Z</time>
        <extensions><gpxtpx:TrackPointExtension><gpxtpx:hr>123</gpxtpx:hr></gpxtpx:TrackPointExtension></extensions>
      </trkpt>
      <trkpt lat="46.556873" lon="6.119768">
        <ele>776.1</ele>
        <time>2026-09-06T09:01:22.757Z</time>
        <extensions><gpxtpx:TrackPointExtension><gpxtpx:hr>123</gpxtpx:hr></gpxtpx:TrackPointExtension></extensions>
      </trkpt>
      <trkpt lat="46.556476" lon="6.120264">
        <ele>772.3</ele>
        <time>2026-09-06T09:01:30.701Z</time>
        <extensions><gpxtpx:TrackPointExtension><gpxtpx:hr>125</gpxtpx:hr></gpxtpx:TrackPointExtension></extensions>
      </trkpt>
      <trkpt lat="46.556081" lon="6.120774">
        <ele>769.6</ele>
        <time>2026-09-06T09:01:38.694Z</time>
        <extensions><gpxtpx:TrackPointExtension><gpxtpx:hr>122</gpxtpx:hr></gpxtpx:TrackPointExtension></extensions>
      </trkpt>
      <trkpt lat="46.555689" lon="6.121297">
        <ele>764.5</ele>
        <time>2026-09-06T09:01:46.736Z</time>
        <extensions><gpxtpx:TrackPointExtension><gpxtpx:hr>122</gpxtpx:hr></gpxtpx:TrackPointExtension></extensions>
      </trkpt>
      <trkpt lat="46.555299" lon="6.121833">
        <ele>761.1</ele>
        <time>2026-09-06T09:01:54.824Z</time>
        <extensions><gpxtpx:TrackPointExtension><gpxtpx:hr>125</gpxtpx:hr></gpxtpx:TrackPointExtension></extensions>
      </trkpt>
      <trkpt lat="46.554911" lon="6.122382">
        <ele>759.6</ele>
        <time>2026-09-06T09:02:02.956Z</time>
        <extensions><gpxtpx:TrackPointExtension><gpxtpx:hr>122</gpxtpx:hr></gpxtpx:TrackPointExtension></extensions>
      </trkpt>
      <trkpt lat="46.554526" lon="6.122944">
        <ele>755.8</ele>
        <time>2026-09-06T09:02:11.131Z</time>
        <extensions><gpxtpx:TrackPointExtension><gpxtpx:hr>122</gpxtpx:hr></gpxtpx:TrackPointExtension></extensions>
      </trkpt>
      <trkpt lat="46.554144" lon="6.123518">
        <ele>752.7</ele>
        <time>2026-09-06T09:02:19.346Z</time>
        <extensions><gpxtpx:TrackPointExtension><gpxtpx:hr>124</gpxtpx:hr></gpxtpx:TrackPointExtension></extensions>
      </trkpt>
      <trkpt lat="46.553765" lon="6.124104">
        <ele>749.2</ele>
        <time>2026-09-06T09:02:27.601Z</time>
        <extensions><gpxtpx:TrackPointExtension><gpxtpx:hr>122</gpxtpx:hr></gpxtpx:TrackPointExtension></extensions>
      </trkpt>
      <trkpt lat="46.553388" lon="6.124701">
        <ele>744.9</ele>
        <time>2026-09-06T09:02:35.891Z</time>
        <extensions><gpxtpx:TrackPointExtension><gpxtpx:hr>125</gpxtpx:hr></gpxtpx:TrackPointExtension></extensions>
      </trkpt>
      <trkpt lat="46.553015" lon="6.125310">
        <ele>742.2</ele>
        <time>2026-09-06T09:02:44.215Z</time>
        <extensions><gpxtpx:TrackPointExtension><gpxtpx:hr>123</gpxtpx:hr></gpxtpx:TrackPointExtension></extensions>
      </trkpt>
      <trkpt lat="46.552644" lon="6.125929">
        <ele>737.1</ele>
        <time>2026-09-06T09:02:52.571Z</time>
        <extensions><gpxtpx:TrackPointExtension><gpxtpx:hr>124</gpxtpx:hr></gpxtpx:TrackPointExtension></extensions>
      </trkpt>
      <trkpt lat="46.552277" lon="6.126559">
        <ele>734.1</ele>
        <time>2026-09-06T09:03:00.956Z</time>
        <extensions><gpxtpx:TrackPointExtension><gpxtpx:hr>123</gpxtpx:hr></gpxtpx:TrackPointExtension></extensions>
      </trkpt>
      <trkpt lat="46.551913" lon="6.127200">
        <ele>730.6</ele>
        <time>2026-09-06T09:03:09.368Z</time>
        <extensions><gpxtpx:TrackPointExtension><gpxtpx:hr>122</gpxtpx:hr></gpxtpx:TrackPointExtension></extensions>
      </trkpt>
      <trkpt lat="46.551552" lon="6.127850">
        <ele>728.1</ele>
        <time>2026-09-06T09:03:17.803Z</time>
        <extensions><gpxtpx:TrackPointExtension><gpxtpx:hr>122</gpxtpx:hr></gpxtpx:TrackPointExtension></extensions>
      </trkpt>
      <trkpt lat="46.551195" lon="6.128509">
        <ele>724.8</ele>
        <time>2026-09-06T09:03:26.259Z</time>
        <extensions><gpxtpx:TrackPointExtension><gpxtpx:hr>122</gpxtpx:hr></gpxtpx:TrackPointExtension></extensions>
      </trkpt>
      <trkpt lat="46.550842" lon="6.129177">
        <ele>720.2</ele>
        <time>2026-09-06T09:03:34.733Z</time>
        <extensions><gpxtpx:TrackPointExtension><gpxtpx:hr>121</gpxtpx:hr></gpxtpx:TrackPointExtension></extensions>
      </trkpt>
      <trkpt lat="46.550491" lon="6.129854">
        <ele>717.7</ele>
        <time>2026-09-06T09:03:43.223Z</time>
        <extensions><gpxtpx:TrackPointExtension><gpxtpx:hr>123</gpxtpx:hr></gpxtpx:TrackPointExtension></extensions>
      </trkpt>
      <trkpt lat="46.550145" lon="6.130540">
        <ele>713.7</ele>
        <time>2026-09-06T09:03:51.725Z</time>
        <extensions><gpxtpx:TrackPointExtension><gpxtpx:hr>122</gpxtpx:hr></gpxtpx:TrackPointExtension></extensions>
      </trkpt>
      <trkpt lat="46.549802" lon="6.131233">
        <ele>709.4</ele>
        <time>2026-09-06T09:04:00.236Z</time>
        <extensions><gpxtpx:TrackPointExtension><gpxtpx:hr>120</gpxtpx:hr></gpxtpx:TrackPointExtension></extensions>
      </trkpt>
      <trkpt lat="46.549464" lon="6.131933">
        <ele>706.5</ele>
        <time>2026-09-06T09:04:08.754Z</time>
        <extensions><gpxtpx:TrackPointExtension><gpxtpx:hr>122</gpxtpx:hr></gpxtpx:TrackPointExtension></extensions>
      </trkpt>
      <trkpt lat="46.549129" lon="6.132640">
        <ele>703.9</ele>
        <time>2026-09-06T09:04:17.276Z</time>
        <extensions><gpxtpx:TrackPointExtension><gpxtpx:hr>123</gpxtpx:hr></gpxtpx:TrackPointExtension></extensions>
      </trkpt>
      <trkpt lat="46.548797" lon="6.133354">
        <ele>699.1</ele>
        <time>2026-09-06T09:04:25.797Z</time>
        <extensions><gpxtpx:TrackPointExtension><gpxtpx:hr>121</gpxtpx:hr></gpxtpx:TrackPointExtension></extensions>
      </trkpt>
      <trkpt lat="46.548470" lon="6.134074">
        <ele>695.7</ele>
        <time>2026-09-06T09:04:34.316Z</time>
        <extensions><gpxtpx:TrackPointExtension><gpxtpx:hr>120</gpxtpx:hr></gpxtpx:TrackPointExtension></extensions>
      </trkpt>
      <trkpt lat="46.548147" lon="6.134799">
        <ele>692.9</ele>
        <time>2026-09-06T09:04:42.828Z</time>
        <extensions><gpxtpx:TrackPointExtension><gpxtpx:hr>123</gpxtpx:hr></gpxtpx:TrackPointExtension></extensions>
      </trkpt>
      <trkpt lat="46.547828" lon="6.135530">
        <ele>688.8</ele>
        <time>2026-09-06T09:04:51.331Z</time>
        <extensions><gpxtpx:TrackPointExtension><gpxtpx:hr>120</gpxtpx:hr></gpxtpx:TrackPointExtension></extensions>
      </trkpt>
      <trkpt lat="46.547513" lon="6.136266">
        <ele>685.8</ele>
        <time>2026-09-06T09:04:59.822Z</time>
        <extensions><gpxtpx:TrackPointExtension><gpxtpx:hr>120</gpxtpx:hr></gpxtpx:TrackPointExtension></extensions>
      </trkpt>
      <trkpt lat="46.547202" lon="6.137006">
        <ele>681.0</ele>
        <time>2026-09-06T09:05:08.297Z</time>
        <extensions><gpxtpx:TrackPointExtension><gpxtpx:hr>121</gpxtpx:hr></gpxtpx:TrackPointExtension></extensions>
      </trkpt>
      <trkpt lat="46.546895" lon="6.137750">
        <ele>678.5</ele>
        <time>2026-09-06T09:05:16.753Z</time>
        <extensions><gpxtpx:TrackPointExtension><gpxtpx:hr>120</gpxtpx:hr></gpxtpx:TrackPointExtension></extensions>
      </trkpt>
      <trkpt lat="46.546593" lon="6.138497">
        <ele>675.4</ele>
        <time>2026-09-06T09:05:25.187Z</time>
        <extensions><gpxtpx:TrackPointExtension><gpxtpx:hr>122</gpxtpx:hr></gpxtpx:TrackPointExtension></extensions>
      </trkpt>
      <trkpt lat="46.546294" lon="6.139247">
        <ele>670.8</ele>
        <time>2026-09-06T09:05:33.596Z</time>
        <extensions><gpxtpx:TrackPointExtension><gpxtpx:hr>123</gpxtpx:hr></gpxtpx:TrackPointExtension></extensions>
      </trkpt>
      <trkpt lat="46.546000" lon="6.140000">
        <ele>667.2</ele>
        <time>2026-09-06T09:05:41.976Z</time>
        <extensions><gpxtpx:TrackPointExtension><gpxtpx:hr>120</gpxtpx:hr></gpxtpx:TrackPointExtension></extensions>
      </trkpt>
      <trkpt lat="46.545710" lon="6.140755">
        <ele>663.9</ele>
        <time>2026-09-06T09:05:50.324Z</time>
        <extensions><gpxtpx:TrackPointExtension><gpxtpx:hr>119</gpxtpx:hr></gpxtpx:TrackPointExtension></extensions>
      </trkpt>
      <trkpt lat="46.545424" lon="6.141512">
        <ele>662.0</ele>
        <time>2026-09-06T09:05:58.637Z</time>
        <extensions><gpxtpx:TrackPointExtension><gpxtpx:hr>119</gpxtpx:hr></gpxtpx:TrackPointExtension></extensions>
      </trkpt>
      <trkpt lat="46.545142" lon="6.142269">
        <ele>657.8</ele>
        <time>2026-09-06T09:06:06.912Z</time>
        <extensions><gpxtpx:TrackPointExtension><gpxtpx:hr>120</gpxtpx:hr></gpxtpx:TrackPointExtension></extensions>
      </trkpt>
      <trkpt lat="46.544865" lon="6.143028">
        <ele>655.2</ele>
        <time>2026-09-06T09:06:15.146Z</time>
        <extensions><gpxtpx:TrackPointExtension><gpxtpx:hr>120</gpxtpx:hr></gpxtpx:TrackPointExtension></extensions>
      </trkpt>
      <trkpt lat="46.544592" lon="6.143787">
        <ele>651.8</ele>
        <time>2026-09-06T09:06:23.335Z</time>
        <extensions><gpxtpx:TrackPointExtension><gpxtpx:hr>121</gpxtpx:hr></gpxtpx:TrackPointExtension></extensions>
      </trkpt>
      <trkpt lat="46.544322" lon="6.144546">
        <ele>648.1</ele>
        <time>2026-09-06T09:06:31.477Z</time>
        <extensions><gpxtpx:TrackPointExtension><gpxtpx:hr>120</gpxtpx:hr></gpxtpx:TrackPointExtension></extensions>
      </trkpt>
      <trkpt lat="46.544057" lon="6.145304">
        <ele>643.5</ele>
        <time>2026-09-06T09:06:39.568Z</time>
        <extensions><gpxtpx:TrackPointExtension><gpxtpx:hr>120</gpxtpx:hr></gpxtpx:TrackPointExtension></extensions>
      </trkpt>
      <trkpt lat="46.543797" lon="6.146061">
        <ele>641.5</ele>
        <time>2026-09-06T09:06:47.605Z</time>
        <extensions><gpxtpx:TrackPointExtension><gpxtpx:hr>119</gpxtpx:hr></gpxtpx:TrackPointExtension></extensions>
      </trkpt>
      <trkpt lat="46.543540" lon="6.146817">
        <ele>636.4</ele>
        <time>2026-09-06T09:06:55.586Z</time>
        <extensions><gpxtpx:TrackPointExtension><gpxtpx:hr>118</gpxtpx:hr></gpxtpx:TrackPointExtension></extensions>
      </trkpt>
      <trkpt lat="46.543287" lon="6.147571">
        <ele>633.5</ele>
        <time>2026-09-06T09:07:03.507Z</time>
        <extensions><gpxtpx:TrackPointExtension><gpxtpx:hr>121</gpxtpx:hr></gpxtpx:TrackPointExtension></extensions>
      </trkpt>
      <trkpt lat="46.543038" lon="6.148323">
        <ele>631.5</ele>
        <time>2026-09-06T09:07:11.365Z</time>
        <extensions><gpxtpx:TrackPointExtension><gpxtpx:hr>118</gpxtpx:hr></gpxtpx:TrackPointExtension></extensions>
      </trkpt>
      <trkpt lat="46.542794" lon="6.149072">
        <ele>627.5</ele>
        <time>2026-09-06T09:07:19.158Z</time>
        <extensions><gpxtpx:TrackPointExtension><gpxtpx:hr>120</gpxtpx:hr></gpxtpx:TrackPointExtension></extensions>
      </trkpt>
      <trkpt lat="46.542553" lon="6.149818">
        <ele>624.5</ele>
        <time>2026-09-06T09:07:26.883Z</time>
        <extensions><gpxtpx:TrackPointExtension><gpxtpx:hr>119</gpxtpx:hr></gpxtpx:TrackPointExtension></extensions>
      </trkpt>
      <trkpt lat="46.542316" lon="6.150560">
        <ele>620.8</ele>
        <time>2026-09-06T09:07:34.537Z</time>
        <extensions><gpxtpx:TrackPointExtension><gpxtpx:hr>118</gpxtpx:hr></gpxtpx:TrackPointExtension></extensions>
      </trkpt>
      <trkpt lat="46.542083" lon="6.151298">
        <ele>616.6</ele>
        <time>2026-09-06T09:07:42.118Z</time>
        <extensions><gpxtpx:TrackPointExtension><gpxtpx:hr>118</gpxtpx:hr></gpxtpx:TrackPointExtension></extensions>
      </trkpt>
      <trkpt lat="46.541854" lon="6.152032">
        <ele>614.4</ele>
        <time>2026-09-06T09:07:49.622Z</time>
        <extensions><gpxtpx:TrackPointExtension><gpxtpx:hr>118</gpxtpx:hr></gpxtpx:TrackPointExtension></extensions>
      </trkpt>
      <trkpt lat="46.541628" lon="6.152761">
        <ele>610.4</ele>
        <time>2026-09-06T09:07:57.048Z</time>
        <extensions><gpxtpx:TrackPointExtension><gpxtpx:hr>119</gpxtpx:hr></gpxtpx:TrackPointExtension></extensions>
      </trkpt>
      <trkpt lat="46.541406" lon="6.153485">
        <ele>608.1</ele>
        <time>2026-09-06T09:08:04.392Z</time>
        <extensions><gpxtpx:TrackPointExtension><gpxtpx:hr>118</gpxtpx:hr></gpxtpx:TrackPointExtension></extensions>
      </trkpt>
      <trkpt lat="46.541188" lon="6.154204">
        <ele>604.1</ele>
        <time>2026-09-06T09:08:11.653Z</time>
        <extensions><gpxtpx:TrackPointExtension><gpxtpx:hr>120</gpxtpx:hr></gpxtpx:TrackPointExtension></extensions>
      </trkpt>
      <trkpt lat="46.540973" lon="6.154916">
        <ele>602.3</ele>
        <time>2026-09-06T09:08:18.828Z</time>
        <extensions><gpxtpx:TrackPointExtension><gpxtpx:hr>120</gpxtpx:hr></gpxtpx:TrackPointExtension></extensions>
      </trkpt>
      <trkpt lat="46.540762" lon="6.155622">
        <ele>599.0</ele>
        <time>2026-09-06T09:08:25.915Z</time>
        <extensions><gpxtpx:TrackPointExtension><gpxtpx:hr>117</gpxtpx:hr></gpxtpx:TrackPointExtension></extensions>
      </trkpt>
      <trkpt lat="46.540554" lon="6.156322">
        <ele>595.2</ele>
        <time>2026-09-06T09:08:32.911Z</time>
        <extensions><gpxtpx:TrackPointExtension><gpxtpx:hr>119</gpxtpx:hr></gpxtpx:TrackPointExtension></extensions>
      </trkpt>
      <trkpt lat="46.540349" lon="6.157014">
        <ele>592.2</ele>
        <time>2026-09-06T09:08:39.815Z</time>
        <extensions><gpxtpx:TrackPointExtension><gpxtpx:hr>119</gpxtpx:hr></gpxtpx:TrackPointExtension></extensions>
      </trkpt>
      <trkpt lat="46.540147" lon="6.157699">
        <ele>589.1</ele>
        <time>2026-09-06T09:08:46.625Z</time>
        <extensions><gpxtpx:TrackPointExtension><gpxtpx:hr>118</gpxtpx:hr></gpxtpx:TrackPointExtension></extensions>
      </trkpt>
      <trkpt lat="46.539949" lon="6.158377">
        <ele>586.6</ele>
        <time>2026-09-06T09:08:53.338Z</time>
        <extensions><gpxtpx:TrackPointExtension><gpxtpx:hr>117</gpxtpx:hr></gpxtpx:TrackPointExtension></extensions>
      </trkpt>
      <trkpt lat="46.539753" lon="6.159046">
        <ele>582.7</ele>
        <time>2026-09-06T09:08:59.953Z</time>
        <extensions><gpxtpx:TrackPointExtension><gpxtpx:hr>117</gpxtpx:hr></gpxtpx:TrackPointExtension></extensions>
      </trkpt>
      <trkpt lat="46.539560" lon="6.159707">
        <ele>580.5</ele>
        <time>2026-09-06T09:09:06.469Z</time>
        <extensions><gpxtpx:TrackPointExtension><gpxtpx:hr>116</gpxtpx:hr></gpxtpx:TrackPointExtension></extensions>
      </trkpt>
      <trkpt lat="46.539371" lon="6.160359">
        <ele>578.7</ele>
        <time>2026-09-06T09:09:12.883Z</time>
        <extensions><gpxtpx:TrackPointExtension><gpxtpx:hr>119</gpxtpx:hr></gpxtpx:TrackPointExtension></extensions>
      </trkpt>
      <trkpt lat="46.539183" lon="6.161002">
        <ele>574.9</ele>
        <time>2026-09-06T09:09:19.194Z</time>
        <extensions><gpxtpx:TrackPointExtension><gpxtpx:hr>118</gpxtpx:hr></gpxtpx:TrackPointExtension></extensions>
      </trkpt>
      <trkpt lat="46.538999" lon="6.161636">
        <ele>571.4</ele>
        <time>2026-09-06T09:09:25.402Z</time>
        <extensions><gpxtpx:TrackPointExtension><gpxtpx:hr>117</gpxtpx:hr></gpxtpx:TrackPointExtension></extensions>
      </trkpt>
      <trkpt lat="46.538817" lon="6.162261">
        <ele>570.0</ele>
        <time>2026-09-06T09:09:31.503Z</time>
        <extensions><gpxtpx:TrackPointExtension><gpxtpx:hr>116</gpxtpx:hr></gpxtpx:TrackPointExtension></extensions>
      </trkpt>
      <trkpt lat="46.538637" lon="6.162875">
        <ele>566.1</ele>
        <time>2026-09-06T09:09:37.498Z</time>
        <extensions><gpxtpx:TrackPointExtension><gpxtpx:hr>118</gpxtpx:hr></gpxtpx:TrackPointExtension></extensions>
      </trkpt>
      <trkpt lat="46.538459" lon="6.163480">
        <ele>564.8</ele>
        <time>2026-09-06T09:09:43.385Z</time>
        <extensions><gpxtpx:TrackPointExtension><gpxtpx:hr>119</gpxtpx:hr></gpxtpx:TrackPointExtension></extensions>
      </trkpt>
      <trkpt lat="46.538284" lon="6.164074">
        <ele>561.0</ele>
        <time>2026-09-06T09:09:49.163Z</time>
        <extensions><gpxtpx:TrackPointExtension><gpxtpx:hr>117</gpxtpx:hr></gpxtpx:TrackPointExtension></extensions>
      </trkpt>
      <trkpt lat="46.538111" lon="6.164658">
        <ele>557.7</ele>
        <time>2026-09-06T09:09:54.832Z</time>
        <extensions><gpxtpx:TrackPointExtension><gpxtpx:hr>118</gpxtpx:hr></gpxtpx:TrackPointExtension></extensions>
      </trkpt>
      <trkpt lat="46.537939" lon="6.165231">
        <ele>556.8</ele>
        <time>2026-09-06T09:10:00.390Z</time>
        <extensions><gpxtpx:TrackPointExtension><gpxtpx:hr>115</gpxtpx:hr></gpxtpx:TrackPointExtension></extensions>
      </trkpt>
      <trkpt lat="46.537769" lon="6.165792">
        <ele>552.5</ele>
        <time>2026-09-06T09:10:05.838Z</time>
        <extensions><gpxtpx:TrackPointExtension><gpxtpx:hr>117</gpxtpx:hr></gpxtpx:TrackPointExtension></extensions>
      </trkpt>
      <trkpt lat="46.537601" lon="6.166343">
        <ele>551.5</ele>
        <time>2026-09-06T09:10:11.174Z</time>
        <extensions><gpxtpx:TrackPointExtension><gpxtpx:hr>116</gpxtpx:hr></gpxtpx:TrackPointExtension></extensions>
      </trkpt>
      <trkpt lat="46.537435" lon="6.166882">
        <ele>547.9</ele>
        <time>2026-09-06T09:10:16.399Z</time>
        <extensions><gpxtpx:TrackPointExtension><gpxtpx:hr>118</gpxtpx:hr></gpxtpx:TrackPointExtension></extensions>
      </trkpt>
      <trkpt lat="46.537270" lon="6.167410">
        <ele>546.1</ele>
        <time>2026-09-06T09:10:21.512Z</time>
        <extensions><gpxtpx:TrackPointExtension><gpxtpx:hr>115</gpxtpx:hr></gpxtpx:TrackPointExtension></extensions>
      </trkpt>
      <trkpt lat="46.537106" lon="6.167926">
        <ele>542.6</ele>
        <time>2026-09-06T09:10:26.513Z</time>
        <extensions><gpxtpx:TrackPointExtension><gpxtpx:hr>116</gpxtpx:hr></gpxtpx:TrackPointExtension></extensions>
      </trkpt>
      <trkpt lat="46.536944" lon="6.168429">
        <ele>540.0</ele>
        <time>2026-09-06T09:10:31.402Z</time>
        <extensions><gpxtpx:TrackPointExtension><gpxtpx:hr>115</gpxtpx:hr></gpxtpx:TrackPointExtension></extensions>
      </trkpt>
      <trkpt lat="46.536782" lon="6.168921">
        <ele>538.4</ele>
        <time>2026-09-06T09:10:36.179Z</time>
        <extensions><gpxtpx:TrackPointExtension><gpxtpx:hr>117</gpxtpx:hr></gpxtpx:TrackPointExtension></extensions>
      </trkpt>
      <trkpt lat="46.536622" lon="6.169401">
        <ele>536.3</ele>
        <time>2026-09-06T09:10:40.846Z</time>
        <extensions><gpxtpx:TrackPointExtension><gpxtpx:hr>117</gpxtpx:hr></gpxtpx:TrackPointExtension></extensions>
      </trkpt>
      <trkpt lat="46.536462" lon="6.169868">
        <ele>533.7</ele>
        <time>2026-09-06T09:10:45.401Z</time>
        <extensions><gpxtpx:TrackPointExtension><gpxtpx:hr>116</gpxtpx:hr></gpxtpx:TrackPointExtension></extensions>
      </trkpt>
      <trkpt lat="46.536303" lon="6.170323">
        <ele>531.4</ele>
        <time>2026-09-06T09:10:49.847Z</time>
        <extensions><gpxtpx:TrackPointExtension><gpxtpx:hr>117</gpxtpx:hr></gpxtpx:TrackPointExtension></extensions>
      </trkpt>
      <trkpt lat="46.536145" lon="6.170765">
        <ele>529.3</ele>
        <time>2026-09-06T09:10:54.184Z</time>
        <extensions><gpxtpx:TrackPointExtension><gpxtpx:hr>115</gpxtpx:hr></gpxtpx:TrackPointExtension></extensions>
      </trkpt>
      <trkpt lat="46.535987" lon="6.171195">
        <ele>528.2</ele>
        <time>2026-09-06T09:10:58.413Z</time>
        <extensions><gpxtpx:TrackPointExtension><gpxtpx:hr>116</gpxtpx:hr></gpxtpx:TrackPointExtension></extensions>
      </trkpt>
      <trkpt lat="46.535829" lon="6.171612">
        <ele>524.5</ele>
        <time>2026-09-06T09:11:02.534Z</time>
        <extensions><gpxtpx:TrackPointExtension><gpxtpx:hr>117</gpxtpx:hr></gpxtpx:TrackPointExtension></extensions>
      </trkpt>
      <trkpt lat="46.535672" lon="6.172017">
        <ele>524.2</ele>
        <time>2026-09-06T09:11:06.551Z</time>
        <extensions><gpxtpx:TrackPointExtension><gpxtpx:hr>114</gpxtpx:hr></gpxtpx:TrackPointExtension></extensions>
      </trkpt>
      <trkpt lat="46.535515" lon="6.172408">
        <ele>522.1</ele>
        <time>2026-09-06T09:11:10.463Z</time>
        <extensions><gpxtpx:TrackPointExtension><gpxtpx:hr>116</gpxtpx:hr></gpxtpx:TrackPointExtension></extensions>
      </trkpt>
      <trkpt lat="46.535357" lon="6.172787">
        <ele>518.7</ele>
        <time>2026-09-06T09:11:14.273Z</time>
        <extensions><gpxtpx:TrackPointExtension><gpxtpx:hr>116</gpxtpx:hr></gpxtpx:TrackPointExtension></extensions>
      </trkpt>
      <trkpt lat="46.535200" lon="6.173153">
        <ele>516.6</ele>
        <time>2026-09-06T09:11:17.983Z</time>
        <extensions><gpxtpx:TrackPointExtension><gpxtpx:hr>117</gpxtpx:hr></gpxtpx:TrackPointExtension></extensions>
      </trkpt>
      <trkpt lat="46.535042" lon="6.173507">
        <ele>515.6</ele>
        <time>2026-09-06T09:11:21.595Z</time>
        <extensions><gpxtpx:TrackPointExtension><gpxtpx:hr>115</gpxtpx:hr></gpxtpx:TrackPointExtension></extensions>
      </trkpt>
      <trkpt lat="46.534884" lon="6.173847">
        <ele>514.0</ele>
        <time>2026-09-06T09:11:25.112Z</time>
        <extensions><gpxtpx:TrackPointExtension><gpxtpx:hr>114</gpxtpx:hr></gpxtpx:TrackPointExtension></extensions>
      </trkpt>
      <trkpt lat="46.534725" lon="6.174175">
        <ele>512.8</ele>
        <time>2026-09-06T09:11:28.535Z</time>
        <extensions><gpxtpx:TrackPointExtension><gpxtpx:hr>116</gpxtpx:hr></gpxtpx:TrackPointExtension></extensions>
      </trkpt>
      <trkpt lat="46.534566" lon="6.174489">
        <ele>511.0</ele>
        <time>2026-09-06T09:11:31.867Z</time>
        <extensions><gpxtpx:TrackPointExtension><gpxtpx:hr>115</gpxtpx:hr></gpxtpx:TrackPointExtension></extensions>
      </trkpt>
      <trkpt lat="46.534406" lon="6.174791">
        <ele>508.8</ele>
        <time>2026-09-06T09:11:35.112Z</time>
        <extensions><gpxtpx:TrackPointExtension><gpxtpx:hr>115</gpxtpx:hr></gpxtpx:TrackPointExtension></extensions>
      </trkpt>
      <trkpt lat="46.534245" lon="6.175081">
        <ele>507.3</ele>
        <time>2026-09-06T09:11:38.274Z</time>
        <extensions><gpxtpx:TrackPointExtension><gpxtpx:hr>113</gpxtpx:hr></gpxtpx:TrackPointExtension></extensions>
      </trkpt>
      <trkpt lat="46.534084" lon="6.175358">
        <ele>504.4</ele>
        <time>2026-09-06T09:11:41.354Z</time>
        <extensions><gpxtpx:TrackPointExtension><gpxtpx:hr>116</gpxtpx:hr></gpxtpx:TrackPointExtension></extensions>
      </trkpt>
      <trkpt lat="46.533921" lon="6.175622">
        <ele>503.3</ele>
        <time>2026-09-06T09:11:44.357Z</time>
        <extensions><gpxtpx:TrackPointExtension><gpxtpx:hr>115</gpxtpx:hr></gpxtpx:TrackPointExtension></extensions>
      </trkpt>
      <trkpt lat="46.533757" lon="6.175874">
        <ele>501.4</ele>
        <time>2026-09-06T09:11:47.287Z</time>
        <extensions><gpxtpx:TrackPointExtension><gpxtpx:hr>113</gpxtpx:hr></gpxtpx:TrackPointExtension></extensions>
      </trkpt>
      <trkpt lat="46.533592" lon="6.176113">
        <ele>501.2</ele>
        <time>2026-09-06T09:11:50.147Z</time>
        <extensions><gpxtpx:TrackPointExtension><gpxtpx:hr>116</gpxtpx:hr></gpxtpx:TrackPointExtension></extensions>
      </trkpt>
      <trkpt lat="46.533425" lon="6.176341">
        <ele>499.6</ele>
        <time>2026-09-06T09:11:52.943Z</time>
        <extensions><gpxtpx:TrackPointExtension><gpxtpx:hr>115</gpxtpx:hr></gpxtpx:TrackPointExtension></extensions>
      </trkpt>
      <trkpt lat="46.533257" lon="6.176556">
        <ele>499.0</ele>
        <time>2026-09-06T09:11:55.678Z</time>
        <extensions><gpxtpx:TrackPointExtension><gpxtpx:hr>116</gpxtpx:hr></gpxtpx:TrackPointExtension></extensions>
      </trkpt>
      <trkpt lat="46.533088" lon="6.176759">
        <ele>497.1</ele>
        <time>2026-09-06T09:11:58.358Z</time>
        <extensions><gpxtpx:TrackPointExtension><gpxtpx:hr>113</gpxtpx:hr></gpxtpx:TrackPointExtension></extensions>
      </trkpt>
      <trkpt lat="46.532917" lon="6.176950">
        <ele>494.5</ele>
        <time>2026-09-06T09:12:00.986Z</time>
        <extensions><gpxtpx:TrackPointExtension><gpxtpx:hr>114</gpxtpx:hr></gpxtpx:TrackPointExtension></extensions>
      </trkpt>
      <trkpt lat="46.532744" lon="6.177130">
        <ele>494.8</ele>
        <time>2026-09-06T09:12:03.568Z</time>
        <extensions><gpxtpx:TrackPointExtension><gpxtpx:hr>115</gpxtpx:hr></gpxtpx:TrackPointExtension></extensions>
      </trkpt>
      <trkpt lat="46.532569" lon="6.177298">
        <ele>492.9</ele>
        <time>2026-09-06T09:12:06.109Z</time>
        <extensions><gpxtpx:TrackPointExtension><gpxtpx:hr>113</gpxtpx:hr></gpxtpx:TrackPointExtension></extensions>
      </trkpt>
      <trkpt lat="46.532393" lon="6.177455">
        <ele>492.5</ele>
        <time>2026-09-06T09:12:09.304Z</time>
        <extensions><gpxtpx:TrackPointExtension><gpxtpx:hr>116</gpxtpx:hr></gpxtpx:TrackPointExtension></extensions>
      </trkpt>
      <trkpt lat="46.532215" lon="6.177600">
        <ele>491.7</ele>
        <time>2026-09-06T09:12:12.460Z</time>
        <extensions><gpxtpx:TrackPointExtension><gpxtpx:hr>115</gpxtpx:hr></gpxtpx:TrackPointExtension></extensions>
      </trkpt>
      <trkpt lat="46.532034" lon="6.177735">
        <ele>489.1</ele>
        <time>2026-09-06T09:12:15.584Z</time>
        <extensions><gpxtpx:TrackPointExtension><gpxtpx:hr>112</gpxtpx:hr></gpxtpx:TrackPointExtension></extensions>
      </trkpt>
      <trkpt lat="46.531852" lon="6.177859">
        <ele>489.1</ele>
        <time>2026-09-06T09:12:18.682Z</time>
        <extensions><gpxtpx:TrackPointExtension><gpxtpx:hr>115</gpxtpx:hr></gpxtpx:TrackPointExtension></extensions>
      </trkpt>
      <trkpt lat="46.531668" lon="6.177972">
        <ele>488.7</ele>
        <time>2026-09-06T09:12:21.761Z</time>
        <extensions><gpxtpx:TrackPointExtension><gpxtpx:hr>116</gpxtpx:hr></gpxtpx:TrackPointExtension></extensions>
      </trkpt>
      <trkpt lat="46.531481" lon="6.178075">
        <ele>486.7</ele>
        <time>2026-09-06T09:12:24.827Z</time>
        <extensions><gpxtpx:TrackPointExtension><gpxtpx:hr>116</gpxtpx:hr></gpxtpx:TrackPointExtension></extensions>
      </trkpt>
      <trkpt lat="46.531292" lon="6.178168">
        <ele>487.0</ele>
        <time>2026-09-06T09:12:27.885Z</time>
        <extensions><gpxtpx:TrackPointExtension><gpxtpx:hr>115</gpxtpx:hr></gpxtpx:TrackPointExtension></extensions>
      </trkpt>
      <trkpt lat="46.531101" lon="6.178251">
        <ele>486.3</ele>
        <time>2026-09-06T09:12:30.941Z</time>
        <extensions><gpxtpx:TrackPointExtension><gpxtpx:hr>115</gpxtpx:hr></gpxtpx:TrackPointExtension></extensions>
      </trkpt>
      <trkpt lat="46.530907" lon="6.178325">
        <ele>485.3</ele>
        <time>2026-09-06T09:12:34.001Z</time>
        <extensions><gpxtpx:TrackPointExtension><gpxtpx:hr>113</gpxtpx:hr></gpxtpx:TrackPointExtension></extensions>
      </trkpt>
      <trkpt lat="46.530711" lon="6.178389">
        <ele>484.5</ele>
        <time>2026-09-06T09:12:37.070Z</time>
        <extensions><gpxtpx:TrackPointExtension><gpxtpx:hr>113</gpxtpx:hr></gpxtpx:TrackPointExtension></extensions>
      </trkpt>
      <trkpt lat="46.530513" lon="6.178444">
        <ele>482.8</ele>
        <time>2026-09-06T09:12:40.151Z</time>
        <extensions><gpxtpx:TrackPointExtension><gpxtpx:hr>116</gpxtpx:hr></gpxtpx:TrackPointExtension></extensions>
      </trkpt>
      <trkpt lat="46.530312" lon="6.178490">
        <ele>482.0</ele>
        <time>2026-09-06T09:12:43.250Z</time>
        <extensions><gpxtpx:TrackPointExtension><gpxtpx:hr>112</gpxtpx:hr></gpxtpx:TrackPointExtension></extensions>
      </trkpt>
      <trkpt lat="46.530109" lon="6.178527">
        <ele>483.0</ele>
        <time>2026-09-06T09:12:46.370Z</time>
        <extensions><gpxtpx:TrackPointExtension><gpxtpx:hr>115</gpxtpx:hr></gpxtpx:TrackPointExtension></extensions>
      </trkpt>
      <trkpt lat="46.529903" lon="6.178556">
        <ele>481.8</ele>
        <time>2026-09-06T09:12:49.515Z</time>
        <extensions><gpxtpx:TrackPointExtension><gpxtpx:hr>113</gpxtpx:hr></gpxtpx:TrackPointExtension></extensions>
      </trkpt>
      <trkpt lat="46.529695" lon="6.178577">
        <ele>480.9</ele>
        <time>2026-09-06T09:12:52.687Z</time>
        <extensions><gpxtpx:TrackPointExtension><gpxtpx:hr>112</gpxtpx:hr></gpxtpx:TrackPointExtension></extensions>
      </trkpt>
      <trkpt lat="46.529484" lon="6.178591">
        <ele>481.9</ele>
        <time>2026-09-06T09:12:55.891Z</time>
        <extensions><gpxtpx:TrackPointExtension><gpxtpx:hr>112</gpxtpx:hr></gpxtpx:TrackPointExtension></extensions>
      </trkpt>
      <trkpt lat="46.529271" lon="6.178596">
        <ele>481.3</ele>
        <time>2026-09-06T09:12:59.127Z</time>
        <extensions><gpxtpx:TrackPointExtension><gpxtpx:hr>115</gpxtpx:hr></gpxtpx:TrackPointExtension></extensions>
      </trkpt>
      <trkpt lat="46.529055" lon="6.178595">
        <ele>479.6</ele>
        <time>2026-09-06T09:13:02.399Z</time>
        <extensions><gpxtpx:TrackPointExtension><gpxtpx:hr>112</gpxtpx:hr></gpxtpx:TrackPointExtension></extensions>
      </trkpt>
      <trkpt lat="46.528836" lon="6.178587">
        <ele>479.8</ele>
        <time>2026-09-06T09:13:05.707Z</time>
        <extensions><gpxtpx:TrackPointExtension><gpxtpx:hr>115</gpxtpx:hr></gpxtpx:TrackPointExtension></extensions>
      </trkpt>
      <trkpt lat="46.528615" lon="6.178572">
        <ele>479.5</ele>
        <time>2026-09-06T09:13:09.053Z</time>
        <extensions><gpxtpx:TrackPointExtension><gpxtpx:hr>114</gpxtpx:hr></gpxtpx:TrackPointExtension></extensions>
      </trkpt>
      <trkpt lat="46.528391" lon="6.178551">
        <ele>480.2</ele>
        <time>2026-09-06T09:13:12.439Z</time>
        <extensions><gpxtpx:TrackPointExtension><gpxtpx:hr>115</gpxtpx:hr></gpxtpx:TrackPointExtension></extensions>
      </trkpt>
      <trkpt lat="46.528165" lon="6.178524">
        <ele>479.5</ele>
        <time>2026-09-06T09:13:15.864Z</time>
        <extensions><gpxtpx:TrackPointExtension><gpxtpx:hr>114</gpxtpx:hr></gpxtpx:TrackPointExtension></extensions>
      </trkpt>
      <trkpt lat="46.527936" lon="6.178492">
        <ele>479.1</ele>
        <time>2026-09-06T09:13:19.329Z</time>
        <extensions><gpxtpx:TrackPointExtension><gpxtpx:hr>114</gpxtpx:hr></gpxtpx:TrackPointExtension></extensions>
      </trkpt>
      <trkpt lat="46.527704" lon="6.178454">
        <ele>479.0</ele>
        <time>2026-09-06T09:13:22.836Z</time>
        <extensions><gpxtpx:TrackPointExtension><gpxtpx:hr>112</gpxtpx:hr></gpxtpx:TrackPointExtension></extensions>
      </trkpt>
      <trkpt lat="46.527471" lon="6.178411">
        <ele>480.5</ele>
        <time>2026-09-06T09:13:26.382Z</time>
        <extensions><gpxtpx:TrackPointExtension><gpxtpx:hr>113</gpxtpx:hr></gpxtpx:TrackPointExtension></extensions>
      </trkpt>
      <trkpt lat="46.527234" lon="6.178364">
        <ele>479.2</ele>
        <time>2026-09-06T09:13:29.969Z</time>
        <extensions><gpxtpx:TrackPointExtension><gpxtpx:hr>115</gpxtpx:hr></gpxtpx:TrackPointExtension></extensions>
      </trkpt>
      <trkpt lat="46.526995" lon="6.178312">
        <ele>479.3</ele>
        <time>2026-09-06T09:13:33.596Z</time>
        <extensions><gpxtpx:TrackPointExtension><gpxtpx:hr>111</gpxtpx:hr></gpxtpx:TrackPointExtension></extensions>
      </trkpt>
      <trkpt lat="46.526754" lon="6.178256">
        <ele>480.8</ele>
        <time>2026-09-06T09:13:37.262Z</time>
        <extensions><gpxtpx:TrackPointExtension><gpxtpx:hr>114</gpxtpx:hr></gpxtpx:TrackPointExtension></extensions>
      </trkpt>
      <trkpt lat="46.526510" lon="6.178196">
        <ele>480.3</ele>
        <time>2026-09-06T09:13:40.966Z</time>
        <extensions><gpxtpx:TrackPointExtension><gpxtpx:hr>113</gpxtpx:hr></gpxtpx:TrackPointExtension></extensions>
      </trkpt>
      <trkpt lat="46.526264" lon="6.178133">
        <ele>480.0</ele>
        <time>2026-09-06T09:13:44.709Z</time>
        <extensions><gpxtpx:TrackPointExtension><gpxtpx:hr>113</gpxtpx:hr></gpxtpx:TrackPointExtension></extensions>
      </trkpt>
      <trkpt lat="46.526015" lon="6.178067">
        <ele>481.0</ele>
        <time>2026-09-06T09:13:48.488Z</time>
        <extensions><gpxtpx:TrackPointExtension><gpxtpx:hr>113</gpxtpx:hr></gpxtpx:TrackPointExtension></extensions>
      </trkpt>
      <trkpt lat="46.525765" lon="6.177998">
        <ele>481.5</ele>
        <time>2026-09-06T09:13:52.302Z</time>
        <extensions><gpxtpx:TrackPointExtension><gpxtpx:hr>112</gpxtpx:hr></gpxtpx:TrackPointExtension></extensions>
      </trkpt>
      <trkpt lat="46.525512" lon="6.177927">
        <ele>482.3</ele>
        <time>2026-09-06T09:13:56.151Z</time>
        <extensions><gpxtpx:TrackPointExtension><gpxtpx:hr>111</gpxtpx:hr></gpxtpx:TrackPointExtension></extensions>
      </trkpt>
      <trkpt lat="46.525257" lon="6.177854">
        <ele>482.4</ele>
        <time>2026-09-06T09:14:00.033Z</time>
        <extensions><gpxtpx:TrackPointExtension><gpxtpx:hr>111</gpxtpx:hr></gpxtpx:TrackPointExtension></extensions>
      </trkpt>
      <trkpt lat="46.524999" lon="6.177779">
        <ele>482.0</ele>
        <time>2026-09-06T09:14:03.946Z</time>
        <extensions><gpxtpx:TrackPointExtension><gpxtpx:hr>114</gpxtpx:hr></gpxtpx:TrackPointExtension></extensions>
      </trkpt>
      <trkpt lat="46.524740" lon="6.177702">
        <ele>483.1</ele>
        <time>2026-09-06T09:14:07.889Z</time>
        <extensions><gpxtpx:TrackPointExtension><gpxtpx:hr>112</gpxtpx:hr></gpxtpx:TrackPointExtension></extensions>
      </trkpt>
      <trkpt lat="46.524479" lon="6.177624">
        <ele>483.8</ele>
        <time>2026-09-06T09:14:11.861Z</time>
        <extensions><gpxtpx:TrackPointExtension><gpxtpx:hr>114</gpxtpx:hr></gpxtpx:TrackPointExtension></extensions>
      </trkpt>
      <trkpt lat="46.524216" lon="6.177545">
        <ele>483.5</ele>
        <time>2026-09-06T09:14:15.860Z</time>
        <extensions><gpxtpx:TrackPointExtension><gpxtpx:hr>114</gpxtpx:hr></gpxtpx:TrackPointExtension></extensions>
      </trkpt>
      <trkpt lat="46.523951" lon="6.177466">
        <ele>483.9</ele>
        <time>2026-09-06T09:14:19.884Z</time>
        <extensions><gpxtpx:TrackPointExtension><gpxtpx:hr>113</gpxtpx:hr></gpxtpx:TrackPointExtension></extensions>
      </trkpt>
      <trkpt lat="46.523684" lon="6.177387">
        <ele>484.6</ele>
        <time>2026-09-06T09:14:23.932Z</time>
        <extensions><gpxtpx:TrackPointExtension><gpxtpx:hr>114</gpxtpx:hr></gpxtpx:TrackPointExtension></extensions>
      </trkpt>
      <trkpt lat="46.523415" lon="6.177307">
        <ele>486.2</ele>
        <time>2026-09-06T09:14:28.002Z</time>
        <extensions><gpxtpx:TrackPointExtension><gpxtpx:hr>112</gpxtpx:hr></gpxtpx:TrackPointExtension></extensions>
      </trkpt>
      <trkpt lat="46.523145" lon="6.177228">
        <ele>486.5</ele>
        <time>2026-09-06T09:14:32.092Z</time>
        <extensions><gpxtpx:TrackPointExtension><gpxtpx:hr>111</gpxtpx:hr></gpxtpx:TrackPointExtension></extensions>
      </trkpt>
      <trkpt lat="46.522873" lon="6.177150">
        <ele>487.1</ele>
        <time>2026-09-06T09:14:36.201Z</time>
        <extensions><gpxtpx:TrackPointExtension><gpxtpx:hr>111</gpxtpx:hr></gpxtpx:TrackPointExtension></extensions>
      </trkpt>
      <trkpt lat="46.522600" lon="6.177072">
        <ele>487.8</ele>
        <time>2026-09-06T09:14:40.326Z</time>
        <extensions><gpxtpx:TrackPointExtension><gpxtpx:hr>112</gpxtpx:hr></gpxtpx:TrackPointExtension></extensions>
      </trkpt>
      <trkpt lat="46.522326" lon="6.176996">
        <ele>489.3</ele>
        <time>2026-09-06T09:14:44.467Z</time>
        <extensions><gpxtpx:TrackPointExtension><gpxtpx:hr>113</gpxtpx:hr></gpxtpx:TrackPointExtension></extensions>
      </trkpt>
      <trkpt lat="46.522050" lon="6.176921">
        <ele>488.8</ele>
        <time>2026-09-06T09:14:48.622Z</time>
        <extensions><gpxtpx:TrackPointExtension><gpxtpx:hr>113</gpxtpx:hr></gpxtpx:TrackPointExtension></extensions>
      </trkpt>
      <trkpt lat="46.521773" lon="6.176848">
        <ele>491.0</ele>
        <time>2026-09-06T09:14:52.788Z</time>
        <extensions><gpxtpx:TrackPointExtension><gpxtpx:hr>113</gpxtpx:hr></gpxtpx:TrackPointExtension></extensions>
      </trkpt>
      <trkpt lat="46.521495" lon="6.176777">
        <ele>491.1</ele>
        <time>2026-09-06T09:14:56.965Z</time>
        <extensions><gpxtpx:TrackPointExtension><gpxtpx:hr>113</gpxtpx:hr></gpxtpx:TrackPointExtension></extensions>
      </trkpt>
      <trkpt lat="46.521216" lon="6.176708">
        <ele>492.1</ele>
        <time>2026-09-06T09:15:01.151Z</time>
        <extensions><gpxtpx:TrackPointExtension><gpxtpx:hr>113</gpxtpx:hr></gpxtpx:TrackPointExtension></extensions>
      </trkpt>
      <trkpt lat="46.520935" lon="6.176642">
        <ele>494.0</ele>
        <time>2026-09-06T09:15:05.343Z</time>
        <extensions><gpxtpx:TrackPointExtension><gpxtpx:hr>111</gpxtpx:hr></gpxtpx:TrackPointExtension></extensions>
      </trkpt>
      <trkpt lat="46.520654" lon="6.176579">
        <ele>493.5</ele>
        <time>2026-09-06T09:15:09.541Z</time>
        <extensions><gpxtpx:TrackPointExtension><gpxtpx:hr>110</gpxtpx:hr></gpxtpx:TrackPointExtension></extensions>
      </trkpt>
      <trkpt lat="46.520373" lon="6.176518">
        <ele>496.1</ele>
        <time>2026-09-06T09:15:13.744Z</time>
        <extensions><gpxtpx:TrackPointExtension><gpxtpx:hr>113</gpxtpx:hr></gpxtpx:TrackPointExtension></extensions>
      </trkpt>
      <trkpt lat="46.520091" lon="6.176461">
        <ele>497.4</ele>
        <time>2026-09-06T09:15:17.949Z</time>
        <extensions><gpxtpx:TrackPointExtension><gpxtpx:hr>112</gpxtpx:hr></gpxtpx:TrackPointExtension></extensions>
      </trkpt>
      <trkpt lat="46.519808" lon="6.176407">
        <ele>497.7</ele>
        <time>2026-09-06T09:15:22.155Z</time>
        <extensions><gpxtpx:TrackPointExtension><gpxtpx:hr>114</gpxtpx:hr></gpxtpx:TrackPointExtension></extensions>
      </trkpt>
      <trkpt lat="46.519524" lon="6.176357">
        <ele>499.7</ele>
        <time>2026-09-06T09:15:26.361Z</time>
        <extensions><gpxtpx:TrackPointExtension><gpxtpx:hr>114</gpxtpx:hr></gpxtpx:TrackPointExtension></extensions>
      </trkpt>
      <trkpt lat="46.519241" lon="6.176311">
        <ele>499.2</ele>
        <time>2026-09-06T09:15:30.566Z</time>
        <extensions><gpxtpx:TrackPointExtension><gpxtpx:hr>113</gpxtpx:hr></gpxtpx:TrackPointExtension></extensions>
      </trkpt>
      <trkpt lat="46.518957" lon="6.176270">
        <ele>501.2</ele>
        <time>2026-09-06T09:15:34.769Z</time>
        <extensions><gpxtpx:TrackPointExtension><gpxtpx:hr>113</gpxtpx:hr></gpxtpx:TrackPointExtension></extensions>
      </trkpt>
      <trkpt lat="46.518673" lon="6.176232">
        <ele>502.1</ele>
        <time>2026-09-06T09:15:38.968Z</time>
        <extensions><gpxtpx:TrackPointExtension><gpxtpx:hr>112</gpxtpx:hr></gpxtpx:TrackPointExtension></extensions>
      </trkpt>
      <trkpt lat="46.518389" lon="6.176199">
        <ele>503.4</ele>
        <time>2026-09-06T09:15:43.162Z</time>
        <extensions><gpxtpx:TrackPointExtension><gpxtpx:hr>112</gpxtpx:hr></gpxtpx:TrackPointExtension></extensions>
      </trkpt>
      <trkpt lat="46.518105" lon="6.176170">
        <ele>505.4</ele>
        <time>2026-09-06T09:15:47.350Z</time>
        <extensions><gpxtpx:TrackPointExtension><gpxtpx:hr>114</gpxtpx:hr></gpxtpx:TrackPointExtension></extensions>
      </trkpt>
      <trkpt lat="46.517821" lon="6.176147">
        <ele>505.3</ele>
        <time>2026-09-06T09:15:51.532Z</time>
        <extensions><gpxtpx:TrackPointExtension><gpxtpx:hr>114</gpxtpx:hr></gpxtpx:TrackPointExtension></extensions>
      </trkpt>
      <trkpt lat="46.517538" lon="6.176128">
        <ele>507.1</ele>
        <time>2026-09-06T09:15:55.706Z</time>
        <extensions><gpxtpx:TrackPointExtension><gpxtpx:hr>112</gpxtpx:hr></gpxtpx:TrackPointExtension></extensions>
      </trkpt>
      <trkpt lat="46.517255" lon="6.176115">
        <ele>509.8</ele>
        <time>2026-09-06T09:15:59.871Z</time>
        <extensions><gpxtpx:TrackPointExtension><gpxtpx:hr>112</gpxtpx:hr></gpxtpx:TrackPointExtension></extensions>
      </trkpt>
      <trkpt lat="46.516972" lon="6.176107">
        <ele>510.4</ele>
        <time>2026-09-06T09:16:04.028Z</time>
        <extensions><gpxtpx:TrackPointExtension><gpxtpx:hr>111</gpxtpx:hr></gpxtpx:TrackPointExtension></extensions>
      </trkpt>
      <trkpt lat="46.516690" lon="6.176105">
        <ele>510.9</ele>
        <time>2026-09-06T09:16:08.175Z</time>
        <extensions><gpxtpx:TrackPointExtension><gpxtpx:hr>111</gpxtpx:hr></gpxtpx:TrackPointExtension></extensions>
      </trkpt>
      <trkpt lat="46.516408" lon="6.176108">
        <ele>513.4</ele>
        <time>2026-09-06T09:16:12.311Z</time>
        <extensions><gpxtpx:TrackPointExtension><gpxtpx:hr>111</gpxtpx:hr></gpxtpx:TrackPointExtension></extensions>
      </trkpt>
      <trkpt lat="46.516127" lon="6.176117">
        <ele>514.5</ele>
        <time>2026-09-06T09:16:16.437Z</time>
        <extensions><gpxtpx:TrackPointExtension><gpxtpx:hr>112</gpxtpx:hr></gpxtpx:TrackPointExtension></extensions>
      </trkpt>
      <trkpt lat="46.515847" lon="6.176131">
        <ele>516.3</ele>
        <time>2026-09-06T09:16:20.551Z</time>
        <extensions><gpxtpx:TrackPointExtension><gpxtpx:hr>111</gpxtpx:hr></gpxtpx:TrackPointExtension></extensions>
      </trkpt>
      <trkpt lat="46.515568" lon="6.176152">
        <ele>517.3</ele>
        <time>2026-09-06T09:16:24.654Z</time>
        <extensions><gpxtpx:TrackPointExtension><gpxtpx:hr>111</gpxtpx:hr></gpxtpx:TrackPointExtension></extensions>
      </trkpt>
      <trkpt lat="46.515290" lon="6.176178">
        <ele>518.6</ele>
        <time>2026-09-06T09:16:28.745Z</time>
        <extensions><gpxtpx:TrackPointExtension><gpxtpx:hr>112</gpxtpx:hr></gpxtpx:TrackPointExtension></extensions>
      </trkpt>
      <trkpt lat="46.515014" lon="6.176211">
        <ele>520.6</ele>
        <time>2026-09-06T09:16:32.823Z</time>
        <extensions><gpxtpx:TrackPointExtension><gpxtpx:hr>112</gpxtpx:hr></gpxtpx:TrackPointExtension></extensions>
      </trkpt>
      <trkpt lat="46.514738" lon="6.176250">
        <ele>521.8</ele>
        <time>2026-09-06T09:16:36.890Z</time>
        <extensions><gpxtpx:TrackPointExtension><gpxtpx:hr>112</gpxtpx:hr></gpxtpx:TrackPointExtension></extensions>
      </trkpt>
      <trkpt lat="46.514463" lon="6.176295">
        <ele>523.9</ele>
        <time>2026-09-06T09:16:40.944Z</time>
        <extensions><gpxtpx:TrackPointExtension><gpxtpx:hr>113</gpxtpx:hr></gpxtpx:TrackPointExtension></extensions>
      </trkpt>
      <trkpt lat="46.514190" lon="6.176347">
        <ele>525.0</ele>
        <time>2026-09-06T09:16:44.987Z</time>
        <extensions><gpxtpx:TrackPointExtension><gpxtpx:hr>111</gpxtpx:hr></gpxtpx:TrackPointExtension></extensions>
      </trkpt>
      <trkpt lat="46.513919" lon="6.176405">
        <ele>526.9</ele>
        <time>2026-09-06T09:16:49.017Z</time>
        <extensions><gpxtpx:TrackPointExtension><gpxtpx:hr>113</gpxtpx:hr></gpxtpx:TrackPointExtension></extensions>
      </trkpt>
      <trkpt lat="46.513649" lon="6.176469">
        <ele>527.8</ele>
        <time>2026-09-06T09:16:53.035Z</time>
        <extensions><gpxtpx:TrackPointExtension><gpxtpx:hr>112</gpxtpx:hr></gpxtpx:TrackPointExtension></extensions>
      </trkpt>
      <trkpt lat="46.513380" lon="6.176540">
        <ele>529.3</ele>
        <time>2026-09-06T09:16:57.041Z</time>
        <extensions><gpxtpx:TrackPointExtension><gpxtpx:hr>113</gpxtpx:hr></gpxtpx:TrackPointExtension></extensions>
      </trkpt>
      <trkpt lat="46.513113" lon="6.176617">
        <ele>531.9</ele>
        <time>2026-09-06T09:17:01.036Z</time>
        <extensions><gpxtpx:TrackPointExtension><gpxtpx:hr>112</gpxtpx:hr></gpxtpx:TrackPointExtension></extensions>
      </trkpt>
      <trkpt lat="46.512848" lon="6.176700">
        <ele>532.7</ele>
        <time>2026-09-06T09:17:05.020Z</time>
        <extensions><gpxtpx:TrackPointExtension><gpxtpx:hr>111</gpxtpx:hr></gpxtpx:TrackPointExtension></extensions>
      </trkpt>
      <trkpt lat="46.512584" lon="6.176791">
        <ele>534.1</ele>
        <time>2026-09-06T09:17:08.992Z</time>
        <extensions><gpxtpx:TrackPointExtension><gpxtpx:hr>113</gpxtpx:hr></gpxtpx:TrackPointExtension></extensions>
      </trkpt>
      <trkpt lat="46.512323" lon="6.176887">
        <ele>535.3</ele>
        <time>2026-09-06T09:17:12.955Z</time>
        <extensions><gpxtpx:TrackPointExtension><gpxtpx:hr>113</gpxtpx:hr></gpxtpx:TrackPointExtension></extensions>
      </trkpt>
      <trkpt lat="46.512063" lon="6.176990">
        <ele>538.1</ele>
        <time>2026-09-06T09:17:16.908Z</time>
        <extensions><gpxtpx:TrackPointExtension><gpxtpx:hr>113</gpxtpx:hr></gpxtpx:TrackPointExtension></extensions>
      </trkpt>
      <trkpt lat="46.511805" lon="6.177100">
        <ele>539.3</ele>
        <time>2026-09-06T09:17:20.852Z</time>
        <extensions><gpxtpx:TrackPointExtension><gpxtpx:hr>110</gpxtpx:hr></gpxtpx:TrackPointExtension></extensions>
      </trkpt>
      <trkpt lat="46.511550" lon="6.177216">
        <ele>539.7</ele>
        <time>2026-09-06T09:17:24.786Z</time>
        <extensions><gpxtpx:TrackPointExtension><gpxtpx:hr>111</gpxtpx:hr></gpxtpx:TrackPointExtension></extensions>
      </trkpt>
      <trkpt lat="46.511296" lon="6.177339">
        <ele>541.3</ele>
        <time>2026-09-06T09:17:28.713Z</time>
        <extensions><gpxtpx:TrackPointExtension><gpxtpx:hr>114</gpxtpx:hr></gpxtpx:TrackPointExtension></extensions>
      </trkpt>
      <trkpt lat="46.511044" lon="6.177467">
        <ele>543.6</ele>
        <time>2026-09-06T09:17:32.632Z</time>
        <extensions><gpxtpx:TrackPointExtension><gpxtpx:hr>114</gpxtpx:hr></gpxtpx:TrackPointExtension></extensions>
      </trkpt>
      <trkpt lat="46.510795" lon="6.177602">
        <ele>545.0</ele>
        <time>2026-09-06T09:17:36.545Z</time>
        <extensions><gpxtpx:TrackPointExtension><gpxtpx:hr>113</gpxtpx:hr></gpxtpx:TrackPointExtension></extensions>
      </trkpt>
      <trkpt lat="46.510547" lon="6.177744">
        <ele>547.7</ele>
        <time>2026-09-06T09:17:40.451Z</time>
        <extensions><gpxtpx:TrackPointExtension><gpxtpx:hr>112</gpxtpx:hr></gpxtpx:TrackPointExtension></extensions>
      </trkpt>
      <trkpt lat="46.510302" lon="6.177891">
        <ele>549.4</ele>
        <time>2026-09-06T09:17:44.351Z</time>
        <extensions><gpxtpx:TrackPointExtension><gpxtpx:hr>112</gpxtpx:hr></gpxtpx:TrackPointExtension></extensions>
      </trkpt>
      <trkpt lat="46.510059" lon="6.178045">
        <ele>550.2</ele>
        <time>2026-09-06T09:17:48.247Z</time>
        <extensions><gpxtpx:TrackPointExtension><gpxtpx:hr>111</gpxtpx:hr></gpxtpx:TrackPointExtension></extensions>
      </trkpt>
      <trkpt lat="46.509819" lon="6.178205">
        <ele>552.7</ele>
        <time>2026-09-06T09:17:52.139Z</time>
        <extensions><gpxtpx:TrackPointExtension><gpxtpx:hr>114</gpxtpx:hr></gpxtpx:TrackPointExtension></extensions>
      </trkpt>
      <trkpt lat="46.509580" lon="6.178370">
        <ele>553.9</ele>
        <time>2026-09-06T09:17:56.028Z</time>
        <extensions><gpxtpx:TrackPointExtension><gpxtpx:hr>111</gpxtpx:hr></gpxtpx:TrackPointExtension></extensions>
      </trkpt>
      <trkpt lat="46.509344" lon="6.178542">
        <ele>555.5</ele>
        <time>2026-09-06T09:17:59.913Z</time>
        <extensions><gpxtpx:TrackPointExtension><gpxtpx:hr>114</gpxtpx:hr></gpxtpx:TrackPointExtension></extensions>
      </trkpt>
      <trkpt lat="46.509110" lon="6.178719">
        <ele>556.9</ele>
        <time>2026-09-06T09:18:03.797Z</time>
        <extensions><gpxtpx:TrackPointExtension><gpxtpx:hr>112</gpxtpx:hr></gpxtpx:TrackPointExtension></extensions>
      </trkpt>
      <trkpt lat="46.508878" lon="6.178902">
        <ele>557.9</ele>
        <time>2026-09-06T09:18:07.679Z</time>
        <extensions><gpxtpx:TrackPointExtension><gpxtpx:hr>110</gpxtpx:hr></gpxtpx:TrackPointExtension></extensions>
      </trkpt>
      <trkpt lat="46.508649" lon="6.179091">
        <ele>560.9</ele>
        <time>2026-09-06T09:18:11.561Z</time>
        <extensions><gpxtpx:TrackPointExtension><gpxtpx:hr>113</gpxtpx:hr></gpxtpx:TrackPointExtension></extensions>
      </trkpt>
      <trkpt lat="46.508422" lon="6.179285">
        <ele>560.9</ele>
        <time>2026-09-06T09:18:15.443Z</time>
        <extensions><gpxtpx:TrackPointExtension><gpxtpx:hr>112</gpxtpx:hr></gpxtpx:TrackPointExtension></extensions>
      </trkpt>
      <trkpt lat="46.508197" lon="6.179484">
        <ele>563.0</ele>
        <time>2026-09-06T09:18:19.325Z</time>
        <extensions><gpxtpx:TrackPointExtension><gpxtpx:hr>114</gpxtpx:hr></gpxtpx:TrackPointExtension></extensions>
      </trkpt>
      <trkpt lat="46.507974" lon="6.179689">
        <ele>564.8</ele>
        <time>2026-09-06T09:18:23.209Z</time>
        <extensions><gpxtpx:TrackPointExtension><gpxtpx:hr>111</gpxtpx:hr></gpxtpx:TrackPointExtension></extensions>
      </trkpt>
      <trkpt lat="46.507754" lon="6.179898">
        <ele>565.7</ele>
        <time>2026-09-06T09:18:27.094Z</time>
        <extensions><gpxtpx:TrackPointExtension><gpxtpx:hr>111</gpxtpx:hr></gpxtpx:TrackPointExtension></extensions>
      </trkpt>
      <trkpt lat="46.507536" lon="6.180113">
        <ele>568.7</ele>
        <time>2026-09-06T09:18:30.982Z</time>
        <extensions><gpxtpx:TrackPointExtension><gpxtpx:hr>112</gpxtpx:hr></gpxtpx:TrackPointExtension></extensions>
      </trkpt>
      <trkpt lat="46.507320" lon="6.180332">
        <ele>569.9</ele>
        <time>2026-09-06T09:18:34.872Z</time>
        <extensions><gpxtpx:TrackPointExtension><gpxtpx:hr>112</gpxtpx:hr></gpxtpx:TrackPointExtension></extensions>
      </trkpt>
      <trkpt lat="46.507106" lon="6.180556">
        <ele>571.0</ele>
        <time>2026-09-06T09:18:38.766Z</time>
        <extensions><gpxtpx:TrackPointExtension><gpxtpx:hr>114</gpxtpx:hr></gpxtpx:TrackPointExtension></extensions>
      </trkpt>
      <trkpt lat="46.506895" lon="6.180784">
        <ele>573.8</ele>
        <time>2026-09-06T09:18:42.664Z</time>
        <extensions><gpxtpx:TrackPointExtension><gpxtpx:hr>112</gpxtpx:hr></gpxtpx:TrackPointExtension></extensions>
      </trkpt>
      <trkpt lat="46.506685" lon="6.181017">
        <ele>575.3</ele>
        <time>2026-09-06T09:18:46.565Z</time>
        <extensions><gpxtpx:TrackPointExtension><gpxtpx:hr>113</gpxtpx:hr></gpxtpx:TrackPointExtension></extensions>
      </trkpt>
      <trkpt lat="46.506477" lon="6.181254">
        <ele>576.8</ele>
        <time>2026-09-06T09:18:50.472Z</time>
        <extensions><gpxtpx:TrackPointExtension><gpxtpx:hr>114</gpxtpx:hr></gpxtpx:TrackPointExtension></extensions>
      </trkpt>
      <trkpt lat="46.506272" lon="6.181495">
        <ele>576.9</ele>
        <time>2026-09-06T09:18:54.383Z</time>
        <extensions><gpxtpx:TrackPointExtension><gpxtpx:hr>112</gpxtpx:hr></gpxtpx:TrackPointExtension></extensions>
      </trkpt>
      <trkpt lat="46.506068" lon="6.181740">
        <ele>579.2</ele>
        <time>2026-09-06T09:18:58.299Z</time>
        <extensions><gpxtpx:TrackPointExtension><gpxtpx:hr>114</gpxtpx:hr></gpxtpx:TrackPointExtension></extensions>
      </trkpt>
      <trkpt lat="46.505866" lon="6.181988">
        <ele>579.6</ele>
        <time>2026-09-06T09:19:02.221Z</time>
        <extensions><gpxtpx:TrackPointExtension><gpxtpx:hr>111</gpxtpx:hr></gpxtpx:TrackPointExtension></extensions>
      </trkpt>
      <trkpt lat="46.505666" lon="6.182240">
        <ele>582.5</ele>
        <time>2026-09-06T09:19:06.149Z</time>
        <extensions><gpxtpx:TrackPointExtension><gpxtpx:hr>113</gpxtpx:hr></gpxtpx:TrackPointExtension></extensions>
      </trkpt>
      <trkpt lat="46.505468" lon="6.182496">
        <ele>583.6</ele>
        <time>2026-09-06T09:19:10.082Z</time>
        <extensions><gpxtpx:TrackPointExtension><gpxtpx:hr>113</gpxtpx:hr></gpxtpx:TrackPointExtension></extensions>
      </trkpt>
      <trkpt lat="46.505271" lon="6.182754">
        <ele>584.7</ele>
        <time>2026-09-06T09:19:14.022Z</time>
        <extensions><gpxtpx:TrackPointExtension><gpxtpx:hr>114</gpxtpx:hr></gpxtpx:TrackPointExtension></extensions>
      </trkpt>
      <trkpt lat="46.505076" lon="6.183016">
        <ele>586.1</ele>
        <time>2026-09-06T09:19:17.968Z</time>
        <extensions><gpxtpx:TrackPointExtension><gpxtpx:hr>113</gpxtpx:hr></gpxtpx:TrackPointExtension></extensions>
      </trkpt>
      <trkpt lat="46.504883" lon="6.183281">
        <ele>588.3</ele>
        <time>2026-09-06T09:19:21.920Z</time>
        <extensions><gpxtpx:TrackPointExtension><gpxtpx:hr>112</gpxtpx:hr></gpxtpx:TrackPointExtension></extensions>
      </trkpt>
      <trkpt lat="46.504690" lon="6.183548">
        <ele>589.2</ele>
        <time>2026-09-06T09:19:25.879Z</time>
        <extensions><gpxtpx:TrackPointExtension><gpxtpx:hr>112</gpxtpx:hr></gpxtpx:TrackPointExtension></extensions>
      </trkpt>
      <trkpt lat="46.504500" lon="6.183818">
        <ele>590.8</ele>
        <time>2026-09-06T09:19:29.844Z</time>
        <extensions><gpxtpx:TrackPointExtension><gpxtpx:hr>112</gpxtpx:hr></gpxtpx:TrackPointExtension></extensions>
      </trkpt>
      <trkpt lat="46.504310" lon="6.184090">
        <ele>592.0</ele>
        <time>2026-09-06T09:19:33.816Z</time>
        <extensions><gpxtpx:TrackPointExtension><gpxtpx:hr>111</gpxtpx:hr></gpxtpx:TrackPointExtension></extensions>
      </trkpt>
      <trkpt lat="46.504122" lon="6.184364">
        <ele>594.5</ele>
        <time>2026-09-06T09:19:37.795Z</time>
        <extensions><gpxtpx:TrackPointExtension><gpxtpx:hr>114</gpxtpx:hr></gpxtpx:TrackPointExtension></extensions>
      </trkpt>
      <trkpt lat="46.503934" lon="6.184641">
        <ele>594.7</ele>
        <time>2026-09-06T09:19:41.781Z</time>
        <extensions><gpxtpx:TrackPointExtension><gpxtpx:hr>114</gpxtpx:hr></gpxtpx:TrackPointExtension></extensions>
      </trkpt>
      <trkpt lat="46.503748" lon="6.184919">
        <ele>595.5</ele>
        <time>2026-09-06T09:19:45.773Z</time>
        <extensions><gpxtpx:TrackPointExtension><gpxtpx:hr>113</gpxtpx:hr></gpxtpx:TrackPointExtension></extensions>
      </trkpt>
      <trkpt lat="46.503562" lon="6.185199">
        <ele>597.3</ele>
        <time>2026-09-06T09:19:49.772Z</time>
        <extensions><gpxtpx:TrackPointExtension><gpxtpx:hr>114</gpxtpx:hr></gpxtpx:TrackPointExtension></extensions>
      </trkpt>
      <trkpt lat="46.503378" lon="6.185480">
        <ele>599.2</ele>
        <time>2026-09-06T09:19:53.778Z</time>
        <extensions><gpxtpx:TrackPointExtension><gpxtpx:hr>112</gpxtpx:hr></gpxtpx:TrackPointExtension></extensions>
      </trkpt>
      <trkpt lat="46.503193" lon="6.185763">
        <ele>599.6</ele>
        <time>2026-09-06T09:19:57.792Z</time>
        <extensions><gpxtpx:TrackPointExtension><gpxtpx:hr>112</gpxtpx:hr></gpxtpx:TrackPointExtension></extensions>
      </trkpt>
      <trkpt lat="46.503010" lon="6.186047">
        <ele>602.3</ele>
        <time>2026-09-06T09:20:01.812Z</time>
        <extensions><gpxtpx:TrackPointExtension><gpxtpx:hr>112</gpxtpx:hr></gpxtpx:TrackPointExtension></extensions>
      </trkpt>
      <trkpt lat="46.502826" lon="6.186332">
        <ele>602.5</ele>
        <time>2026-09-06T09:20:05.840Z</time>
        <extensions><gpxtpx:TrackPointExtension><gpxtpx:hr>112</gpxtpx:hr></gpxtpx:TrackPointExtension></extensions>
      </trkpt>
      <trkpt lat="46.502643" lon="6.186618">
        <ele>604.5</ele>
        <time>2026-09-06T09:20:09.874Z</time>
        <extensions><gpxtpx:TrackPointExtension><gpxtpx:hr>113</gpxtpx:hr></gpxtpx:TrackPointExtension></extensions>
      </trkpt>
      <trkpt lat="46.502460" lon="6.186905">
        <ele>605.2</ele>
        <time>2026-09-06T09:20:13.917Z</time>
        <extensions><gpxtpx:TrackPointExtension><gpxtpx:hr>114</gpxtpx:hr></gpxtpx:TrackPointExtension></extensions>
      </trkpt>
      <trkpt lat="46.502278" lon="6.187192">
        <ele>607.4</ele>
        <time>2026-09-06T09:20:17.967Z</time>
        <extensions><gpxtpx:TrackPointExtension><gpxtpx:hr>111</gpxtpx:hr></gpxtpx:TrackPointExtension></extensions>
      </trkpt>
      <trkpt lat="46.502095" lon="6.187479">
        <ele>608.3</ele>
        <time>2026-09-06T09:20:22.025Z</time>
        <extensions><gpxtpx:TrackPointExtension><gpxtpx:hr>112</gpxtpx:hr></gpxtpx:TrackPointExtension></extensions>
      </trkpt>
      <trkpt lat="46.501911" lon="6.187767">
        <ele>610.1</ele>
        <time>2026-09-06T09:20:26.091Z</time>
        <extensions><gpxtpx:TrackPointExtension><gpxtpx:hr>113</gpxtpx:hr></gpxtpx:TrackPointExtension></extensions>
      </trkpt>
      <trkpt lat="46.501728" lon="6.188055">
        <ele>611.1</ele>
        <time>2026-09-06T09:20:30.165Z</time>
        <extensions><gpxtpx:TrackPointExtension><gpxtpx:hr>112</gpxtpx:hr></gpxtpx:TrackPointExtension></extensions>
      </trkpt>
      <trkpt lat="46.501544" lon="6.188343">
        <ele>612.1</ele>
        <time>2026-09-06T09:20:34.249Z</time>
        <extensions><gpxtpx:TrackPointExtension><gpxtpx:hr>114</gpxtpx:hr></gpxtpx:TrackPointExtension></extensions>
      </trkpt>
      <trkpt lat="46.501359" lon="6.188631">
        <ele>612.8</ele>
        <time>2026-09-06T09:20:38.341Z</time>
        <extensions><gpxtpx:TrackPointExtension><gpxtpx:hr>113</gpxtpx:hr></gpxtpx:TrackPointExtension></extensions>
      </trkpt>
      <trkpt lat="46.501174" lon="6.188918">
        <ele>614.3</ele>
        <time>2026-09-06T09:20:42.444Z</time>
        <extensions><gpxtpx:TrackPointExtension><gpxtpx:hr>112</gpxtpx:hr></gpxtpx:TrackPointExtension></extensions>
      </trkpt>
      <trkpt lat="46.500987" lon="6.189205">
        <ele>615.1</ele>
        <time>2026-09-06T09:20:46.556Z</time>
        <extensions><gpxtpx:TrackPointExtension><gpxtpx:hr>114</gpxtpx:hr></gpxtpx:TrackPointExtension></extensions>
      </trkpt>
      <trkpt lat="46.500800" lon="6.189491">
        <ele>616.3</ele>
        <time>2026-09-06T09:20:50.680Z</time>
        <extensions><gpxtpx:TrackPointExtension><gpxtpx:hr>113</gpxtpx:hr></gpxtpx:TrackPointExtension></extensions>
      </trkpt>
      <trkpt lat="46.500611" lon="6.189777">
        <ele>617.5</ele>
        <time>2026-09-06T09:20:54.815Z</time>
        <extensions><gpxtpx:TrackPointExtension><gpxtpx:hr>115</gpxtpx:hr></gpxtpx:TrackPointExtension></extensions>
      </trkpt>
      <trkpt lat="46.500422" lon="6.190062">
        <ele>618.4</ele>
        <time>2026-09-06T09:20:58.963Z</time>
        <extensions><gpxtpx:TrackPointExtension><gpxtpx:hr>112</gpxtpx:hr></gpxtpx:TrackPointExtension></extensions>
      </trkpt>
      <trkpt lat="46.500230" lon="6.190346">
        <ele>619.2</ele>
        <time>2026-09-06T09:21:03.124Z</time>
        <extensions><gpxtpx:TrackPointExtension><gpxtpx:hr>115</gpxtpx:hr></gpxtpx:TrackPointExtension></extensions>
      </trkpt>
      <trkpt lat="46.500038" lon="6.190629">
        <ele>620.1</ele>
        <time>2026-09-06T09:21:07.298Z</time>
        <extensions><gpxtpx:TrackPointExtension><gpxtpx:hr>112</gpxtpx:hr></gpxtpx:TrackPointExtension></extensions>
      </trkpt>
      <trkpt lat="46.499843" lon="6.190911">
        <ele>621.0</ele>
        <time>2026-09-06T09:21:11.488Z</time>
        <extensions><gpxtpx:TrackPointExtension><gpxtpx:hr>114</gpxtpx:hr></gpxtpx:TrackPointExtension></extensions>
      </trkpt>
      <trkpt lat="46.499647" lon="6.191192">
        <ele>621.2</ele>
        <time>2026-09-06T09:21:15.695Z</time>
        <extensions><gpxtpx:TrackPointExtension><gpxtpx:hr>112</gpxtpx:hr></gpxtpx:TrackPointExtension></extensions>
      </trkpt>
      <trkpt lat="46.499448" lon="6.191472">
        <ele>623.3</ele>
        <time>2026-09-06T09:21:19.918Z</time>
        <extensions><gpxtpx:TrackPointExtension><gpxtpx:hr>113</gpxtpx:hr></gpxtpx:TrackPointExtension></extensions>
      </trkpt>
      <trkpt lat="46.499248" lon="6.191750">
        <ele>623.3</ele>
        <time>2026-09-06T09:21:24.160Z</time>
        <extensions><gpxtpx:TrackPointExtension><gpxtpx:hr>113</gpxtpx:hr></gpxtpx:TrackPointExtension></extensions>
      </trkpt>
      <trkpt lat="46.499045" lon="6.192027">
        <ele>625.2</ele>
        <time>2026-09-06T09:21:28.423Z</time>
        <extensions><gpxtpx:TrackPointExtension><gpxtpx:hr>116</gpxtpx:hr></gpxtpx:TrackPointExtension></extensions>
      </trkpt>
      <trkpt lat="46.498840" lon="6.192302">
        <ele>626.1</ele>
        <time>2026-09-06T09:21:32.706Z</time>
        <extensions><gpxtpx:TrackPointExtension><gpxtpx:hr>114</gpxtpx:hr></gpxtpx:TrackPointExtension></extensions>
      </trkpt>
      <trkpt lat="46.498632" lon="6.192576">
        <ele>625.4</ele>
        <time>2026-09-06T09:21:37.012Z</time>
        <extensions><gpxtpx:TrackPointExtension><gpxtpx:hr>113</gpxtpx:hr></gpxtpx:TrackPointExtension></extensions>
      </trkpt>
      <trkpt lat="46.498422" lon="6.192848">
        <ele>626.7</ele>
        <time>2026-09-06T09:21:41.343Z</time>
        <extensions><gpxtpx:TrackPointExtension><gpxtpx:hr>113</gpxtpx:hr></gpxtpx:TrackPointExtension></extensions>
      </trkpt>
      <trkpt lat="46.498208" lon="6.193118">
        <ele>627.2</ele>
        <time>2026-09-06T09:21:45.700Z</time>
        <extensions><gpxtpx:TrackPointExtension><gpxtpx:hr>114</gpxtpx:hr></gpxtpx:TrackPointExtension></extensions>
      </trkpt>
      <trkpt lat="46.497992" lon="6.193387">
        <ele>629.2</ele>
        <time>2026-09-06T09:21:50.085Z</time>
        <extensions><gpxtpx:TrackPointExtension><gpxtpx:hr>116</gpxtpx:hr></gpxtpx:TrackPointExtension></extensions>
      </trkpt>
      <trkpt lat="46.497773" lon="6.193654">
        <ele>629.5</ele>
        <time>2026-09-06T09:21:54.499Z</time>
        <extensions><gpxtpx:TrackPointExtension><gpxtpx:hr>112</gpxtpx:hr></gpxtpx:TrackPointExtension></extensions>
      </trkpt>
      <trkpt lat="46.497551" lon="6.193920">
        <ele>630.1</ele>
        <time>2026-09-06T09:21:58.945Z</time>
        <extensions><gpxtpx:TrackPointExtension><gpxtpx:hr>114</gpxtpx:hr></gpxtpx:TrackPointExtension></extensions>
      </trkpt>
      <trkpt lat="46.497325" lon="6.194183">
        <ele>629.8</ele>
        <time>2026-09-06T09:22:03.424Z</time>
        <extensions><gpxtpx:TrackPointExtension><gpxtpx:hr>116</gpxtpx:hr></gpxtpx:TrackPointExtension></extensions>
      </trkpt>
      <trkpt lat="46.497096" lon="6.194445">
        <ele>631.5</ele>
        <time>2026-09-06T09:22:07.939Z</time>
        <extensions><gpxtpx:TrackPointExtension><gpxtpx:hr>116</gpxtpx:hr></gpxtpx:TrackPointExtension></extensions>
      </trkpt>
      <trkpt lat="46.496864" lon="6.194705">
        <ele>632.1</ele>
        <time>2026-09-06T09:22:12.491Z</time>
        <extensions><gpxtpx:TrackPointExtension><gpxtpx:hr>114</gpxtpx:hr></gpxtpx:TrackPointExtension></extensions>
      </trkpt>
      <trkpt lat="46.496627" lon="6.194963">
        <ele>633.0</ele>
        <time>2026-09-06T09:22:17.082Z</time>
        <extensions><gpxtpx:TrackPointExtension><gpxtpx:hr>117</gpxtpx:hr></gpxtpx:TrackPointExtension></extensions>
      </trkpt>
      <trkpt lat="46.496388" lon="6.195220">
        <ele>632.6</ele>
        <time>2026-09-06T09:22:21.715Z</time>
        <extensions><gpxtpx:TrackPointExtension><gpxtpx:hr>115</gpxtpx:hr></gpxtpx:TrackPointExtension></extensions>
      </trkpt>
      <trkpt lat="46.496144" lon="6.195474">
        <ele>634.6</ele>
        <time>2026-09-06T09:22:26.392Z</time>
        <extensions><gpxtpx:TrackPointExtension><gpxtpx:hr>115</gpxtpx:hr></gpxtpx:TrackPointExtension></extensions>
      </trkpt>
      <trkpt lat="46.495896" lon="6.195727">
        <ele>635.1</ele>
        <time>2026-09-06T09:22:31.114Z</time>
        <extensions><gpxtpx:TrackPointExtension><gpxtpx:hr>116</gpxtpx:hr></gpxtpx:TrackPointExtension></extensions>
      </trkpt>
      <trkpt lat="46.495644" lon="6.195978">
        <ele>634.4</ele>
        <time>2026-09-06T09:22:35.884Z</time>
        <extensions><gpxtpx:TrackPointExtension><gpxtpx:hr>115</gpxtpx:hr></gpxtpx:TrackPointExtension></extensions>
      </trkpt>
      <trkpt lat="46.495388" lon="6.196227">
        <ele>635.8</ele>
        <time>2026-09-06T09:22:40.704Z</time>
        <extensions><gpxtpx:TrackPointExtension><gpxtpx:hr>114</gpxtpx:hr></gpxtpx:TrackPointExtension></extensions>
      </trkpt>
      <trkpt lat="46.495128" lon="6.196475">
        <ele>635.0</ele>
        <time>2026-09-06T09:22:45.577Z</time>
        <extensions><gpxtpx:TrackPointExtension><gpxtpx:hr>114</gpxtpx:hr></gpxtpx:TrackPointExtension></extensions>
      </trkpt>
      <trkpt lat="46.494864" lon="6.196721">
        <ele>637.3</ele>
        <time>2026-09-06T09:22:50.503Z</time>
        <extensions><gpxtpx:TrackPointExtension><gpxtpx:hr>117</gpxtpx:hr></gpxtpx:TrackPointExtension></extensions>
      </trkpt>
      <trkpt lat="46.494595" lon="6.196965">
        <ele>637.4</ele>
        <time>2026-09-06T09:22:55.486Z</time>
        <extensions><gpxtpx:TrackPointExtension><gpxtpx:hr>116</gpxtpx:hr></gpxtpx:TrackPointExtension></extensions>
      </trkpt>
      <trkpt lat="46.494322" lon="6.197208">
        <ele>637.4</ele>
        <time>2026-09-06T09:23:00.528Z</time>
        <extensions><gpxtpx:TrackPointExtension><gpxtpx:hr>116</gpxtpx:hr></gpxtpx:TrackPointExtension></extensions>
      </trkpt>
      <trkpt lat="46.494044" lon="6.197450">
        <ele>638.5</ele>
        <time>2026-09-06T09:23:05.631Z</time>
        <extensions><gpxtpx:TrackPointExtension><gpxtpx:hr>114</gpxtpx:hr></gpxtpx:TrackPointExtension></extensions>
      </trkpt>
      <trkpt lat="46.493761" lon="6.197690">
        <ele>637.4</ele>
        <time>2026-09-06T09:23:10.796Z</time>
        <extensions><gpxtpx:TrackPointExtension><gpxtpx:hr>117</gpxtpx:hr></gpxtpx:TrackPointExtension></extensions>
      </trkpt>
      <trkpt lat="46.493474" lon="6.197929">
        <ele>639.5</ele>
        <time>2026-09-06T09:23:16.025Z</time>
        <extensions><gpxtpx:TrackPointExtension><gpxtpx:hr>116</gpxtpx:hr></gpxtpx:TrackPointExtension></extensions>
      </trkpt>
      <trkpt lat="46.493182" lon="6.198166">
        <ele>639.1</ele>
        <time>2026-09-06T09:23:21.321Z</time>
        <extensions><gpxtpx:TrackPointExtension><gpxtpx:hr>114</gpxtpx:hr></gpxtpx:TrackPointExtension></extensions>
      </trkpt>
      <trkpt lat="46.492885" lon="6.198403">
        <ele>640.2</ele>
        <time>2026-09-06T09:23:26.686Z</time>
        <extensions><gpxtpx:TrackPointExtension><gpxtpx:hr>115</gpxtpx:hr></gpxtpx:TrackPointExtension></extensions>
      </trkpt>
      <trkpt lat="46.492584" lon="6.198638">
        <ele>639.3</ele>
        <time>2026-09-06T09:23:32.120Z</time>
        <extensions><gpxtpx:TrackPointExtension><gpxtpx:hr>116</gpxtpx:hr></gpxtpx:TrackPointExtension></extensions>
      </trkpt>
      <trkpt lat="46.492277" lon="6.198872">
        <ele>640.5</ele>
        <time>2026-09-06T09:23:37.627Z</time>
        <extensions><gpxtpx:TrackPointExtension><gpxtpx:hr>114</gpxtpx:hr></gpxtpx:TrackPointExtension></extensions>
      </trkpt>
      <trkpt lat="46.491966" lon="6.199106">
        <ele>640.6</ele>
        <time>2026-09-06T09:23:43.207Z</time>
        <extensions><gpxtpx:TrackPointExtension><gpxtpx:hr>118</gpxtpx:hr></gpxtpx:TrackPointExtension></extensions>
      </trkpt>
      <trkpt lat="46.491650" lon="6.199338">
        <ele>640.0</ele>
        <time>2026-09-06T09:23:48.863Z</time>
        <extensions><gpxtpx:TrackPointExtension><gpxtpx:hr>116</gpxtpx:hr></gpxtpx:TrackPointExtension></extensions>
      </trkpt>
      <trkpt lat="46.491329" lon="6.199571">
        <ele>641.5</ele>
        <time>2026-09-06T09:23:54.594Z</time>
        <extensions><gpxtpx:TrackPointExtension><gpxtpx:hr>115</gpxtpx:hr></gpxtpx:TrackPointExtension></extensions>
      </trkpt>
      <trkpt lat="46.491002" lon="6.199802">
        <ele>641.1</ele>
        <time>2026-09-06T09:24:00.404Z</time>
        <extensions><gpxtpx:TrackPointExtension><gpxtpx:hr>115</gpxtpx:hr></gpxtpx:TrackPointExtension></extensions>
      </trkpt>
      <trkpt lat="46.490671" lon="6.200033">
        <ele>642.3</ele>
        <time>2026-09-06T09:24:06.294Z</time>
        <extensions><gpxtpx:TrackPointExtension><gpxtpx:hr>118</gpxtpx:hr></gpxtpx:TrackPointExtension></extensions>
      </trkpt>
      <trkpt lat="46.490335" lon="6.200264">
        <ele>641.3</ele>
        <time>2026-09-06T09:24:12.264Z</time>
        <extensions><gpxtpx:TrackPointExtension><gpxtpx:hr>117</gpxtpx:hr></gpxtpx:TrackPointExtension></extensions>
      </trkpt>
      <trkpt lat="46.489994" lon="6.200495">
        <ele>643.1</ele>
        <time>2026-09-06T09:24:18.315Z</time>
        <extensions><gpxtpx:TrackPointExtension><gpxtpx:hr>116</gpxtpx:hr></gpxtpx:TrackPointExtension></extensions>
      </trkpt>
      <trkpt lat="46.489648" lon="6.200726">
        <ele>643.2</ele>
        <time>2026-09-06T09:24:24.450Z</time>
        <extensions><gpxtpx:TrackPointExtension><gpxtpx:hr>116</gpxtpx:hr></gpxtpx:TrackPointExtension></extensions>
      </trkpt>
      <trkpt lat="46.489297" lon="6.200957">
        <ele>642.1</ele>
        <time>2026-09-06T09:24:30.667Z</time>
        <extensions><gpxtpx:TrackPointExtension><gpxtpx:hr>117</gpxtpx:hr></gpxtpx:TrackPointExtension></extensions>
      </trkpt>
      <trkpt lat="46.488941" lon="6.201188">
        <ele>642.1</ele>
        <time>2026-09-06T09:24:36.970Z</time>
        <extensions><gpxtpx:TrackPointExtension><gpxtpx:hr>117</gpxtpx:hr></gpxtpx:TrackPointExtension></extensions>
      </trkpt>
      <trkpt lat="46.488580" lon="6.201420">
        <ele>643.0</ele>
        <time>2026-09-06T09:24:43.357Z</time>
        <extensions><gpxtpx:TrackPointExtension><gpxtpx:hr>116</gpxtpx:hr></gpxtpx:TrackPointExtension></extensions>
      </trkpt>
      <trkpt lat="46.488214" lon="6.201652">
        <ele>643.9</ele>
        <time>2026-09-06T09:24:49.831Z</time>
        <extensions><gpxtpx:TrackPointExtension><gpxtpx:hr>118</gpxtpx:hr></gpxtpx:TrackPointExtension></extensions>
      </trkpt>
      <trkpt lat="46.487844" lon="6.201885">
        <ele>643.8</ele>
        <time>2026-09-06T09:24:56.390Z</time>
        <extensions><gpxtpx:TrackPointExtension><gpxtpx:hr>119</gpxtpx:hr></gpxtpx:TrackPointExtension></extensions>
      </trkpt>
      <trkpt lat="46.487468" lon="6.202119">
        <ele>642.8</ele>
        <time>2026-09-06T09:25:03.036Z</time>
        <extensions><gpxtpx:TrackPointExtension><gpxtpx:hr>116</gpxtpx:hr></gpxtpx:TrackPointExtension></extensions>
      </trkpt>
      <trkpt lat="46.487088" lon="6.202354">
        <ele>643.6</ele>
        <time>2026-09-06T09:25:09.769Z</time>
        <extensions><gpxtpx:TrackPointExtension><gpxtpx:hr>115</gpxtpx:hr></gpxtpx:TrackPointExtension></extensions>
      </trkpt>
      <trkpt lat="46.486703" lon="6.202590">
        <ele>643.8</ele>
        <time>2026-09-06T09:25:16.589Z</time>
        <extensions><gpxtpx:TrackPointExtension><gpxtpx:hr>119</gpxtpx:hr></gpxtpx:TrackPointExtension></extensions>
      </trkpt>
      <trkpt lat="46.486314" lon="6.202827">
        <ele>644.3</ele>
        <time>2026-09-06T09:25:23.497Z</time>
        <extensions><gpxtpx:TrackPointExtension><gpxtpx:hr>116</gpxtpx:hr></gpxtpx:TrackPointExtension></extensions>
      </trkpt>
      <trkpt lat="46.485920" lon="6.203066">
        <ele>643.9</ele>
        <time>2026-09-06T09:25:30.491Z</time>
        <extensions><gpxtpx:TrackPointExtension><gpxtpx:hr>118</gpxtpx:hr></gpxtpx:TrackPointExtension></extensions>
      </trkpt>
      <trkpt lat="46.485522" lon="6.203307">
        <ele>644.1</ele>
        <time>2026-09-06T09:25:37.573Z</time>
        <extensions><gpxtpx:TrackPointExtension><gpxtpx:hr>116</gpxtpx:hr></gpxtpx:TrackPointExtension></extensions>
      </trkpt>
      <trkpt lat="46.485119" lon="6.203550">
        <ele>645.3</ele>
        <time>2026-09-06T09:25:44.741Z</time>
        <extensions><gpxtpx:TrackPointExtension><gpxtpx:hr>117</gpxtpx:hr></gpxtpx:TrackPointExtension></extensions>
      </trkpt>
      <trkpt lat="46.484712" lon="6.203794">
        <ele>644.4</ele>
        <time>2026-09-06T09:25:51.995Z</time>
        <extensions><gpxtpx:TrackPointExtension><gpxtpx:hr>118</gpxtpx:hr></gpxtpx:TrackPointExtension></extensions>
      </trkpt>
      <trkpt lat="46.484301" lon="6.204041">
        <ele>645.2</ele>
        <time>2026-09-06T09:25:59.336Z</time>
        <extensions><gpxtpx:TrackPointExtension><gpxtpx:hr>118</gpxtpx:hr></gpxtpx:TrackPointExtension></extensions>
      </trkpt>
      <trkpt lat="46.483886" lon="6.204290">
        <ele>644.3</ele>
        <time>2026-09-06T09:26:06.761Z</time>
        <extensions><gpxtpx:TrackPointExtension><gpxtpx:hr>117</gpxtpx:hr></gpxtpx:TrackPointExtension></extensions>
      </trkpt>
      <trkpt lat="46.483467" lon="6.204542">
        <ele>646.2</ele>
        <time>2026-09-06T09:26:14.272Z</time>
        <extensions><gpxtpx:TrackPointExtension><gpxtpx:hr>120</gpxtpx:hr></gpxtpx:TrackPointExtension></extensions>
      </trkpt>
      <trkpt lat="46.483044" lon="6.204797">
        <ele>645.3</ele>
        <time>2026-09-06T09:26:21.866Z</time>
        <extensions><gpxtpx:TrackPointExtension><gpxtpx:hr>118</gpxtpx:hr></gpxtpx:TrackPointExtension></extensions>
      </trkpt>
      <trkpt lat="46.482618" lon="6.205054">
        <ele>644.7</ele>
        <time>2026-09-06T09:26:29.543Z</time>
        <extensions><gpxtpx:TrackPointExtension><gpxtpx:hr>119</gpxtpx:hr></gpxtpx:TrackPointExtension></extensions>
      </trkpt>
      <trkpt lat="46.482188" lon="6.205315">
        <ele>646.5</ele>
        <time>2026-09-06T09:26:37.303Z</time>
        <extensions><gpxtpx:TrackPointExtension><gpxtpx:hr>117</gpxtpx:hr></gpxtpx:TrackPointExtension></extensions>
      </trkpt>
      <trkpt lat="46.481754" lon="6.205578">
        <ele>645.8</ele>
        <time>2026-09-06T09:26:45.143Z</time>
        <extensions><gpxtpx:TrackPointExtension><gpxtpx:hr>119</gpxtpx:hr></gpxtpx:TrackPointExtension></extensions>
      </trkpt>
      <trkpt lat="46.481317" lon="6.205846">
        <ele>646.8</ele>
        <time>2026-09-06T09:26:53.063Z</time>
        <extensions><gpxtpx:TrackPointExtension><gpxtpx:hr>118</gpxtpx:hr></gpxtpx:TrackPointExtension></extensions>
      </trkpt>
      <trkpt lat="46.480878" lon="6.206116">
        <ele>645.9</ele>
        <time>2026-09-06T09:27:01.062Z</time>
        <extensions><gpxtpx:TrackPointExtension><gpxtpx:hr>118</gpxtpx:hr></gpxtpx:TrackPointExtension></extensions>
      </trkpt>
      <trkpt lat="46.480435" lon="6.206391">
        <ele>645.7</ele>
        <time>2026-09-06T09:27:09.138Z</time>
        <extensions><gpxtpx:TrackPointExtension><gpxtpx:hr>120</gpxtpx:hr></gpxtpx:TrackPointExtension></extensions>
      </trkpt>
      <trkpt lat="46.479989" lon="6.206669">
        <ele>647.3</ele>
        <time>2026-09-06T09:27:17.290Z</time>
        <extensions><gpxtpx:TrackPointExtension><gpxtpx:hr>118</gpxtpx:hr></gpxtpx:TrackPointExtension></extensions>
      </trkpt>
      <trkpt lat="46.479541" lon="6.206951">
        <ele>647.4</ele>
        <time>2026-09-06T09:27:25.516Z</time>
        <extensions><gpxtpx:TrackPointExtension><gpxtpx:hr>119</gpxtpx:hr></gpxtpx:TrackPointExtension></extensions>
      </trkpt>
      <trkpt lat="46.479091" lon="6.207238">
        <ele>645.9</ele>
        <time>2026-09-06T09:27:33.815Z</time>
        <extensions><gpxtpx:TrackPointExtension><gpxtpx:hr>119</gpxtpx:hr></gpxtpx:TrackPointExtension></extensions>
      </trkpt>
      <trkpt lat="46.478638" lon="6.207529">
        <ele>647.3</ele>
        <time>2026-09-06T09:27:42.185Z</time>
        <extensions><gpxtpx:TrackPointExtension><gpxtpx:hr>118</gpxtpx:hr></gpxtpx:TrackPointExtension></extensions>
      </trkpt>
      <trkpt lat="46.478183" lon="6.207824">
        <ele>646.4</ele>
        <time>2026-09-06T09:27:50.624Z</time>
        <extensions><gpxtpx:TrackPointExtension><gpxtpx:hr>119</gpxtpx:hr></gpxtpx:TrackPointExtension></extensions>
      </trkpt>
      <trkpt lat="46.477726" lon="6.208124">
        <ele>646.7</ele>
        <time>2026-09-06T09:27:59.131Z</time>
        <extensions><gpxtpx:TrackPointExtension><gpxtpx:hr>118</gpxtpx:hr></gpxtpx:TrackPointExtension></extensions>
      </trkpt>
      <trkpt lat="46.477268" lon="6.208429">
        <ele>646.8</ele>
        <time>2026-09-06T09:28:07.704Z</time>
        <extensions><gpxtpx:TrackPointExtension><gpxtpx:hr>119</gpxtpx:hr></gpxtpx:TrackPointExtension></extensions>
      </trkpt>
      <trkpt lat="46.476808" lon="6.208739">
        <ele>647.9</ele>
        <time>2026-09-06T09:28:16.340Z</time>
        <extensions><gpxtpx:TrackPointExtension><gpxtpx:hr>120</gpxtpx:hr></gpxtpx:TrackPointExtension></extensions>
      </trkpt>
      <trkpt lat="46.476347" lon="6.209054">
        <ele>648.9</ele>
        <time>2026-09-06T09:28:25.038Z</time>
        <extensions><gpxtpx:TrackPointExtension><gpxtpx:hr>121</gpxtpx:hr></gpxtpx:TrackPointExtension></extensions>
      </trkpt>
      <trkpt lat="46.475884" lon="6.209374">
        <ele>648.2</ele>
        <time>2026-09-06T09:28:33.795Z</time>
        <extensions><gpxtpx:TrackPointExtension><gpxtpx:hr>121</gpxtpx:hr></gpxtpx:TrackPointExtension></extensions>
      </trkpt>
      <trkpt lat="46.475421" lon="6.209699">
        <ele>648.0</ele>
        <time>2026-09-06T09:28:42.610Z</time>
        <extensions><gpxtpx:TrackPointExtension><gpxtpx:hr>121</gpxtpx:hr></gpxtpx:TrackPointExtension></extensions>
      </trkpt>
      <trkpt lat="46.474958" lon="6.210030">
        <ele>648.7</ele>
        <time>2026-09-06T09:28:51.481Z</time>
        <extensions><gpxtpx:TrackPointExtension><gpxtpx:hr>122</gpxtpx:hr></gpxtpx:TrackPointExtension></extensions>
      </trkpt>
      <trkpt lat="46.474494" lon="6.210367">
        <ele>648.8</ele>
        <time>2026-09-06T09:29:00.404Z</time>
        <extensions><gpxtpx:TrackPointExtension><gpxtpx:hr>118</gpxtpx:hr></gpxtpx:TrackPointExtension></extensions>
      </trkpt>
      <trkpt lat="46.474029" lon="6.210709">
        <ele>649.7</ele>
        <time>2026-09-06T09:29:09.378Z</time>
        <extensions><gpxtpx:TrackPointExtension><gpxtpx:hr>121</gpxtpx:hr></gpxtpx:TrackPointExtension></extensions>
      </trkpt>
      <trkpt lat="46.473565" lon="6.211058">
        <ele>649.9</ele>
        <time>2026-09-06T09:29:18.401Z</time>
        <extensions><gpxtpx:TrackPointExtension><gpxtpx:hr>120</gpxtpx:hr></gpxtpx:TrackPointExtension></extensions>
      </trkpt>
      <trkpt lat="46.473101" lon="6.211412">
        <ele>649.2</ele>
        <time>2026-09-06T09:29:27.470Z</time>
        <extensions><gpxtpx:TrackPointExtension><gpxtpx:hr>119</gpxtpx:hr></gpxtpx:TrackPointExtension></extensions>
      </trkpt>
      <trkpt lat="46.472638" lon="6.211772">
        <ele>651.1</ele>
        <time>2026-09-06T09:29:36.582Z</time>
        <extensions><gpxtpx:TrackPointExtension><gpxtpx:hr>119</gpxtpx:hr></gpxtpx:TrackPointExtension></extensions>
      </trkpt>
      <trkpt lat="46.472175" lon="6.212138">
        <ele>650.9</ele>
        <time>2026-09-06T09:29:45.736Z</time>
        <extensions><gpxtpx:TrackPointExtension><gpxtpx:hr>122</gpxtpx:hr></gpxtpx:TrackPointExtension></extensions>
      </trkpt>
      <trkpt lat="46.471714" lon="6.212511">
        <ele>651.6</ele>
        <time>2026-09-06T09:29:54.929Z</time>
        <extensions><gpxtpx:TrackPointExtension><gpxtpx:hr>119</gpxtpx:hr></gpxtpx:TrackPointExtension></extensions>
      </trkpt>
      <trkpt lat="46.471253" lon="6.212889">
        <ele>651.0</ele>
        <time>2026-09-06T09:30:04.158Z</time>
        <extensions><gpxtpx:TrackPointExtension><gpxtpx:hr>120</gpxtpx:hr></gpxtpx:TrackPointExtension></extensions>
      </trkpt>
      <trkpt lat="46.470794" lon="6.213275">
        <ele>652.0</ele>
        <time>2026-09-06T09:30:13.421Z</time>
        <extensions><gpxtpx:TrackPointExtension><gpxtpx:hr>122</gpxtpx:hr></gpxtpx:TrackPointExtension></extensions>
      </trkpt>
      <trkpt lat="46.470337" lon="6.213666">
        <ele>651.1</ele>
        <time>2026-09-06T09:30:22.716Z</time>
        <extensions><gpxtpx:TrackPointExtension><gpxtpx:hr>119</gpxtpx:hr></gpxtpx:TrackPointExtension></extensions>
      </trkpt>
      <trkpt lat="46.469882" lon="6.214065">
        <ele>651.9</ele>
        <time>2026-09-06T09:30:32.039Z</time>
        <extensions><gpxtpx:TrackPointExtension><gpxtpx:hr>121</gpxtpx:hr></gpxtpx:TrackPointExtension></extensions>
      </trkpt>
      <trkpt lat="46.469429" lon="6.214469">
        <ele>652.9</ele>
        <time>2026-09-06T09:30:41.389Z</time>
        <extensions><gpxtpx:TrackPointExtension><gpxtpx:hr>120</gpxtpx:hr></gpxtpx:TrackPointExtension></extensions>
      </trkpt>
      <trkpt lat="46.468979" lon="6.214881">
        <ele>653.8</ele>
        <time>2026-09-06T09:30:50.763Z</time>
        <extensions><gpxtpx:TrackPointExtension><gpxtpx:hr>122</gpxtpx:hr></gpxtpx:TrackPointExtension></extensions>
      </trkpt>
      <trkpt lat="46.468532" lon="6.215299">
        <ele>654.8</ele>
        <time>2026-09-06T09:31:00.159Z</time>
        <extensions><gpxtpx:TrackPointExtension><gpxtpx:hr>121</gpxtpx:hr></gpxtpx:TrackPointExtension></extensions>
      </trkpt>
      <trkpt lat="46.468087" lon="6.215724">
        <ele>655.2</ele>
        <time>2026-09-06T09:31:09.573Z</time>
        <extensions><gpxtpx:TrackPointExtension><gpxtpx:hr>123</gpxtpx:hr></gpxtpx:TrackPointExtension></extensions>
      </trkpt>
      <trkpt lat="46.467646" lon="6.216155">
        <ele>654.5</ele>
        <time>2026-09-06T09:31:19.004Z</time>
        <extensions><gpxtpx:TrackPointExtension><gpxtpx:hr>121</gpxtpx:hr></gpxtpx:TrackPointExtension></extensions>
      </trkpt>
      <trkpt lat="46.467208" lon="6.216593">
        <ele>655.9</ele>
        <time>2026-09-06T09:31:28.449Z</time>
        <extensions><gpxtpx:TrackPointExtension><gpxtpx:hr>122</gpxtpx:hr></gpxtpx:TrackPointExtension></extensions>
      </trkpt>
      <trkpt lat="46.466774" lon="6.217039">
        <ele>655.2</ele>
        <time>2026-09-06T09:31:37.906Z</time>
        <extensions><gpxtpx:TrackPointExtension><gpxtpx:hr>121</gpxtpx:hr></gpxtpx:TrackPointExtension></extensions>
      </trkpt>
      <trkpt lat="46.466344" lon="6.217490">
        <ele>656.1</ele>
        <time>2026-09-06T09:31:47.372Z</time>
        <extensions><gpxtpx:TrackPointExtension><gpxtpx:hr>123</gpxtpx:hr></gpxtpx:TrackPointExtension></extensions>
      </trkpt>
      <trkpt lat="46.465919" lon="6.217949">
        <ele>657.6</ele>
        <time>2026-09-06T09:31:56.846Z</time>
        <extensions><gpxtpx:TrackPointExtension><gpxtpx:hr>120</gpxtpx:hr></gpxtpx:TrackPointExtension></extensions>
      </trkpt>
      <trkpt lat="46.465498" lon="6.218415">
        <ele>657.9</ele>
        <time>2026-09-06T09:32:06.323Z</time>
        <extensions><gpxtpx:TrackPointExtension><gpxtpx:hr>122</gpxtpx:hr></gpxtpx:TrackPointExtension></extensions>
      </trkpt>
      <trkpt lat="46.465082" lon="6.218887">
        <ele>658.6</ele>
        <time>2026-09-06T09:32:15.804Z</time>
        <extensions><gpxtpx:TrackPointExtension><gpxtpx:hr>124</gpxtpx:hr></gpxtpx:TrackPointExtension></extensions>
      </trkpt>
      <trkpt lat="46.464671" lon="6.219366">
        <ele>659.2</ele>
        <time>2026-09-06T09:32:25.284Z</time>
        <extensions><gpxtpx:TrackPointExtension><gpxtpx:hr>123</gpxtpx:hr></gpxtpx:TrackPointExtension></extensions>
      </trkpt>
      <trkpt lat="46.464265" lon="6.219852">
        <ele>661.0</ele>
        <time>2026-09-06T09:32:34.763Z</time>
        <extensions><gpxtpx:TrackPointExtension><gpxtpx:hr>121</gpxtpx:hr></gpxtpx:TrackPointExtension></extensions>
      </trkpt>
      <trkpt lat="46.463865" lon="6.220345">
        <ele>661.3</ele>
        <time>2026-09-06T09:32:44.237Z</time>
        <extensions><gpxtpx:TrackPointExtension><gpxtpx:hr>123</gpxtpx:hr></gpxtpx:TrackPointExtension></extensions>
      </trkpt>
      <trkpt lat="46.463471" lon="6.220844">
        <ele>661.1</ele>
        <time>2026-09-06T09:32:53.706Z</time>
        <extensions><gpxtpx:TrackPointExtension><gpxtpx:hr>121</gpxtpx:hr></gpxtpx:TrackPointExtension></extensions>
      </trkpt>
      <trkpt lat="46.463083" lon="6.221350">
        <ele>662.0</ele>
        <time>2026-09-06T09:33:03.167Z</time>
        <extensions><gpxtpx:TrackPointExtension><gpxtpx:hr>121</gpxtpx:hr></gpxtpx:TrackPointExtension></extensions>
      </trkpt>
      <trkpt lat="46.462701" lon="6.221862">
        <ele>664.5</ele>
        <time>2026-09-06T09:33:12.618Z</time>
        <extensions><gpxtpx:TrackPointExtension><gpxtpx:hr>124</gpxtpx:hr></gpxtpx:TrackPointExtension></extensions>
      </trkpt>
      <trkpt lat="46.462325" lon="6.222381">
        <ele>665.2</ele>
        <time>2026-09-06T09:33:22.058Z</time>
        <extensions><gpxtpx:TrackPointExtension><gpxtpx:hr>121</gpxtpx:hr></gpxtpx:TrackPointExtension></extensions>
      </trkpt>
      <trkpt lat="46.461957" lon="6.222906">
        <ele>665.6</ele>
        <time>2026-09-06T09:33:31.484Z</time>
        <extensions><gpxtpx:TrackPointExtension><gpxtpx:hr>125</gpxtpx:hr></gpxtpx:TrackPointExtension></extensions>
      </trkpt>
      <trkpt lat="46.461595" lon="6.223438">
        <ele>666.5</ele>
        <time>2026-09-06T09:33:40.896Z</time>
        <extensions><gpxtpx:TrackPointExtension><gpxtpx:hr>122</gpxtpx:hr></gpxtpx:TrackPointExtension></extensions>
      </trkpt>
      <trkpt lat="46.461241" lon="6.223976">
        <ele>666.9</ele>
        <time>2026-09-06T09:33:50.292Z</time>
        <extensions><gpxtpx:TrackPointExtension><gpxtpx:hr>124</gpxtpx:hr></gpxtpx:TrackPointExtension></extensions>
      </trkpt>
      <trkpt lat="46.460894" lon="6.224520">
        <ele>668.0</ele>
        <time>2026-09-06T09:33:59.670Z</time>
        <extensions><gpxtpx:TrackPointExtension><gpxtpx:hr>125</gpxtpx:hr></gpxtpx:TrackPointExtension></extensions>
      </trkpt>
      <trkpt lat="46.460555" lon="6.225071">
        <ele>668.8</ele>
        <time>2026-09-06T09:34:09.030Z</time>
        <extensions><gpxtpx:TrackPointExtension><gpxtpx:hr>122</gpxtpx:hr></gpxtpx:TrackPointExtension></extensions>
      </trkpt>
      <trkpt lat="46.460224" lon="6.225627">
        <ele>671.4</ele>
        <time>2026-09-06T09:34:18.370Z</time>
        <extensions><gpxtpx:TrackPointExtension><gpxtpx:hr>123</gpxtpx:hr></gpxtpx:TrackPointExtension></extensions>
      </trkpt>
      <trkpt lat="46.459901" lon="6.226189">
        <ele>671.0</ele>
        <time>2026-09-06T09:34:27.689Z</time>
        <extensions><gpxtpx:TrackPointExtension><gpxtpx:hr>126</gpxtpx:hr></gpxtpx:TrackPointExtension></extensions>
      </trkpt>
      <trkpt lat="46.459587" lon="6.226757">
        <ele>673.7</ele>
        <time>2026-09-06T09:34:36.986Z</time>
        <extensions><gpxtpx:TrackPointExtension><gpxtpx:hr>123</gpxtpx:hr></gpxtpx:TrackPointExtension></extensions>
      </trkpt>
      <trkpt lat="46.459281" lon="6.227330">
        <ele>674.1</ele>
        <time>2026-09-06T09:34:46.261Z</time>
        <extensions><gpxtpx:TrackPointExtension><gpxtpx:hr>123</gpxtpx:hr></gpxtpx:TrackPointExtension></extensions>
      </trkpt>
      <trkpt lat="46.458984" lon="6.227909">
        <ele>675.1</ele>
        <time>2026-09-06T09:34:55.513Z</time>
        <extensions><gpxtpx:TrackPointExtension><gpxtpx:hr>125</gpxtpx:hr></gpxtpx:TrackPointExtension></extensions>
      </trkpt>
      <trkpt lat="46.458696" lon="6.228494">
        <ele>677.2</ele>
        <time>2026-09-06T09:35:04.741Z</time>
        <extensions><gpxtpx:TrackPointExtension><gpxtpx:hr>126</gpxtpx:hr></gpxtpx:TrackPointExtension></extensions>
      </trkpt>
      <trkpt lat="46.458417" lon="6.229083">
        <ele>677.9</ele>
        <time>2026-09-06T09:35:13.946Z</time>
        <extensions><gpxtpx:TrackPointExtension><gpxtpx:hr>127</gpxtpx:hr></gpxtpx:TrackPointExtension></extensions>
      </trkpt>
      <trkpt lat="46.458147" lon="6.229678">
        <ele>680.0</ele>
        <time>2026-09-06T09:35:23.127Z</time>
        <extensions><gpxtpx:TrackPointExtension><gpxtpx:hr>123</gpxtpx:hr></gpxtpx:TrackPointExtension></extensions>
      </trkpt>
      <trkpt lat="46.457887" lon="6.230278">
        <ele>681.5</ele>
        <time>2026-09-06T09:35:32.284Z</time>
        <extensions><gpxtpx:TrackPointExtension><gpxtpx:hr>124</gpxtpx:hr></gpxtpx:TrackPointExtension></extensions>
      </trkpt>
      <trkpt lat="46.457637" lon="6.230882">
        <ele>681.3</ele>
        <time>2026-09-06T09:35:41.417Z</time>
        <extensions><gpxtpx:TrackPointExtension><gpxtpx:hr>125</gpxtpx:hr></gpxtpx:TrackPointExtension></extensions>
      </trkpt>
      <trkpt lat="46.457397" lon="6.231491">
        <ele>684.4</ele>
        <time>2026-09-06T09:35:50.527Z</time>
        <extensions><gpxtpx:TrackPointExtension><gpxtpx:hr>127</gpxtpx:hr></gpxtpx:TrackPointExtension></extensions>
      </trkpt>
      <trkpt lat="46.457166" lon="6.232105">
        <ele>684.6</ele>
        <time>2026-09-06T09:35:59.614Z</time>
        <extensions><gpxtpx:TrackPointExtension><gpxtpx:hr>124</gpxtpx:hr></gpxtpx:TrackPointExtension></extensions>
      </trkpt>
      <trkpt lat="46.456946" lon="6.232722">
        <ele>686.6</ele>
        <time>2026-09-06T09:36:08.679Z</time>
        <extensions><gpxtpx:TrackPointExtension><gpxtpx:hr>124</gpxtpx:hr></gpxtpx:TrackPointExtension></extensions>
      </trkpt>
      <trkpt lat="46.456736" lon="6.233344">
        <ele>687.8</ele>
        <time>2026-09-06T09:36:17.722Z</time>
        <extensions><gpxtpx:TrackPointExtension><gpxtpx:hr>125</gpxtpx:hr></gpxtpx:TrackPointExtension></extensions>
      </trkpt>
      <trkpt lat="46.456537" lon="6.233969">
        <ele>690.3</ele>
        <time>2026-09-06T09:36:26.745Z</time>
        <extensions><gpxtpx:TrackPointExtension><gpxtpx:hr>127</gpxtpx:hr></gpxtpx:TrackPointExtension></extensions>
      </trkpt>
      <trkpt lat="46.456348" lon="6.234599">
        <ele>691.2</ele>
        <time>2026-09-06T09:36:35.748Z</time>
        <extensions><gpxtpx:TrackPointExtension><gpxtpx:hr>124</gpxtpx:hr></gpxtpx:TrackPointExtension></extensions>
      </trkpt>
      <trkpt lat="46.456170" lon="6.235232">
        <ele>693.1</ele>
        <time>2026-09-06T09:36:44.733Z</time>
        <extensions><gpxtpx:TrackPointExtension><gpxtpx:hr>124</gpxtpx:hr></gpxtpx:TrackPointExtension></extensions>
      </trkpt>
      <trkpt lat="46.456003" lon="6.235868">
        <ele>694.6</ele>
        <time>2026-09-06T09:36:53.701Z</time>
        <extensions><gpxtpx:TrackPointExtension><gpxtpx:hr>127</gpxtpx:hr></gpxtpx:TrackPointExtension></extensions>
      </trkpt>
      <trkpt lat="46.455847" lon="6.236507">
        <ele>696.4</ele>
        <time>2026-09-06T09:37:02.654Z</time>
        <extensions><gpxtpx:TrackPointExtension><gpxtpx:hr>126</gpxtpx:hr></gpxtpx:TrackPointExtension></extensions>
      </trkpt>
      <trkpt lat="46.455703" lon="6.237149">
        <ele>699.2</ele>
        <time>2026-09-06T09:37:11.594Z</time>
        <extensions><gpxtpx:TrackPointExtension><gpxtpx:hr>125</gpxtpx:hr></gpxtpx:TrackPointExtension></extensions>
      </trkpt>
      <trkpt lat="46.455569" lon="6.237794">
        <ele>700.0</ele>
        <time>2026-09-06T09:37:20.522Z</time>
        <extensions><gpxtpx:TrackPointExtension><gpxtpx:hr>125</gpxtpx:hr></gpxtpx:TrackPointExtension></extensions>
      </trkpt>
      <trkpt lat="46.455447" lon="6.238441">
        <ele>702.6</ele>
        <time>2026-09-06T09:37:29.440Z</time>
        <extensions><gpxtpx:TrackPointExtension><gpxtpx:hr>128</gpxtpx:hr></gpxtpx:TrackPointExtension></extensions>
      </trkpt>
      <trkpt lat="46.455336" lon="6.239090">
        <ele>703.3</ele>
        <time>2026-09-06T09:37:38.351Z</time>
        <extensions><gpxtpx:TrackPointExtension><gpxtpx:hr>128</gpxtpx:hr></gpxtpx:TrackPointExtension></extensions>
      </trkpt>
      <trkpt lat="46.455236" lon="6.239742">
        <ele>705.1</ele>
        <time>2026-09-06T09:37:47.257Z</time>
        <extensions><gpxtpx:TrackPointExtension><gpxtpx:hr>126</gpxtpx:hr></gpxtpx:TrackPointExtension></extensions>
      </trkpt>
      <trkpt lat="46.455148" lon="6.240395">
        <ele>708.0</ele>
        <time>2026-09-06T09:37:56.160Z</time>
        <extensions><gpxtpx:TrackPointExtension><gpxtpx:hr>127</gpxtpx:hr></gpxtpx:TrackPointExtension></extensions>
      </trkpt>
      <trkpt lat="46.455072" lon="6.241050">
        <ele>709.4</ele>
        <time>2026-09-06T09:38:05.063Z</time>
        <extensions><gpxtpx:TrackPointExtension><gpxtpx:hr>127</gpxtpx:hr></gpxtpx:TrackPointExtension></extensions>
      </trkpt>
      <trkpt lat="46.455007" lon="6.241706">
        <ele>712.0</ele>
        <time>2026-09-06T09:38:13.968Z</time>
        <extensions><gpxtpx:TrackPointExtension><gpxtpx:hr>128</gpxtpx:hr></gpxtpx:TrackPointExtension></extensions>
      </trkpt>
      <trkpt lat="46.454954" lon="6.242364">
        <ele>713.7</ele>
        <time>2026-09-06T09:38:22.878Z</time>
        <extensions><gpxtpx:TrackPointExtension><gpxtpx:hr>127</gpxtpx:hr></gpxtpx:TrackPointExtension></extensions>
      </trkpt>
      <trkpt lat="46.454913" lon="6.243022">
        <ele>716.4</ele>
        <time>2026-09-06T09:38:31.795Z</time>
        <extensions><gpxtpx:TrackPointExtension><gpxtpx:hr>127</gpxtpx:hr></gpxtpx:TrackPointExtension></extensions>
      </trkpt>
      <trkpt lat="46.454884" lon="6.243681">
        <ele>719.1</ele>
        <time>2026-09-06T09:38:40.723Z</time>
        <extensions><gpxtpx:TrackPointExtension><gpxtpx:hr>127</gpxtpx:hr></gpxtpx:TrackPointExtension></extensions>
      </trkpt>
      <trkpt lat="46.454866" lon="6.244340">
        <ele>721.1</ele>
        <time>2026-09-06T09:38:49.664Z</time>
        <extensions><gpxtpx:TrackPointExtension><gpxtpx:hr>129</gpxtpx:hr></gpxtpx:TrackPointExtension></extensions>
      </trkpt>
      <trkpt lat="46.454860" lon="6.245000">
        <ele>723.2</ele>
        <time>2026-09-06T09:38:58.622Z</time>
        <extensions><gpxtpx:TrackPointExtension><gpxtpx:hr>127</gpxtpx:hr></gpxtpx:TrackPointExtension></extensions>
      </trkpt>
      <trkpt lat="46.454866" lon="6.245660">
        <ele>725.1</ele>
        <time>2026-09-06T09:39:07.599Z</time>
        <extensions><gpxtpx:TrackPointExtension><gpxtpx:hr>128</gpxtpx:hr></gpxtpx:TrackPointExtension></extensions>
      </trkpt>
      <trkpt lat="46.454884" lon="6.246319">
        <ele>727.2</ele>
        <time>2026-09-06T09:39:16.598Z</time>
        <extensions><gpxtpx:TrackPointExtension><gpxtpx:hr>127</gpxtpx:hr></gpxtpx:TrackPointExtension></extensions>
      </trkpt>
      <trkpt lat="46.454913" lon="6.246978">
        <ele>730.0</ele>
        <time>2026-09-06T09:39:25.622Z</time>
        <extensions><gpxtpx:TrackPointExtension><gpxtpx:hr>128</gpxtpx:hr></gpxtpx:TrackPointExtension></extensions>
      </trkpt>
      <trkpt lat="46.454954" lon="6.247636">
        <ele>732.2</ele>
        <time>2026-09-06T09:39:34.674Z</time>
        <extensions><gpxtpx:TrackPointExtension><gpxtpx:hr>127</gpxtpx:hr></gpxtpx:TrackPointExtension></extensions>
      </trkpt>
      <trkpt lat="46.455007" lon="6.248294">
        <ele>734.1</ele>
        <time>2026-09-06T09:39:43.757Z</time>
        <extensions><gpxtpx:TrackPointExtension><gpxtpx:hr>130</gpxtpx:hr></gpxtpx:TrackPointExtension></extensions>
      </trkpt>
      <trkpt lat="46.455072" lon="6.248950">
        <ele>737.7</ele>
        <time>2026-09-06T09:39:52.874Z</time>
        <extensions><gpxtpx:TrackPointExtension><gpxtpx:hr>129</gpxtpx:hr></gpxtpx:TrackPointExtension></extensions>
      </trkpt>
      <trkpt lat="46.455148" lon="6.249605">
        <ele>740.8</ele>
        <time>2026-09-06T09:40:02.028Z</time>
        <extensions><gpxtpx:TrackPointExtension><gpxtpx:hr>128</gpxtpx:hr></gpxtpx:TrackPointExtension></extensions>
      </trkpt>
      <trkpt lat="46.455236" lon="6.250258">
        <ele>743.2</ele>
        <time>2026-09-06T09:40:11.222Z</time>
        <extensions><gpxtpx:TrackPointExtension><gpxtpx:hr>131</gpxtpx:hr></gpxtpx:TrackPointExtension></extensions>
      </trkpt>
      <trkpt lat="46.455336" lon="6.250910">
        <ele>745.2</ele>
        <time>2026-09-06T09:40:20.458Z</time>
        <extensions><gpxtpx:TrackPointExtension><gpxtpx:hr>128</gpxtpx:hr></gpxtpx:TrackPointExtension></extensions>
      </trkpt>
      <trkpt lat="46.455447" lon="6.251559">
        <ele>747.6</ele>
        <time>2026-09-06T09:40:29.739Z</time>
        <extensions><gpxtpx:TrackPointExtension><gpxtpx:hr>128</gpxtpx:hr></gpxtpx:TrackPointExtension></extensions>
      </trkpt>
      <trkpt lat="46.455569" lon="6.252206">
        <ele>749.6</ele>
        <time>2026-09-06T09:40:39.068Z</time>
        <extensions><gpxtpx:TrackPointExtension><gpxtpx:hr>130</gpxtpx:hr></gpxtpx:TrackPointExtension></extensions>
      </trkpt>
      <trkpt lat="46.455703" lon="6.252851">
        <ele>752.7</ele>
        <time>2026-09-06T09:40:48.446Z</time>
        <extensions><gpxtpx:TrackPointExtension><gpxtpx:hr>131</gpxtpx:hr></gpxtpx:TrackPointExtension></extensions>
      </trkpt>
      <trkpt lat="46.455847" lon="6.253493">
        <ele>756.3</ele>
        <time>2026-09-06T09:40:57.877Z</time>
        <extensions><gpxtpx:TrackPointExtension><gpxtpx:hr>129</gpxtpx:hr></gpxtpx:TrackPointExtension></extensions>
      </trkpt>
      <trkpt lat="46.456003" lon="6.254132">
        <ele>758.8</ele>
        <time>2026-09-06T09:41:07.363Z</time>
        <extensions><gpxtpx:TrackPointExtension><gpxtpx:hr>129</gpxtpx:hr></gpxtpx:TrackPointExtension></extensions>
      </trkpt>
      <trkpt lat="46.456170" lon="6.254768">
        <ele>761.5</ele>
        <time>2026-09-06T09:41:16.905Z</time>
        <extensions><gpxtpx:TrackPointExtension><gpxtpx:hr>130</gpxtpx:hr></gpxtpx:TrackPointExtension></extensions>
      </trkpt>
      <trkpt lat="46.456348" lon="6.255401">
        <ele>764.8</ele>
        <time>2026-09-06T09:41:26.506Z</time>
        <extensions><gpxtpx:TrackPointExtension><gpxtpx:hr>132</gpxtpx:hr></gpxtpx:TrackPointExtension></extensions>
      </trkpt>
      <trkpt lat="46.456537" lon="6.256031">
        <ele>766.8</ele>
        <time>2026-09-06T09:41:36.167Z</time>
        <extensions><gpxtpx:TrackPointExtension><gpxtpx:hr>131</gpxtpx:hr></gpxtpx:TrackPointExtension></extensions>
      </trkpt>
      <trkpt lat="46.456736" lon="6.256656">
        <ele>770.6</ele>
        <time>2026-09-06T09:41:45.891Z</time>
        <extensions><gpxtpx:TrackPointExtension><gpxtpx:hr>131</gpxtpx:hr></gpxtpx:TrackPointExtension></extensions>
      </trkpt>
      <trkpt lat="46.456946" lon="6.257278">
        <ele>772.4</ele>
        <time>2026-09-06T09:41:55.678Z</time>
        <extensions><gpxtpx:TrackPointExtension><gpxtpx:hr>130</gpxtpx:hr></gpxtpx:TrackPointExtension></extensions>
      </trkpt>
      <trkpt lat="46.457166" lon="6.257895">
        <ele>776.3</ele>
        <time>2026-09-06T09:42:05.531Z</time>
        <extensions><gpxtpx:TrackPointExtension><gpxtpx:hr>131</gpxtpx:hr></gpxtpx:TrackPointExtension></extensions>
      </trkpt>
      <trkpt lat="46.457397" lon="6.258509">
        <ele>778.5</ele>
        <time>2026-09-06T09:42:15.450Z</time>
        <extensions><gpxtpx:TrackPointExtension><gpxtpx:hr>130</gpxtpx:hr></gpxtpx:TrackPointExtension></extensions>
      </trkpt>
      <trkpt lat="46.457637" lon="6.259118">
        <ele>781.7</ele>
        <time>2026-09-06T09:42:25.436Z</time>
        <extensions><gpxtpx:TrackPointExtension><gpxtpx:hr>133</gpxtpx:hr></gpxtpx:TrackPointExtension></extensions>
      </trkpt>
      <trkpt lat="46.457887" lon="6.259722">
        <ele>785.5</ele>
        <time>2026-09-06T09:42:35.490Z</time>
        <extensions><gpxtpx:TrackPointExtension><gpxtpx:hr>131</gpxtpx:hr></gpxtpx:TrackPointExtension></extensions>
      </trkpt>
      <trkpt lat="46.458147" lon="6.260322">
        <ele>789.3</ele>
        <time>2026-09-06T09:42:45.613Z</time>
        <extensions><gpxtpx:TrackPointExtension><gpxtpx:hr>129</gpxtpx:hr></gpxtpx:TrackPointExtension></extensions>
      </trkpt>
      <trkpt lat="46.458417" lon="6.260917">
        <ele>792.1</ele>
        <time>2026-09-06T09:42:55.806Z</time>
        <extensions><gpxtpx:TrackPointExtension><gpxtpx:hr>131</gpxtpx:hr></gpxtpx:TrackPointExtension></extensions>
      </trkpt>
      <trkpt lat="46.458696" lon="6.261506">
        <ele>795.6</ele>
        <time>2026-09-06T09:43:06.068Z</time>
        <extensions><gpxtpx:TrackPointExtension><gpxtpx:hr>130</gpxtpx:hr></gpxtpx:TrackPointExtension></extensions>
      </trkpt>
      <trkpt lat="46.458984" lon="6.262091">
        <ele>799.2</ele>
        <time>2026-09-06T09:43:16.401Z</time>
        <extensions><gpxtpx:TrackPointExtension><gpxtpx:hr>132</gpxtpx:hr></gpxtpx:TrackPointExtension></extensions>
      </trkpt>
      <trkpt lat="46.459281" lon="6.262670">
        <ele>802.5</ele>
        <time>2026-09-06T09:43:26.803Z</time>
        <extensions><gpxtpx:TrackPointExtension><gpxtpx:hr>131</gpxtpx:hr></gpxtpx:TrackPointExtension></extensions>
      </trkpt>
      <trkpt lat="46.459587" lon="6.263243">
        <ele>805.4</ele>
        <time>2026-09-06T09:43:37.275Z</time>
        <extensions><gpxtpx:TrackPointExtension><gpxtpx:hr>132</gpxtpx:hr></gpxtpx:TrackPointExtension></extensions>
      </trkpt>
      <trkpt lat="46.459901" lon="6.263811">
        <ele>809.2</ele>
        <time>2026-09-06T09:43:47.817Z</time>
        <extensions><gpxtpx:TrackPointExtension><gpxtpx:hr>133</gpxtpx:hr></gpxtpx:TrackPointExtension></extensions>
      </trkpt>
      <trkpt lat="46.460224" lon="6.264373">
        <ele>811.8</ele>
        <time>2026-09-06T09:43:58.428Z</time>
        <extensions><gpxtpx:TrackPointExtension><gpxtpx:hr>133</gpxtpx:hr></gpxtpx:TrackPointExtension></extensions>
      </trkpt>
      <trkpt lat="46.460555" lon="6.264929">
        <ele>815.0</ele>
        <time>2026-09-06T09:44:09.108Z</time>
        <extensions><gpxtpx:TrackPointExtension><gpxtpx:hr>133</gpxtpx:hr></gpxtpx:TrackPointExtension></extensions>
      </trkpt>
      <trkpt lat="46.460894" lon="6.265480">
        <ele>818.7</ele>
        <time>2026-09-06T09:44:19.855Z</time>
        <extensions><gpxtpx:TrackPointExtension><gpxtpx:hr>134</gpxtpx:hr></gpxtpx:TrackPointExtension></extensions>
      </trkpt>
      <trkpt lat="46.461241" lon="6.266024">
        <ele>822.1</ele>
        <time>2026-09-06T09:44:30.668Z</time>
        <extensions><gpxtpx:TrackPointExtension><gpxtpx:hr>134</gpxtpx:hr></gpxtpx:TrackPointExtension></extensions>
      </trkpt>
      <trkpt lat="46.461595" lon="6.266562">
        <ele>825.7</ele>
        <time>2026-09-06T09:44:41.548Z</time>
        <extensions><gpxtpx:TrackPointExtension><gpxtpx:hr>134</gpxtpx:hr></gpxtpx:TrackPointExtension></extensions>
      </trkpt>
      <trkpt lat="46.461957" lon="6.267094">
        <ele>829.0</ele>
        <time>2026-09-06T09:44:52.491Z</time>
        <extensions><gpxtpx:TrackPointExtension><gpxtpx:hr>132</gpxtpx:hr></gpxtpx:TrackPointExtension></extensions>
      </trkpt>
      <trkpt lat="46.462325" lon="6.267619">
        <ele>831.7</ele>
        <time>2026-09-06T09:45:03.497Z</time>
        <extensions><gpxtpx:TrackPointExtension><gpxtpx:hr>133</gpxtpx:hr></gpxtpx:TrackPointExtension></extensions>
      </trkpt>
      <trkpt lat="46.462701" lon="6.268138">
        <ele>835.4</ele>
        <time>2026-09-06T09:45:14.565Z</time>
        <extensions><gpxtpx:TrackPointExtension><gpxtpx:hr>134</gpxtpx:hr></gpxtpx:TrackPointExtension></extensions>
      </trkpt>
      <trkpt lat="46.463083" lon="6.268650">
        <ele>838.7</ele>
        <time>2026-09-06T09:45:25.692Z</time>
        <extensions><gpxtpx:TrackPointExtension><gpxtpx:hr>131</gpxtpx:hr></gpxtpx:TrackPointExtension></extensions>
      </trkpt>
      <trkpt lat="46.463471" lon="6.269156">
        <ele>844.1</ele>
        <time>2026-09-06T09:45:36.877Z</time>
        <extensions><gpxtpx:TrackPointExtension><gpxtpx:hr>134</gpxtpx:hr></gpxtpx:TrackPointExtension></extensions>
      </trkpt>
      <trkpt lat="46.463865" lon="6.269655">
        <ele>846.4</ele>
        <time>2026-09-06T09:45:48.118Z</time>
        <extensions><gpxtpx:TrackPointExtension><gpxtpx:hr>135</gpxtpx:hr></gpxtpx:TrackPointExtension></extensions>
      </trkpt>
      <trkpt lat="46.464265" lon="6.270148">
        <ele>851.4</ele>
        <time>2026-09-06T09:45:59.412Z</time>
        <extensions><gpxtpx:TrackPointExtension><gpxtpx:hr>132</gpxtpx:hr></gpxtpx:TrackPointExtension></extensions>
      </trkpt>
      <trkpt lat="46.464671" lon="6.270634">
        <ele>853.6</ele>
        <time>2026-09-06T09:46:10.758Z</time>
        <extensions><gpxtpx:TrackPointExtension><gpxtpx:hr>132</gpxtpx:hr></gpxtpx:TrackPointExtension></extensions>
      </trkpt>
      <trkpt lat="46.465082" lon="6.271113">
        <ele>857.5</ele>
        <time>2026-09-06T09:46:22.153Z</time>
        <extensions><gpxtpx:TrackPointExtension><gpxtpx:hr>132</gpxtpx:hr></gpxtpx:TrackPointExtension></extensions>
      </trkpt>
      <trkpt lat="46.465498" lon="6.271585">
        <ele>861.3</ele>
        <time>2026-09-06T09:46:33.594Z</time>
        <extensions><gpxtpx:TrackPointExtension><gpxtpx:hr>134</gpxtpx:hr></gpxtpx:TrackPointExtension></extensions>
      </trkpt>
      <trkpt lat="46.465919" lon="6.272051">
        <ele>865.0</ele>
        <time>2026-09-06T09:46:45.080Z</time>
        <extensions><gpxtpx:TrackPointExtension><gpxtpx:hr>135</gpxtpx:hr></gpxtpx:TrackPointExtension></extensions>
      </trkpt>
      <trkpt lat="46.466344" lon="6.272510">
        <ele>869.5</ele>
        <time>2026-09-06T09:46:56.607Z</time>
        <extensions><gpxtpx:TrackPointExtension><gpxtpx:hr>134</gpxtpx:hr></gpxtpx:TrackPointExtension></extensions>
      </trkpt>
      <trkpt lat="46.466774" lon="6.272961">
        <ele>873.3</ele>
        <time>2026-09-06T09:47:08.173Z</time>
        <extensions><gpxtpx:TrackPointExtension><gpxtpx:hr>134</gpxtpx:hr></gpxtpx:TrackPointExtension></extensions>
      </trkpt>
      <trkpt lat="46.467208" lon="6.273407">
        <ele>876.4</ele>
        <time>2026-09-06T09:47:19.774Z</time>
        <extensions><gpxtpx:TrackPointExtension><gpxtpx:hr>133</gpxtpx:hr></gpxtpx:TrackPointExtension></extensions>
      </trkpt>
      <trkpt lat="46.467646" lon="6.273845">
        <ele>881.1</ele>
        <time>2026-09-06T09:47:31.408Z</time>
        <extensions><gpxtpx:TrackPointExtension><gpxtpx:hr>133</gpxtpx:hr></gpxtpx:TrackPointExtension></extensions>
      </trkpt>
      <trkpt lat="46.468087" lon="6.274276">
        <ele>884.8</ele>
        <time>2026-09-06T09:47:43.073Z</time>
        <extensions><gpxtpx:TrackPointExtension><gpxtpx:hr>136</gpxtpx:hr></gpxtpx:TrackPointExtension></extensions>
      </trkpt>
      <trkpt lat="46.468532" lon="6.274701">
        <ele>889.0</ele>
        <time>2026-09-06T09:47:54.764Z</time>
        <extensions><gpxtpx:TrackPointExtension><gpxtpx:hr>136</gpxtpx:hr></gpxtpx:TrackPointExtension></extensions>
      </trkpt>
      <trkpt lat="46.468979" lon="6.275119">
        <ele>891.8</ele>
        <time>2026-09-06T09:48:06.478Z</time>
        <extensions><gpxtpx:TrackPointExtension><gpxtpx:hr>134</gpxtpx:hr></gpxtpx:TrackPointExtension></extensions>
      </trkpt>
      <trkpt lat="46.469429" lon="6.275531">
        <ele>896.6</ele>
        <time>2026-09-06T09:48:18.214Z</time>
        <extensions><gpxtpx:TrackPointExtension><gpxtpx:hr>134</gpxtpx:hr></gpxtpx:TrackPointExtension></extensions>
      </trkpt>
      <trkpt lat="46.469882" lon="6.275935">
        <ele>899.3</ele>
        <time>2026-09-06T09:48:29.966Z</time>
        <extensions><gpxtpx:TrackPointExtension><gpxtpx:hr>134</gpxtpx:hr></gpxtpx:TrackPointExtension></extensions>
      </trkpt>
      <trkpt lat="46.470337" lon="6.276334">
        <ele>903.0</ele>
        <time>2026-09-06T09:48:41.732Z</time>
        <extensions><gpxtpx:TrackPointExtension><gpxtpx:hr>135</gpxtpx:hr></gpxtpx:TrackPointExtension></extensions>
      </trkpt>
      <trkpt lat="46.470794" lon="6.276725">
        <ele>908.0</ele>
        <time>2026-09-06T09:48:53.509Z</time>
        <extensions><gpxtpx:TrackPointExtension><gpxtpx:hr>134</gpxtpx:hr></gpxtpx:TrackPointExtension></extensions>
      </trkpt>
      <trkpt lat="46.471253" lon="6.277111">
        <ele>911.2</ele>
        <time>2026-09-06T09:49:05.293Z</time>
        <extensions><gpxtpx:TrackPointExtension><gpxtpx:hr>136</gpxtpx:hr></gpxtpx:TrackPointExtension></extensions>
      </trkpt>
      <trkpt lat="46.471714" lon="6.277489">
        <ele>916.0</ele>
        <time>2026-09-06T09:49:17.080Z</time>
        <extensions><gpxtpx:TrackPointExtension><gpxtpx:hr>135</gpxtpx:hr></gpxtpx:TrackPointExtension></extensions>
      </trkpt>
      <trkpt lat="46.472175" lon="6.277862">
        <ele>918.2</ele>
        <time>2026-09-06T09:49:28.868Z</time>
        <extensions><gpxtpx:TrackPointExtension><gpxtpx:hr>137</gpxtpx:hr></gpxtpx:TrackPointExtension></extensions>
      </trkpt>
      <trkpt lat="46.472638" lon="6.278228">
        <ele>922.0</ele>
        <time>2026-09-06T09:49:40.652Z</time>
        <extensions><gpxtpx:TrackPointExtension><gpxtpx:hr>138</gpxtpx:hr></gpxtpx:TrackPointExtension></extensions>
      </trkpt>
      <trkpt lat="46.473101" lon="6.278588">
        <ele>926.6</ele>
        <time>2026-09-06T09:49:52.430Z</time>
        <extensions><gpxtpx:TrackPointExtension><gpxtpx:hr>136</gpxtpx:hr></gpxtpx:TrackPointExtension></extensions>
      </trkpt>
      <trkpt lat="46.473565" lon="6.278942">
        <ele>931.7</ele>
        <time>2026-09-06T09:50:04.197Z</time>
        <extensions><gpxtpx:TrackPointExtension><gpxtpx:hr>136</gpxtpx:hr></gpxtpx:TrackPointExtension></extensions>
      </trkpt>
      <trkpt lat="46.474029" lon="6.279291">
        <ele>934.0</ele>
        <time>2026-09-06T09:50:15.950Z</time>
        <extensions><gpxtpx:TrackPointExtension><gpxtpx:hr>137</gpxtpx:hr></gpxtpx:TrackPointExtension></extensions>
      </trkpt>
      <trkpt lat="46.474494" lon="6.279633">
        <ele>938.3</ele>
        <time>2026-09-06T09:50:27.687Z</time>
        <extensions><gpxtpx:TrackPointExtension><gpxtpx:hr>135</gpxtpx:hr></gpxtpx:TrackPointExtension></extensions>
      </trkpt>
      <trkpt lat="46.474958" lon="6.279970">
        <ele>942.3</ele>
        <time>2026-09-06T09:50:39.402Z</time>
        <extensions><gpxtpx:TrackPointExtension><gpxtpx:hr>138</gpxtpx:hr></gpxtpx:TrackPointExtension></extensions>
      </trkpt>
      <trkpt lat="46.475421" lon="6.280301">
        <ele>947.4</ele>
        <time>2026-09-06T09:50:51.093Z</time>
        <extensions><gpxtpx:TrackPointExtension><gpxtpx:hr>137</gpxtpx:hr></gpxtpx:TrackPointExtension></extensions>
      </trkpt>
      <trkpt lat="46.475884" lon="6.280626">
        <ele>950.3</ele>
        <time>2026-09-06T09:51:02.757Z</time>
        <extensions><gpxtpx:TrackPointExtension><gpxtpx:hr>136</gpxtpx:hr></gpxtpx:TrackPointExtension></extensions>
      </trkpt>
      <trkpt lat="46.476347" lon="6.280946">
        <ele>953.8</ele>
        <time>2026-09-06T09:51:14.389Z</time>
        <extensions><gpxtpx:TrackPointExtension><gpxtpx:hr>137</gpxtpx:hr></gpxtpx:TrackPointExtension></extensions>
      </trkpt>
      <trkpt lat="46.476808" lon="6.281261">
        <ele>958.6</ele>
        <time>2026-09-06T09:51:25.987Z</time>
        <extensions><gpxtpx:TrackPointExtension><gpxtpx:hr>136</gpxtpx:hr></gpxtpx:TrackPointExtension></extensions>
      </trkpt>
      <trkpt lat="46.477268" lon="6.281571">
        <ele>962.7</ele>
        <time>2026-09-06T09:51:37.547Z</time>
        <extensions><gpxtpx:TrackPointExtension><gpxtpx:hr>137</gpxtpx:hr></gpxtpx:TrackPointExtension></extensions>
      </trkpt>
      <trkpt lat="46.477726" lon="6.281876">
        <ele>966.5</ele>
        <time>2026-09-06T09:51:49.066Z</time>
        <extensions><gpxtpx:TrackPointExtension><gpxtpx:hr>137</gpxtpx:hr></gpxtpx:TrackPointExtension></extensions>
      </trkpt>
      <trkpt lat="46.478183" lon="6.282176">
        <ele>970.7</ele>
        <time>2026-09-06T09:52:00.540Z</time>
        <extensions><gpxtpx:TrackPointExtension><gpxtpx:hr>140</gpxtpx:hr></gpxtpx:TrackPointExtension></extensions>
      </trkpt>
      <trkpt lat="46.478638" lon="6.282471">
        <ele>973.6</ele>
        <time>2026-09-06T09:52:11.967Z</time>
        <extensions><gpxtpx:TrackPointExtension><gpxtpx:hr>137</gpxtpx:hr></gpxtpx:TrackPointExtension></extensions>
      </trkpt>
      <trkpt lat="46.479091" lon="6.282762">
        <ele>977.4</ele>
        <time>2026-09-06T09:52:23.343Z</time>
        <extensions><gpxtpx:TrackPointExtension><gpxtpx:hr>137</gpxtpx:hr></gpxtpx:TrackPointExtension></extensions>
      </trkpt>
      <trkpt lat="46.479541" lon="6.283049">
        <ele>980.9</ele>
        <time>2026-09-06T09:52:34.665Z</time>
        <extensions><gpxtpx:TrackPointExtension><gpxtpx:hr>138</gpxtpx:hr></gpxtpx:TrackPointExtension></extensions>
      </trkpt>
      <trkpt lat="46.479989" lon="6.283331">
        <ele>986.5</ele>
        <time>2026-09-06T09:52:45.930Z</time>
        <extensions><gpxtpx:TrackPointExtension><gpxtpx:hr>137</gpxtpx:hr></gpxtpx:TrackPointExtension></extensions>
      </trkpt>
      <trkpt lat="46.480435" lon="6.283609">
        <ele>989.6</ele>
        <time>2026-09-06T09:52:57.135Z</time>
        <extensions><gpxtpx:TrackPointExtension><gpxtpx:hr>138</gpxtpx:hr></gpxtpx:TrackPointExtension></extensions>
      </trkpt>
      <trkpt lat="46.480878" lon="6.283884">
        <ele>993.0</ele>
        <time>2026-09-06T09:53:08.278Z</time>
        <extensions><gpxtpx:TrackPointExtension><gpxtpx:hr>138</gpxtpx:hr></gpxtpx:TrackPointExtension></extensions>
      </trkpt>
      <trkpt lat="46.481317" lon="6.284154">
        <ele>998.3</ele>
        <time>2026-09-06T09:53:19.355Z</time>
        <extensions><gpxtpx:TrackPointExtension><gpxtpx:hr>138</gpxtpx:hr></gpxtpx:TrackPointExtension></extensions>
      </trkpt>
      <trkpt lat="46.481754" lon="6.284422">
        <ele>1000.6</ele>
        <time>2026-09-06T09:53:30.364Z</time>
        <extensions><gpxtpx:TrackPointExtension><gpxtpx:hr>137</gpxtpx:hr></gpxtpx:TrackPointExtension></extensions>
      </trkpt>
      <trkpt lat="46.482188" lon="6.284685">
        <ele>1005.8</ele>
        <time>2026-09-06T09:53:41.302Z</time>
        <extensions><gpxtpx:TrackPointExtension><gpxtpx:hr>138</gpxtpx:hr></gpxtpx:TrackPointExtension></extensions>
      </trkpt>
      <trkpt lat="46.482618" lon="6.284946">
        <ele>1009.7</ele>
        <time>2026-09-06T09:53:52.168Z</time>
        <extensions><gpxtpx:TrackPointExtension><gpxtpx:hr>137</gpxtpx:hr></gpxtpx:TrackPointExtension></extensions>
      </trkpt>
      <trkpt lat="46.483044" lon="6.285203">
        <ele>1013.6</ele>
        <time>2026-09-06T09:54:02.958Z</time>
        <extensions><gpxtpx:TrackPointExtension><gpxtpx:hr>138</gpxtpx:hr></gpxtpx:TrackPointExtension></extensions>
      </trkpt>
      <trkpt lat="46.483467" lon="6.285458">
        <ele>1017.0</ele>
        <time>2026-09-06T09:54:13.671Z</time>
        <extensions><gpxtpx:TrackPointExtension><gpxtpx:hr>138</gpxtpx:hr></gpxtpx:TrackPointExtension></extensions>
      </trkpt>
      <trkpt lat="46.483886" lon="6.285710">
        <ele>1019.5</ele>
        <time>2026-09-06T09:54:24.303Z</time>
        <extensions><gpxtpx:TrackPointExtension><gpxtpx:hr>138</gpxtpx:hr></gpxtpx:TrackPointExtension></extensions>
      </trkpt>
      <trkpt lat="46.484301" lon="6.285959">
        <ele>1023.6</ele>
        <time>2026-09-06T09:54:34.854Z</time>
        <extensions><gpxtpx:TrackPointExtension><gpxtpx:hr>138</gpxtpx:hr></gpxtpx:TrackPointExtension></extensions>
      </trkpt>
      <trkpt lat="46.484712" lon="6.286206">
        <ele>1028.7</ele>
        <time>2026-09-06T09:54:45.322Z</time>
        <extensions><gpxtpx:TrackPointExtension><gpxtpx:hr>138</gpxtpx:hr></gpxtpx:TrackPointExtension></extensions>
      </trkpt>
      <trkpt lat="46.485119" lon="6.286450">
        <ele>1032.2</ele>
        <time>2026-09-06T09:54:55.704Z</time>
        <extensions><gpxtpx:TrackPointExtension><gpxtpx:hr>139</gpxtpx:hr></gpxtpx:TrackPointExtension></extensions>
      </trkpt>
      <trkpt lat="46.485522" lon="6.286693">
        <ele>1034.9</ele>
        <time>2026-09-06T09:55:05.999Z</time>
        <extensions><gpxtpx:TrackPointExtension><gpxtpx:hr>140</gpxtpx:hr></gpxtpx:TrackPointExtension></extensions>
      </trkpt>
      <trkpt lat="46.485920" lon="6.286934">
        <ele>1039.6</ele>
        <time>2026-09-06T09:55:16.206Z</time>
        <extensions><gpxtpx:TrackPointExtension><gpxtpx:hr>140</gpxtpx:hr></gpxtpx:TrackPointExtension></extensions>
      </trkpt>
      <trkpt lat="46.486314" lon="6.287173">
        <ele>1043.0</ele>
        <time>2026-09-06T09:55:26.324Z</time>
        <extensions><gpxtpx:TrackPointExtension><gpxtpx:hr>140</gpxtpx:hr></gpxtpx:TrackPointExtension></extensions>
      </trkpt>
      <trkpt lat="46.486703" lon="6.287410">
        <ele>1046.2</ele>
        <time>2026-09-06T09:55:36.351Z</time>
        <extensions><gpxtpx:TrackPointExtension><gpxtpx:hr>141</gpxtpx:hr></gpxtpx:TrackPointExtension></extensions>
      </trkpt>
      <trkpt lat="46.487088" lon="6.287646">
        <ele>1050.7</ele>
        <time>2026-09-06T09:55:46.286Z</time>
        <extensions><gpxtpx:TrackPointExtension><gpxtpx:hr>139</gpxtpx:hr></gpxtpx:TrackPointExtension></extensions>
      </trkpt>
      <trkpt lat="46.487468" lon="6.287881">
        <ele>1053.0</ele>
        <time>2026-09-06T09:55:56.128Z</time>
        <extensions><gpxtpx:TrackPointExtension><gpxtpx:hr>143</gpxtpx:hr></gpxtpx:TrackPointExtension></extensions>
      </trkpt>
      <trkpt lat="46.487844" lon="6.288115">
        <ele>1057.7</ele>
        <time>2026-09-06T09:56:05.878Z</time>
        <extensions><gpxtpx:TrackPointExtension><gpxtpx:hr>142</gpxtpx:hr></gpxtpx:TrackPointExtension></extensions>
      </trkpt>
      <trkpt lat="46.488214" lon="6.288348">
        <ele>1060.4</ele>
        <time>2026-09-06T09:56:15.533Z</time>
        <extensions><gpxtpx:TrackPointExtension><gpxtpx:hr>141</gpxtpx:hr></gpxtpx:TrackPointExtension></extensions>
      </trkpt>
      <trkpt lat="46.488580" lon="6.288580">
        <ele>1064.4</ele>
        <time>2026-09-06T09:56:25.095Z</time>
        <extensions><gpxtpx:TrackPointExtension><gpxtpx:hr>142</gpxtpx:hr></gpxtpx:TrackPointExtension></extensions>
      </trkpt>
      <trkpt lat="46.488941" lon="6.288812">
        <ele>1067.1</ele>
        <time>2026-09-06T09:56:34.562Z</time>
        <extensions><gpxtpx:TrackPointExtension><gpxtpx:hr>141</gpxtpx:hr></gpxtpx:TrackPointExtension></extensions>
      </trkpt>
      <trkpt lat="46.489297" lon="6.289043">
        <ele>1071.8</ele>
        <time>2026-09-06T09:56:43.935Z</time>
        <extensions><gpxtpx:TrackPointExtension><gpxtpx:hr>142</gpxtpx:hr></gpxtpx:TrackPointExtension></extensions>
      </trkpt>
      <trkpt lat="46.489648" lon="6.289274">
        <ele>1075.6</ele>
        <time>2026-09-06T09:56:53.214Z</time>
        <extensions><gpxtpx:TrackPointExtension><gpxtpx:hr>142</gpxtpx:hr></gpxtpx:TrackPointExtension></extensions>
      </trkpt>
      <trkpt lat="46.489994" lon="6.289505">
        <ele>1078.4</ele>
        <time>2026-09-06T09:57:02.399Z</time>
        <extensions><gpxtpx:TrackPointExtension><gpxtpx:hr>140</gpxtpx:hr></gpxtpx:TrackPointExtension></extensions>
      </trkpt>
      <trkpt lat="46.490335" lon="6.289736">
        <ele>1082.2</ele>
        <time>2026-09-06T09:57:11.490Z</time>
        <extensions><gpxtpx:TrackPointExtension><gpxtpx:hr>143</gpxtpx:hr></gpxtpx:TrackPointExtension></extensions>
      </trkpt>
      <trkpt lat="46.490671" lon="6.289967">
        <ele>1085.5</ele>
        <time>2026-09-06T09:57:20.489Z</time>
        <extensions><gpxtpx:TrackPointExtension><gpxtpx:hr>141</gpxtpx:hr></gpxtpx:TrackPointExtension></extensions>
      </trkpt>
      <trkpt lat="46.491002" lon="6.290198">
        <ele>1088.3</ele>
        <time>2026-09-06T09:57:29.396Z</time>
        <extensions><gpxtpx:TrackPointExtension><gpxtpx:hr>141</gpxtpx:hr></gpxtpx:TrackPointExtension></extensions>
      </trkpt>
      <trkpt lat="46.491329" lon="6.290429">
        <ele>1091.5</ele>
        <time>2026-09-06T09:57:38.212Z</time>
        <extensions><gpxtpx:TrackPointExtension><gpxtpx:hr>140</gpxtpx:hr></gpxtpx:TrackPointExtension></extensions>
      </trkpt>
      <trkpt lat="46.491650" lon="6.290662">
        <ele>1094.6</ele>
        <time>2026-09-06T09:57:46.938Z</time>
        <extensions><gpxtpx:TrackPointExtension><gpxtpx:hr>142</gpxtpx:hr></gpxtpx:TrackPointExtension></extensions>
      </trkpt>
      <trkpt lat="46.491966" lon="6.290894">
        <ele>1098.3</ele>
        <time>2026-09-06T09:57:55.576Z</time>
        <extensions><gpxtpx:TrackPointExtension><gpxtpx:hr>142</gpxtpx:hr></gpxtpx:TrackPointExtension></extensions>
      </trkpt>
      <trkpt lat="46.492277" lon="6.291128">
        <ele>1101.8</ele>
        <time>2026-09-06T09:58:04.126Z</time>
        <extensions><gpxtpx:TrackPointExtension><gpxtpx:hr>143</gpxtpx:hr></gpxtpx:TrackPointExtension></extensions>
      </trkpt>
      <trkpt lat="46.492584" lon="6.291362">
        <ele>1105.3</ele>
        <time>2026-09-06T09:58:12.592Z</time>
        <extensions><gpxtpx:TrackPointExtension><gpxtpx:hr>141</gpxtpx:hr></gpxtpx:TrackPointExtension></extensions>
      </trkpt>
      <trkpt lat="46.492885" lon="6.291597">
        <ele>1108.3</ele>
        <time>2026-09-06T09:58:20.973Z</time>
        <extensions><gpxtpx:TrackPointExtension><gpxtpx:hr>143</gpxtpx:hr></gpxtpx:TrackPointExtension></extensions>
      </trkpt>
      <trkpt lat="46.493182" lon="6.291834">
        <ele>1110.1</ele>
        <time>2026-09-06T09:58:29.273Z</time>
        <extensions><gpxtpx:TrackPointExtension><gpxtpx:hr>143</gpxtpx:hr></gpxtpx:TrackPointExtension></extensions>
      </trkpt>
      <trkpt lat="46.493474" lon="6.292071">
        <ele>1113.4</ele>
        <time>2026-09-06T09:58:37.492Z</time>
        <extensions><gpxtpx:TrackPointExtension><gpxtpx:hr>143</gpxtpx:hr></gpxtpx:TrackPointExtension></extensions>
      </trkpt>
      <trkpt lat="46.493761" lon="6.292310">
        <ele>1116.6</ele>
        <time>2026-09-06T09:58:45.635Z</time>
        <extensions><gpxtpx:TrackPointExtension><gpxtpx:hr>143</gpxtpx:hr></gpxtpx:TrackPointExtension></extensions>
      </trkpt>
      <trkpt lat="46.494044" lon="6.292550">
        <ele>1119.1</ele>
        <time>2026-09-06T09:58:53.701Z</time>
        <extensions><gpxtpx:TrackPointExtension><gpxtpx:hr>144</gpxtpx:hr></gpxtpx:TrackPointExtension></extensions>
      </trkpt>
      <trkpt lat="46.494322" lon="6.292792">
        <ele>1123.7</ele>
        <time>2026-09-06T09:59:01.695Z</time>
        <extensions><gpxtpx:TrackPointExtension><gpxtpx:hr>144</gpxtpx:hr></gpxtpx:TrackPointExtension></extensions>
      </trkpt>
      <trkpt lat="46.494595" lon="6.293035">
        <ele>1126.7</ele>
        <time>2026-09-06T09:59:09.619Z</time>
        <extensions><gpxtpx:TrackPointExtension><gpxtpx:hr>146</gpxtpx:hr></gpxtpx:TrackPointExtension></extensions>
      </trkpt>
      <trkpt lat="46.494864" lon="6.293279">
        <ele>1128.1</ele>
        <time>2026-09-06T09:59:17.474Z</time>
        <extensions><gpxtpx:TrackPointExtension><gpxtpx:hr>145</gpxtpx:hr></gpxtpx:TrackPointExtension></extensions>
      </trkpt>
      <trkpt lat="46.495128" lon="6.293525">
        <ele>1131.4</ele>
        <time>2026-09-06T09:59:25.264Z</time>
        <extensions><gpxtpx:TrackPointExtension><gpxtpx:hr>145</gpxtpx:hr></gpxtpx:TrackPointExtension></extensions>
      </trkpt>
      <trkpt lat="46.495388" lon="6.293773">
        <ele>1134.6</ele>
        <time>2026-09-06T09:59:32.992Z</time>
        <extensions><gpxtpx:TrackPointExtension><gpxtpx:hr>142</gpxtpx:hr></gpxtpx:TrackPointExtension></extensions>
      </trkpt>
      <trkpt lat="46.495644" lon="6.294022">
        <ele>1137.2</ele>
        <time>2026-09-06T09:59:40.659Z</time>
        <extensions><gpxtpx:TrackPointExtension><gpxtpx:hr>143</gpxtpx:hr></gpxtpx:TrackPointExtension></extensions>
      </trkpt>
      <trkpt lat="46.495896" lon="6.294273">
        <ele>1140.0</ele>
        <time>2026-09-06T09:59:48.270Z</time>
        <extensions><gpxtpx:TrackPointExtension><gpxtpx:hr>144</gpxtpx:hr></gpxtpx:TrackPointExtension></extensions>
      </trkpt>
      <trkpt lat="46.496144" lon="6.294526">
        <ele>1142.3</ele>
        <time>2026-09-06T09:59:55.827Z</time>
        <extensions><gpxtpx:TrackPointExtension><gpxtpx:hr>142</gpxtpx:hr></gpxtpx:TrackPointExtension></extensions>
      </trkpt>
      <trkpt lat="46.496388" lon="6.294780">
        <ele>1144.5</ele>
        <time>2026-09-06T10:00:03.333Z</time>
        <extensions><gpxtpx:TrackPointExtension><gpxtpx:hr>143</gpxtpx:hr></gpxtpx:TrackPointExtension></extensions>
      </trkpt>
      <trkpt lat="46.496627" lon="6.295037">
        <ele>1148.2</ele>
        <time>2026-09-06T10:00:10.790Z</time>
        <extensions><gpxtpx:TrackPointExtension><gpxtpx:hr>144</gpxtpx:hr></gpxtpx:TrackPointExtension></extensions>
      </trkpt>
      <trkpt lat="46.496864" lon="6.295295">
        <ele>1150.0</ele>
        <time>2026-09-06T10:00:18.203Z</time>
        <extensions><gpxtpx:TrackPointExtension><gpxtpx:hr>143</gpxtpx:hr></gpxtpx:TrackPointExtension></extensions>
      </trkpt>
      <trkpt lat="46.497096" lon="6.295555">
        <ele>1154.1</ele>
        <time>2026-09-06T10:00:25.572Z</time>
        <extensions><gpxtpx:TrackPointExtension><gpxtpx:hr>145</gpxtpx:hr></gpxtpx:TrackPointExtension></extensions>
      </trkpt>
      <trkpt lat="46.497325" lon="6.295817">
        <ele>1155.1</ele>
        <time>2026-09-06T10:00:32.902Z</time>
        <extensions><gpxtpx:TrackPointExtension><gpxtpx:hr>146</gpxtpx:hr></gpxtpx:TrackPointExtension></extensions>
      </trkpt>
      <trkpt lat="46.497551" lon="6.296080">
        <ele>1158.7</ele>
        <time>2026-09-06T10:00:40.196Z</time>
        <extensions><gpxtpx:TrackPointExtension><gpxtpx:hr>143</gpxtpx:hr></gpxtpx:TrackPointExtension></extensions>
      </trkpt>
      <trkpt lat="46.497773" lon="6.296346">
        <ele>1160.6</ele>
        <time>2026-09-06T10:00:47.455Z</time>
        <extensions><gpxtpx:TrackPointExtension><gpxtpx:hr>145</gpxtpx:hr></gpxtpx:TrackPointExtension></extensions>
      </trkpt>
      <trkpt lat="46.497992" lon="6.296613">
        <ele>1163.9</ele>
        <time>2026-09-06T10:00:54.684Z</time>
        <extensions><gpxtpx:TrackPointExtension><gpxtpx:hr>143</gpxtpx:hr></gpxtpx:TrackPointExtension></extensions>
      </trkpt>
      <trkpt lat="46.498208" lon="6.296882">
        <ele>1165.5</ele>
        <time>2026-09-06T10:01:01.884Z</time>
        <extensions><gpxtpx:TrackPointExtension><gpxtpx:hr>145</gpxtpx:hr></gpxtpx:TrackPointExtension></extensions>
      </trkpt>
      <trkpt lat="46.498422" lon="6.297152">
        <ele>1168.4</ele>
        <time>2026-09-06T10:01:09.057Z</time>
        <extensions><gpxtpx:TrackPointExtension><gpxtpx:hr>147</gpxtpx:hr></gpxtpx:TrackPointExtension></extensions>
      </trkpt>
      <trkpt lat="46.498632" lon="6.297424">
        <ele>1170.3</ele>
        <time>2026-09-06T10:01:16.208Z</time>
        <extensions><gpxtpx:TrackPointExtension><gpxtpx:hr>148</gpxtpx:hr></gpxtpx:TrackPointExtension></extensions>
      </trkpt>
      <trkpt lat="46.498840" lon="6.297698">
        <ele>1171.7</ele>
        <time>2026-09-06T10:01:23.337Z</time>
        <extensions><gpxtpx:TrackPointExtension><gpxtpx:hr>145</gpxtpx:hr></gpxtpx:TrackPointExtension></extensions>
      </trkpt>
      <trkpt lat="46.499045" lon="6.297973">
        <ele>1174.8</ele>
        <time>2026-09-06T10:01:30.447Z</time>
        <extensions><gpxtpx:TrackPointExtension><gpxtpx:hr>148</gpxtpx:hr></gpxtpx:TrackPointExtension></extensions>
      </trkpt>
      <trkpt lat="46.499248" lon="6.298250">
        <ele>1176.7</ele>
        <time>2026-09-06T10:01:37.541Z</time>
        <extensions><gpxtpx:TrackPointExtension><gpxtpx:hr>147</gpxtpx:hr></gpxtpx:TrackPointExtension></extensions>
      </trkpt>
      <trkpt lat="46.499448" lon="6.298528">
        <ele>1178.2</ele>
        <time>2026-09-06T10:01:44.620Z</time>
        <extensions><gpxtpx:TrackPointExtension><gpxtpx:hr>145</gpxtpx:hr></gpxtpx:TrackPointExtension></extensions>
      </trkpt>
      <trkpt lat="46.499647" lon="6.298808">
        <ele>1181.6</ele>
        <time>2026-09-06T10:01:51.686Z</time>
        <extensions><gpxtpx:TrackPointExtension><gpxtpx:hr>145</gpxtpx:hr></gpxtpx:TrackPointExtension></extensions>
      </trkpt>
      <trkpt lat="46.499843" lon="6.299089">
        <ele>1183.2</ele>
        <time>2026-09-06T10:01:58.742Z</time>
        <extensions><gpxtpx:TrackPointExtension><gpxtpx:hr>147</gpxtpx:hr></gpxtpx:TrackPointExtension></extensions>
      </trkpt>
      <trkpt lat="46.500038" lon="6.299371">
        <ele>1184.5</ele>
        <time>2026-09-06T10:02:05.789Z</time>
        <extensions><gpxtpx:TrackPointExtension><gpxtpx:hr>148</gpxtpx:hr></gpxtpx:TrackPointExtension></extensions>
      </trkpt>
      <trkpt lat="46.500230" lon="6.299654">
        <ele>1186.0</ele>
        <time>2026-09-06T10:02:12.828Z</time>
        <extensions><gpxtpx:TrackPointExtension><gpxtpx:hr>148</gpxtpx:hr></gpxtpx:TrackPointExtension></extensions>
      </trkpt>
      <trkpt lat="46.500422" lon="6.299938">
        <ele>1189.0</ele>
        <time>2026-09-06T10:02:19.861Z</time>
        <extensions><gpxtpx:TrackPointExtension><gpxtpx:hr>148</gpxtpx:hr></gpxtpx:TrackPointExtension></extensions>
      </trkpt>
      <trkpt lat="46.500611" lon="6.300223">
        <ele>1189.4</ele>
        <time>2026-09-06T10:02:26.889Z</time>
        <extensions><gpxtpx:TrackPointExtension><gpxtpx:hr>147</gpxtpx:hr></gpxtpx:TrackPointExtension></extensions>
      </trkpt>
      <trkpt lat="46.500800" lon="6.300509">
        <ele>1191.3</ele>
        <time>2026-09-06T10:02:33.913Z</time>
        <extensions><gpxtpx:TrackPointExtension><gpxtpx:hr>145</gpxtpx:hr></gpxtpx:TrackPointExtension></extensions>
      </trkpt>
      <trkpt lat="46.500987" lon="6.300795">
        <ele>1193.0</ele>
        <time>2026-09-06T10:02:40.935Z</time>
        <extensions><gpxtpx:TrackPointExtension><gpxtpx:hr>145</gpxtpx:hr></gpxtpx:TrackPointExtension></extensions>
      </trkpt>
      <trkpt lat="46.501174" lon="6.301082">
        <ele>1195.0</ele>
        <time>2026-09-06T10:02:47.956Z</time>
        <extensions><gpxtpx:TrackPointExtension><gpxtpx:hr>147</gpxtpx:hr></gpxtpx:TrackPointExtension></extensions>
      </trkpt>
      <trkpt lat="46.501359" lon="6.301369">
        <ele>1196.6</ele>
        <time>2026-09-06T10:02:54.975Z</time>
        <extensions><gpxtpx:TrackPointExtension><gpxtpx:hr>146</gpxtpx:hr></gpxtpx:TrackPointExtension></extensions>
      </trkpt>
      <trkpt lat="46.501544" lon="6.301657">
        <ele>1199.7</ele>
        <time>2026-09-06T10:03:01.995Z</time>
        <extensions><gpxtpx:TrackPointExtension><gpxtpx:hr>147</gpxtpx:hr></gpxtpx:TrackPointExtension></extensions>
      </trkpt>
      <trkpt lat="46.501728" lon="6.301945">
        <ele>1200.5</ele>
        <time>2026-09-06T10:03:09.015Z</time>
        <extensions><gpxtpx:TrackPointExtension><gpxtpx:hr>148</gpxtpx:hr></gpxtpx:TrackPointExtension></extensions>
      </trkpt>
      <trkpt lat="46.501911" lon="6.302233">
        <ele>1201.1</ele>
        <time>2026-09-06T10:03:16.037Z</time>
        <extensions><gpxtpx:TrackPointExtension><gpxtpx:hr>148</gpxtpx:hr></gpxtpx:TrackPointExtension></extensions>
      </trkpt>
      <trkpt lat="46.502095" lon="6.302521">
        <ele>1203.1</ele>
        <time>2026-09-06T10:03:23.060Z</time>
        <extensions><gpxtpx:TrackPointExtension><gpxtpx:hr>146</gpxtpx:hr></gpxtpx:TrackPointExtension></extensions>
      </trkpt>
      <trkpt lat="46.502278" lon="6.302808">
        <ele>1204.2</ele>
        <time>2026-09-06T10:03:30.085Z</time>
        <extensions><gpxtpx:TrackPointExtension><gpxtpx:hr>149</gpxtpx:hr></gpxtpx:TrackPointExtension></extensions>
      </trkpt>
      <trkpt lat="46.502460" lon="6.303095">
        <ele>1207.0</ele>
        <time>2026-09-06T10:03:37.112Z</time>
        <extensions><gpxtpx:TrackPointExtension><gpxtpx:hr>148</gpxtpx:hr></gpxtpx:TrackPointExtension></extensions>
      </trkpt>
      <trkpt lat="46.502643" lon="6.303382">
        <ele>1208.3</ele>
        <time>2026-09-06T10:03:44.141Z</time>
        <extensions><gpxtpx:TrackPointExtension><gpxtpx:hr>147</gpxtpx:hr></gpxtpx:TrackPointExtension></extensions>
      </trkpt>
      <trkpt lat="46.502826" lon="6.303668">
        <ele>1209.6</ele>
        <time>2026-09-06T10:03:51.173Z</time>
        <extensions><gpxtpx:TrackPointExtension><gpxtpx:hr>147</gpxtpx:hr></gpxtpx:TrackPointExtension></extensions>
      </trkpt>
      <trkpt lat="46.503010" lon="6.303953">
        <ele>1209.9</ele>
        <time>2026-09-06T10:03:58.207Z</time>
        <extensions><gpxtpx:TrackPointExtension><gpxtpx:hr>146</gpxtpx:hr></gpxtpx:TrackPointExtension></extensions>
      </trkpt>
      <trkpt lat="46.503193" lon="6.304237">
        <ele>1211.1</ele>
        <time>2026-09-06T10:04:05.244Z</time>
        <extensions><gpxtpx:TrackPointExtension><gpxtpx:hr>149</gpxtpx:hr></gpxtpx:TrackPointExtension></extensions>
      </trkpt>
      <trkpt lat="46.503378" lon="6.304520">
        <ele>1211.9</ele>
        <time>2026-09-06T10:04:12.283Z</time>
        <extensions><gpxtpx:TrackPointExtension><gpxtpx:hr>148</gpxtpx:hr></gpxtpx:TrackPointExtension></extensions>
      </trkpt>
      <trkpt lat="46.503562" lon="6.304801">
        <ele>1212.7</ele>
        <time>2026-09-06T10:04:19.325Z</time>
        <extensions><gpxtpx:TrackPointExtension><gpxtpx:hr>149</gpxtpx:hr></gpxtpx:TrackPointExtension></extensions>
      </trkpt>
      <trkpt lat="46.503748" lon="6.305081">
        <ele>1214.9</ele>
        <time>2026-09-06T10:04:26.369Z</time>
        <extensions><gpxtpx:TrackPointExtension><gpxtpx:hr>150</gpxtpx:hr></gpxtpx:TrackPointExtension></extensions>
      </trkpt>
      <trkpt lat="46.503934" lon="6.305359">
        <ele>1216.5</ele>
        <time>2026-09-06T10:04:33.416Z</time>
        <extensions><gpxtpx:TrackPointExtension><gpxtpx:hr>149</gpxtpx:hr></gpxtpx:TrackPointExtension></extensions>
      </trkpt>
      <trkpt lat="46.504122" lon="6.305636">
        <ele>1217.0</ele>
        <time>2026-09-06T10:04:40.465Z</time>
        <extensions><gpxtpx:TrackPointExtension><gpxtpx:hr>147</gpxtpx:hr></gpxtpx:TrackPointExtension></extensions>
      </trkpt>
      <trkpt lat="46.504310" lon="6.305910">
        <ele>1217.8</ele>
        <time>2026-09-06T10:04:47.515Z</time>
        <extensions><gpxtpx:TrackPointExtension><gpxtpx:hr>149</gpxtpx:hr></gpxtpx:TrackPointExtension></extensions>
      </trkpt>
      <trkpt lat="46.504500" lon="6.306182">
        <ele>1218.5</ele>
        <time>2026-09-06T10:04:54.568Z</time>
        <extensions><gpxtpx:TrackPointExtension><gpxtpx:hr>148</gpxtpx:hr></gpxtpx:TrackPointExtension></extensions>
      </trkpt>
      <trkpt lat="46.504690" lon="6.306452">
        <ele>1219.5</ele>
        <time>2026-09-06T10:05:01.623Z</time>
        <extensions><gpxtpx:TrackPointExtension><gpxtpx:hr>148</gpxtpx:hr></gpxtpx:TrackPointExtension></extensions>
      </trkpt>
      <trkpt lat="46.504883" lon="6.306719">
        <ele>1220.6</ele>
        <time>2026-09-06T10:05:08.679Z</time>
        <extensions><gpxtpx:TrackPointExtension><gpxtpx:hr>150</gpxtpx:hr></gpxtpx:TrackPointExtension></extensions>
      </trkpt>
      <trkpt lat="46.505076" lon="6.306984">
        <ele>1222.0</ele>
        <time>2026-09-06T10:05:15.737Z</time>
        <extensions><gpxtpx:TrackPointExtension><gpxtpx:hr>149</gpxtpx:hr></gpxtpx:TrackPointExtension></extensions>
      </trkpt>
      <trkpt lat="46.505271" lon="6.307246">
        <ele>1222.5</ele>
        <time>2026-09-06T10:05:22.797Z</time>
        <extensions><gpxtpx:TrackPointExtension><gpxtpx:hr>151</gpxtpx:hr></gpxtpx:TrackPointExtension></extensions>
      </trkpt>
      <trkpt lat="46.505468" lon="6.307504">
        <ele>1223.2</ele>
        <time>2026-09-06T10:05:29.859Z</time>
        <extensions><gpxtpx:TrackPointExtension><gpxtpx:hr>151</gpxtpx:hr></gpxtpx:TrackPointExtension></extensions>
      </trkpt>
      <trkpt lat="46.505666" lon="6.307760">
        <ele>1223.2</ele>
        <time>2026-09-06T10:05:36.923Z</time>
        <extensions><gpxtpx:TrackPointExtension><gpxtpx:hr>149</gpxtpx:hr></gpxtpx:TrackPointExtension></extensions>
      </trkpt>
      <trkpt lat="46.505866" lon="6.308012">
        <ele>1223.5</ele>
        <time>2026-09-06T10:05:43.989Z</time>
        <extensions><gpxtpx:TrackPointExtension><gpxtpx:hr>150</gpxtpx:hr></gpxtpx:TrackPointExtension></extensions>
      </trkpt>
      <trkpt lat="46.506068" lon="6.308260">
        <ele>1224.7</ele>
        <time>2026-09-06T10:05:51.056Z</time>
        <extensions><gpxtpx:TrackPointExtension><gpxtpx:hr>150</gpxtpx:hr></gpxtpx:TrackPointExtension></extensions>
      </trkpt>
      <trkpt lat="46.506272" lon="6.308505">
        <ele>1225.6</ele>
        <time>2026-09-06T10:05:58.127Z</time>
        <extensions><gpxtpx:TrackPointExtension><gpxtpx:hr>149</gpxtpx:hr></gpxtpx:TrackPointExtension></extensions>
      </trkpt>
      <trkpt lat="46.506477" lon="6.308746">
        <ele>1226.6</ele>
        <time>2026-09-06T10:06:05.199Z</time>
        <extensions><gpxtpx:TrackPointExtension><gpxtpx:hr>150</gpxtpx:hr></gpxtpx:TrackPointExtension></extensions>
      </trkpt>
      <trkpt lat="46.506685" lon="6.308983">
        <ele>1225.3</ele>
        <time>2026-09-06T10:06:12.275Z</time>
        <extensions><gpxtpx:TrackPointExtension><gpxtpx:hr>148</gpxtpx:hr></gpxtpx:TrackPointExtension></extensions>
      </trkpt>
      <trkpt lat="46.506895" lon="6.309216">
        <ele>1227.1</ele>
        <time>2026-09-06T10:06:19.355Z</time>
        <extensions><gpxtpx:TrackPointExtension><gpxtpx:hr>151</gpxtpx:hr></gpxtpx:TrackPointExtension></extensions>
      </trkpt>
      <trkpt lat="46.507106" lon="6.309444">
        <ele>1227.4</ele>
        <time>2026-09-06T10:06:26.438Z</time>
        <extensions><gpxtpx:TrackPointExtension><gpxtpx:hr>150</gpxtpx:hr></gpxtpx:TrackPointExtension></extensions>
      </trkpt>
      <trkpt lat="46.507320" lon="6.309668">
        <ele>1227.0</ele>
        <time>2026-09-06T10:06:33.526Z</time>
        <extensions><gpxtpx:TrackPointExtension><gpxtpx:hr>151</gpxtpx:hr></gpxtpx:TrackPointExtension></extensions>
      </trkpt>
      <trkpt lat="46.507536" lon="6.309887">
        <ele>1228.7</ele>
        <time>2026-09-06T10:06:40.619Z</time>
        <extensions><gpxtpx:TrackPointExtension><gpxtpx:hr>150</gpxtpx:hr></gpxtpx:TrackPointExtension></extensions>
      </trkpt>
      <trkpt lat="46.507754" lon="6.310102">
        <ele>1227.4</ele>
        <time>2026-09-06T10:06:47.718Z</time>
        <extensions><gpxtpx:TrackPointExtension><gpxtpx:hr>150</gpxtpx:hr></gpxtpx:TrackPointExtension></extensions>
      </trkpt>
      <trkpt lat="46.507974" lon="6.310311">
        <ele>1228.4</ele>
        <time>2026-09-06T10:06:54.823Z</time>
        <extensions><gpxtpx:TrackPointExtension><gpxtpx:hr>149</gpxtpx:hr></gpxtpx:TrackPointExtension></extensions>
      </trkpt>
      <trkpt lat="46.508197" lon="6.310516">
        <ele>1228.6</ele>
        <time>2026-09-06T10:07:01.936Z</time>
        <extensions><gpxtpx:TrackPointExtension><gpxtpx:hr>149</gpxtpx:hr></gpxtpx:TrackPointExtension></extensions>
      </trkpt>
      <trkpt lat="46.508422" lon="6.310715">
        <ele>1228.8</ele>
        <time>2026-09-06T10:07:09.057Z</time>
        <extensions><gpxtpx:TrackPointExtension><gpxtpx:hr>153</gpxtpx:hr></gpxtpx:TrackPointExtension></extensions>
      </trkpt>
      <trkpt lat="46.508649" lon="6.310909">
        <ele>1228.9</ele>
        <time>2026-09-06T10:07:16.187Z</time>
        <extensions><gpxtpx:TrackPointExtension><gpxtpx:hr>151</gpxtpx:hr></gpxtpx:TrackPointExtension></extensions>
      </trkpt>
      <trkpt lat="46.508878" lon="6.311098">
        <ele>1229.8</ele>
        <time>2026-09-06T10:07:23.327Z</time>
        <extensions><gpxtpx:TrackPointExtension><gpxtpx:hr>149</gpxtpx:hr></gpxtpx:TrackPointExtension></extensions>
      </trkpt>
      <trkpt lat="46.509110" lon="6.311281">
        <ele>1229.0</ele>
        <time>2026-09-06T10:07:30.478Z</time>
        <extensions><gpxtpx:TrackPointExtension><gpxtpx:hr>150</gpxtpx:hr></gpxtpx:TrackPointExtension></extensions>
      </trkpt>
      <trkpt lat="46.509344" lon="6.311458">
        <ele>1229.5</ele>
        <time>2026-09-06T10:07:37.641Z</time>
        <extensions><gpxtpx:TrackPointExtension><gpxtpx:hr>150</gpxtpx:hr></gpxtpx:TrackPointExtension></extensions>
      </trkpt>
      <trkpt lat="46.509580" lon="6.311630">
        <ele>1229.3</ele>
        <time>2026-09-06T10:07:44.818Z</time>
        <extensions><gpxtpx:TrackPointExtension><gpxtpx:hr>152</gpxtpx:hr></gpxtpx:TrackPointExtension></extensions>
      </trkpt>
      <trkpt lat="46.509819" lon="6.311795">
        <ele>1230.0</ele>
        <time>2026-09-06T10:07:52.008Z</time>
        <extensions><gpxtpx:TrackPointExtension><gpxtpx:hr>151</gpxtpx:hr></gpxtpx:TrackPointExtension></extensions>
      </trkpt>
      <trkpt lat="46.510059" lon="6.311955">
        <ele>1229.8</ele>
        <time>2026-09-06T10:07:59.215Z</time>
        <extensions><gpxtpx:TrackPointExtension><gpxtpx:hr>150</gpxtpx:hr></gpxtpx:TrackPointExtension></extensions>
      </trkpt>
      <trkpt lat="46.510302" lon="6.312109">
        <ele>1229.1</ele>
        <time>2026-09-06T10:08:06.438Z</time>
        <extensions><gpxtpx:TrackPointExtension><gpxtpx:hr>153</gpxtpx:hr></gpxtpx:TrackPointExtension></extensions>
      </trkpt>
      <trkpt lat="46.510547" lon="6.312256">
        <ele>1230.9</ele>
        <time>2026-09-06T10:08:13.678Z</time>
        <extensions><gpxtpx:TrackPointExtension><gpxtpx:hr>151</gpxtpx:hr></gpxtpx:TrackPointExtension></extensions>
      </trkpt>
      <trkpt lat="46.510795" lon="6.312398">
        <ele>1230.4</ele>
        <time>2026-09-06T10:08:20.937Z</time>
        <extensions><gpxtpx:TrackPointExtension><gpxtpx:hr>153</gpxtpx:hr></gpxtpx:TrackPointExtension></extensions>
      </trkpt>
      <trkpt lat="46.511044" lon="6.312533">
        <ele>1229.1</ele>
        <time>2026-09-06T10:08:28.217Z</time>
        <extensions><gpxtpx:TrackPointExtension><gpxtpx:hr>151</gpxtpx:hr></gpxtpx:TrackPointExtension></extensions>
      </trkpt>
      <trkpt lat="46.511296" lon="6.312661">
        <ele>1230.1</ele>
        <time>2026-09-06T10:08:35.517Z</time>
        <extensions><gpxtpx:TrackPointExtension><gpxtpx:hr>150</gpxtpx:hr></gpxtpx:TrackPointExtension></extensions>
      </trkpt>
      <trkpt lat="46.511550" lon="6.312784">
        <ele>1229.7</ele>
        <time>2026-09-06T10:08:42.839Z</time>
        <extensions><gpxtpx:TrackPointExtension><gpxtpx:hr>152</gpxtpx:hr></gpxtpx:TrackPointExtension></extensions>
      </trkpt>
      <trkpt lat="46.511805" lon="6.312900">
        <ele>1229.1</ele>
        <time>2026-09-06T10:08:50.185Z</time>
        <extensions><gpxtpx:TrackPointExtension><gpxtpx:hr>151</gpxtpx:hr></gpxtpx:TrackPointExtension></extensions>
      </trkpt>
      <trkpt lat="46.512063" lon="6.313010">
        <ele>1230.2</ele>
        <time>2026-09-06T10:08:57.554Z</time>
        <extensions><gpxtpx:TrackPointExtension><gpxtpx:hr>153</gpxtpx:hr></gpxtpx:TrackPointExtension></extensions>
      </trkpt>
      <trkpt lat="46.512323" lon="6.313113">
        <ele>1229.2</ele>
        <time>2026-09-06T10:09:04.949Z</time>
        <extensions><gpxtpx:TrackPointExtension><gpxtpx:hr>153</gpxtpx:hr></gpxtpx:TrackPointExtension></extensions>
      </trkpt>
      <trkpt lat="46.512584" lon="6.313209">
        <ele>1228.3</ele>
        <time>2026-09-06T10:09:12.369Z</time>
        <extensions><gpxtpx:TrackPointExtension><gpxtpx:hr>152</gpxtpx:hr></gpxtpx:TrackPointExtension></extensions>
      </trkpt>
      <trkpt lat="46.512848" lon="6.313300">
        <ele>1228.8</ele>
        <time>2026-09-06T10:09:19.815Z</time>
        <extensions><gpxtpx:TrackPointExtension><gpxtpx:hr>153</gpxtpx:hr></gpxtpx:TrackPointExtension></extensions>
      </trkpt>
      <trkpt lat="46.513113" lon="6.313383">
        <ele>1228.9</ele>
        <time>2026-09-06T10:09:27.289Z</time>
        <extensions><gpxtpx:TrackPointExtension><gpxtpx:hr>151</gpxtpx:hr></gpxtpx:TrackPointExtension></extensions>
      </trkpt>
      <trkpt lat="46.513380" lon="6.313460">
        <ele>1228.9</ele>
        <time>2026-09-06T10:09:34.791Z</time>
        <extensions><gpxtpx:TrackPointExtension><gpxtpx:hr>151</gpxtpx:hr></gpxtpx:TrackPointExtension></extensions>
      </trkpt>
      <trkpt lat="46.513649" lon="6.313531">
        <ele>1227.3</ele>
        <time>2026-09-06T10:09:42.320Z</time>
        <extensions><gpxtpx:TrackPointExtension><gpxtpx:hr>154</gpxtpx:hr></gpxtpx:TrackPointExtension></extensions>
      </trkpt>
      <trkpt lat="46.513919" lon="6.313595">
        <ele>1228.1</ele>
        <time>2026-09-06T10:09:49.879Z</time>
        <extensions><gpxtpx:TrackPointExtension><gpxtpx:hr>153</gpxtpx:hr></gpxtpx:TrackPointExtension></extensions>
      </trkpt>
      <trkpt lat="46.514190" lon="6.313653">
        <ele>1227.1</ele>
        <time>2026-09-06T10:09:57.466Z</time>
        <extensions><gpxtpx:TrackPointExtension><gpxtpx:hr>155</gpxtpx:hr></gpxtpx:TrackPointExtension></extensions>
      </trkpt>
      <trkpt lat="46.514463" lon="6.313705">
        <ele>1227.9</ele>
        <time>2026-09-06T10:10:05.081Z</time>
        <extensions><gpxtpx:TrackPointExtension><gpxtpx:hr>154</gpxtpx:hr></gpxtpx:TrackPointExtension></extensions>
      </trkpt>
      <trkpt lat="46.514738" lon="6.313750">
        <ele>1227.0</ele>
        <time>2026-09-06T10:10:12.726Z</time>
        <extensions><gpxtpx:TrackPointExtension><gpxtpx:hr>153</gpxtpx:hr></gpxtpx:TrackPointExtension></extensions>
      </trkpt>
      <trkpt lat="46.515014" lon="6.313789">
        <ele>1226.2</ele>
        <time>2026-09-06T10:10:20.400Z</time>
        <extensions><gpxtpx:TrackPointExtension><gpxtpx:hr>155</gpxtpx:hr></gpxtpx:TrackPointExtension></extensions>
      </trkpt>
      <trkpt lat="46.515290" lon="6.313822">
        <ele>1225.9</ele>
        <time>2026-09-06T10:10:28.102Z</time>
        <extensions><gpxtpx:TrackPointExtension><gpxtpx:hr>154</gpxtpx:hr></gpxtpx:TrackPointExtension></extensions>
      </trkpt>
      <trkpt lat="46.515568" lon="6.313848">
        <ele>1225.2</ele>
        <time>2026-09-06T10:10:35.832Z</time>
        <extensions><gpxtpx:TrackPointExtension><gpxtpx:hr>154</gpxtpx:hr></gpxtpx:TrackPointExtension></extensions>
      </trkpt>
      <trkpt lat="46.515847" lon="6.313869">
        <ele>1225.7</ele>
        <time>2026-09-06T10:10:43.590Z</time>
        <extensions><gpxtpx:TrackPointExtension><gpxtpx:hr>152</gpxtpx:hr></gpxtpx:TrackPointExtension></extensions>
      </trkpt>
      <trkpt lat="46.516127" lon="6.313883">
        <ele>1224.1</ele>
        <time>2026-09-06T10:10:51.374Z</time>
        <extensions><gpxtpx:TrackPointExtension><gpxtpx:hr>155</gpxtpx:hr></gpxtpx:TrackPointExtension></extensions>
      </trkpt>
      <trkpt lat="46.516408" lon="6.313892">
        <ele>1224.1</ele>
        <time>2026-09-06T10:10:59.185Z</time>
        <extensions><gpxtpx:TrackPointExtension><gpxtpx:hr>152</gpxtpx:hr></gpxtpx:TrackPointExtension></extensions>
      </trkpt>
      <trkpt lat="46.516690" lon="6.313895">
        <ele>1224.8</ele>
        <time>2026-09-06T10:11:07.020Z</time>
        <extensions><gpxtpx:TrackPointExtension><gpxtpx:hr>152</gpxtpx:hr></gpxtpx:TrackPointExtension></extensions>
      </trkpt>
      <trkpt lat="46.516972" lon="6.313893">
        <ele>1223.6</ele>
        <time>2026-09-06T10:11:14.880Z</time>
        <extensions><gpxtpx:TrackPointExtension><gpxtpx:hr>154</gpxtpx:hr></gpxtpx:TrackPointExtension></extensions>
      </trkpt>
      <trkpt lat="46.517255" lon="6.313885">
        <ele>1223.1</ele>
        <time>2026-09-06T10:11:22.762Z</time>
        <extensions><gpxtpx:TrackPointExtension><gpxtpx:hr>155</gpxtpx:hr></gpxtpx:TrackPointExtension></extensions>
      </trkpt>
      <trkpt lat="46.517538" lon="6.313872">
        <ele>1221.9</ele>
        <time>2026-09-06T10:11:30.665Z</time>
        <extensions><gpxtpx:TrackPointExtension><gpxtpx:hr>155</gpxtpx:hr></gpxtpx:TrackPointExtension></extensions>
      </trkpt>
      <trkpt lat="46.517821" lon="6.313853">
        <ele>1222.1</ele>
        <time>2026-09-06T10:11:38.588Z</time>
        <extensions><gpxtpx:TrackPointExtension><gpxtpx:hr>152</gpxtpx:hr></gpxtpx:TrackPointExtension></extensions>
      </trkpt>
      <trkpt lat="46.518105" lon="6.313830">
        <ele>1222.0</ele>
        <time>2026-09-06T10:11:46.528Z</time>
        <extensions><gpxtpx:TrackPointExtension><gpxtpx:hr>152</gpxtpx:hr></gpxtpx:TrackPointExtension></extensions>
      </trkpt>
      <trkpt lat="46.518389" lon="6.313801">
        <ele>1221.8</ele>
        <time>2026-09-06T10:11:54.485Z</time>
        <extensions><gpxtpx:TrackPointExtension><gpxtpx:hr>152</gpxtpx:hr></gpxtpx:TrackPointExtension></extensions>
      </trkpt>
      <trkpt lat="46.518673" lon="6.313768">
        <ele>1221.0</ele>
        <time>2026-09-06T10:12:02.455Z</time>
        <extensions><gpxtpx:TrackPointExtension><gpxtpx:hr>152</gpxtpx:hr></gpxtpx:TrackPointExtension></extensions>
      </trkpt>
      <trkpt lat="46.518957" lon="6.313730">
        <ele>1221.2</ele>
        <time>2026-09-06T10:12:10.437Z</time>
        <extensions><gpxtpx:TrackPointExtension><gpxtpx:hr>155</gpxtpx:hr></gpxtpx:TrackPointExtension></extensions>
      </trkpt>
      <trkpt lat="46.519241" lon="6.313689">
        <ele>1219.6</ele>
        <time>2026-09-06T10:12:18.429Z</time>
        <extensions><gpxtpx:TrackPointExtension><gpxtpx:hr>152</gpxtpx:hr></gpxtpx:TrackPointExtension></extensions>
      </trkpt>
      <trkpt lat="46.519524" lon="6.313643">
        <ele>1219.1</ele>
        <time>2026-09-06T10:12:26.428Z</time>
        <extensions><gpxtpx:TrackPointExtension><gpxtpx:hr>152</gpxtpx:hr></gpxtpx:TrackPointExtension></extensions>
      </trkpt>
      <trkpt lat="46.519808" lon="6.313593">
        <ele>1219.9</ele>
        <time>2026-09-06T10:12:34.432Z</time>
        <extensions><gpxtpx:TrackPointExtension><gpxtpx:hr>154</gpxtpx:hr></gpxtpx:TrackPointExtension></extensions>
      </trkpt>
      <trkpt lat="46.520091" lon="6.313539">
        <ele>1218.6</ele>
        <time>2026-09-06T10:12:42.437Z</time>
        <extensions><gpxtpx:TrackPointExtension><gpxtpx:hr>155</gpxtpx:hr></gpxtpx:TrackPointExtension></extensions>
      </trkpt>
      <trkpt lat="46.520373" lon="6.313482">
        <ele>1218.8</ele>
        <time>2026-09-06T10:12:50.442Z</time>
        <extensions><gpxtpx:TrackPointExtension><gpxtpx:hr>155</gpxtpx:hr></gpxtpx:TrackPointExtension></extensions>
      </trkpt>
      <trkpt lat="46.520654" lon="6.313421">
        <ele>1216.9</ele>
        <time>2026-09-06T10:12:58.443Z</time>
        <extensions><gpxtpx:TrackPointExtension><gpxtpx:hr>153</gpxtpx:hr></gpxtpx:TrackPointExtension></extensions>
      </trkpt>
      <trkpt lat="46.520935" lon="6.313358">
        <ele>1217.2</ele>
        <time>2026-09-06T10:13:06.438Z</time>
        <extensions><gpxtpx:TrackPointExtension><gpxtpx:hr>153</gpxtpx:hr></gpxtpx:TrackPointExtension></extensions>
      </trkpt>
      <trkpt lat="46.521216" lon="6.313292">
        <ele>1217.8</ele>
        <time>2026-09-06T10:13:14.423Z</time>
        <extensions><gpxtpx:TrackPointExtension><gpxtpx:hr>153</gpxtpx:hr></gpxtpx:TrackPointExtension></extensions>
      </trkpt>
      <trkpt lat="46.521495" lon="6.313223">
        <ele>1217.4</ele>
        <time>2026-09-06T10:13:22.395Z</time>
        <extensions><gpxtpx:TrackPointExtension><gpxtpx:hr>153</gpxtpx:hr></gpxtpx:TrackPointExtension></extensions>
      </trkpt>
      <trkpt lat="46.521773" lon="6.313152">
        <ele>1215.7</ele>
        <time>2026-09-06T10:13:30.351Z</time>
        <extensions><gpxtpx:TrackPointExtension><gpxtpx:hr>156</gpxtpx:hr></gpxtpx:TrackPointExtension></extensions>
      </trkpt>
      <trkpt lat="46.522050" lon="6.313079">
        <ele>1215.3</ele>
        <time>2026-09-06T10:13:38.287Z</time>
        <extensions><gpxtpx:TrackPointExtension><gpxtpx:hr>156</gpxtpx:hr></gpxtpx:TrackPointExtension></extensions>
      </trkpt>
      <trkpt lat="46.522326" lon="6.313004">
        <ele>1215.1</ele>
        <time>2026-09-06T10:13:46.201Z</time>
        <extensions><gpxtpx:TrackPointExtension><gpxtpx:hr>156</gpxtpx:hr></gpxtpx:TrackPointExtension></extensions>
      </trkpt>
      <trkpt lat="46.522600" lon="6.312928">
        <ele>1215.7</ele>
        <time>2026-09-06T10:13:54.090Z</time>
        <extensions><gpxtpx:TrackPointExtension><gpxtpx:hr>153</gpxtpx:hr></gpxtpx:TrackPointExtension></extensions>
      </trkpt>
      <trkpt lat="46.522873" lon="6.312850">
        <ele>1213.8</ele>
        <time>2026-09-06T10:14:01.949Z</time>
        <extensions><gpxtpx:TrackPointExtension><gpxtpx:hr>156</gpxtpx:hr></gpxtpx:TrackPointExtension></extensions>
      </trkpt>
      <trkpt lat="46.523145" lon="6.312772">
        <ele>1213.5</ele>
        <time>2026-09-06T10:14:09.775Z</time>
        <extensions><gpxtpx:TrackPointExtension><gpxtpx:hr>156</gpxtpx:hr></gpxtpx:TrackPointExtension></extensions>
      </trkpt>
      <trkpt lat="46.523415" lon="6.312693">
        <ele>1213.2</ele>
        <time>2026-09-06T10:14:17.565Z</time>
        <extensions><gpxtpx:TrackPointExtension><gpxtpx:hr>153</gpxtpx:hr></gpxtpx:TrackPointExtension></extensions>
      </trkpt>
      <trkpt lat="46.523684" lon="6.312613">
        <ele>1212.8</ele>
        <time>2026-09-06T10:14:25.315Z</time>
        <extensions><gpxtpx:TrackPointExtension><gpxtpx:hr>153</gpxtpx:hr></gpxtpx:TrackPointExtension></extensions>
      </trkpt>
      <trkpt lat="46.523951" lon="6.312534">
        <ele>1213.0</ele>
        <time>2026-09-06T10:14:33.022Z</time>
        <extensions><gpxtpx:TrackPointExtension><gpxtpx:hr>155</gpxtpx:hr></gpxtpx:TrackPointExtension></extensions>
      </trkpt>
      <trkpt lat="46.524216" lon="6.312455">
        <ele>1211.9</ele>
        <time>2026-09-06T10:14:40.683Z</time>
        <extensions><gpxtpx:TrackPointExtension><gpxtpx:hr>154</gpxtpx:hr></gpxtpx:TrackPointExtension></extensions>
      </trkpt>
      <trkpt lat="46.524479" lon="6.312376">
        <ele>1211.9</ele>
        <time>2026-09-06T10:14:48.294Z</time>
        <extensions><gpxtpx:TrackPointExtension><gpxtpx:hr>154</gpxtpx:hr></gpxtpx:TrackPointExtension></extensions>
      </trkpt>
      <trkpt lat="46.524740" lon="6.312298">
        <ele>1211.6</ele>
        <time>2026-09-06T10:14:55.852Z</time>
        <extensions><gpxtpx:TrackPointExtension><gpxtpx:hr>155</gpxtpx:hr></gpxtpx:TrackPointExtension></extensions>
      </trkpt>
      <trkpt lat="46.524999" lon="6.312221">
        <ele>1210.4</ele>
        <time>2026-09-06T10:15:03.354Z</time>
        <extensions><gpxtpx:TrackPointExtension><gpxtpx:hr>157</gpxtpx:hr></gpxtpx:TrackPointExtension></extensions>
      </trkpt>
      <trkpt lat="46.525257" lon="6.312146">
        <ele>1211.7</ele>
        <time>2026-09-06T10:15:10.796Z</time>
        <extensions><gpxtpx:TrackPointExtension><gpxtpx:hr>155</gpxtpx:hr></gpxtpx:TrackPointExtension></extensions>
      </trkpt>
      <trkpt lat="46.525512" lon="6.312073">
        <ele>1210.8</ele>
        <time>2026-09-06T10:15:18.177Z</time>
        <extensions><gpxtpx:TrackPointExtension><gpxtpx:hr>154</gpxtpx:hr></gpxtpx:TrackPointExtension></extensions>
      </trkpt>
      <trkpt lat="46.525765" lon="6.312002">
        <ele>1210.3</ele>
        <time>2026-09-06T10:15:25.492Z</time>
        <extensions><gpxtpx:TrackPointExtension><gpxtpx:hr>154</gpxtpx:hr></gpxtpx:TrackPointExtension></extensions>
      </trkpt>
      <trkpt lat="46.526015" lon="6.311933">
        <ele>1210.8</ele>
        <time>2026-09-06T10:15:32.740Z</time>
        <extensions><gpxtpx:TrackPointExtension><gpxtpx:hr>156</gpxtpx:hr></gpxtpx:TrackPointExtension></extensions>
      </trkpt>
      <trkpt lat="46.526264" lon="6.311867">
        <ele>1209.4</ele>
        <time>2026-09-06T10:15:39.917Z</time>
        <extensions><gpxtpx:TrackPointExtension><gpxtpx:hr>154</gpxtpx:hr></gpxtpx:TrackPointExtension></extensions>
      </trkpt>
      <trkpt lat="46.526510" lon="6.311804">
        <ele>1210.0</ele>
        <time>2026-09-06T10:15:47.021Z</time>
        <extensions><gpxtpx:TrackPointExtension><gpxtpx:hr>154</gpxtpx:hr></gpxtpx:TrackPointExtension></extensions>
      </trkpt>
      <trkpt lat="46.526754" lon="6.311744">
        <ele>1208.7</ele>
        <time>2026-09-06T10:15:54.051Z</time>
        <extensions><gpxtpx:TrackPointExtension><gpxtpx:hr>156</gpxtpx:hr></gpxtpx:TrackPointExtension></extensions>
      </trkpt>
      <trkpt lat="46.526995" lon="6.311688">
        <ele>1209.2</ele>
        <time>2026-09-06T10:16:01.005Z</time>
        <extensions><gpxtpx:TrackPointExtension><gpxtpx:hr>154</gpxtpx:hr></gpxtpx:TrackPointExtension></extensions>
      </trkpt>
      <trkpt lat="46.527234" lon="6.311636">
        <ele>1207.8</ele>
        <time>2026-09-06T10:16:07.881Z</time>
        <extensions><gpxtpx:TrackPointExtension><gpxtpx:hr>155</gpxtpx:hr></gpxtpx:TrackPointExtension></extensions>
      </trkpt>
      <trkpt lat="46.527471" lon="6.311589">
        <ele>1208.9</ele>
        <time>2026-09-06T10:16:14.677Z</time>
        <extensions><gpxtpx:TrackPointExtension><gpxtpx:hr>155</gpxtpx:hr></gpxtpx:TrackPointExtension></extensions>
      </trkpt>
      <trkpt lat="46.527704" lon="6.311546">
        <ele>1208.1</ele>
        <time>2026-09-06T10:16:21.393Z</time>
        <extensions><gpxtpx:TrackPointExtension><gpxtpx:hr>157</gpxtpx:hr></gpxtpx:TrackPointExtension></extensions>
      </trkpt>
      <trkpt lat="46.527936" lon="6.311508">
        <ele>1207.7</ele>
        <time>2026-09-06T10:16:28.029Z</time>
        <extensions><gpxtpx:TrackPointExtension><gpxtpx:hr>156</gpxtpx:hr></gpxtpx:TrackPointExtension></extensions>
      </trkpt>
      <trkpt lat="46.528165" lon="6.311476">
        <ele>1208.4</ele>
        <time>2026-09-06T10:16:34.584Z</time>
        <extensions><gpxtpx:TrackPointExtension><gpxtpx:hr>156</gpxtpx:hr></gpxtpx:TrackPointExtension></extensions>
      </trkpt>
      <trkpt lat="46.528391" lon="6.311449">
        <ele>1206.9</ele>
        <time>2026-09-06T10:16:41.059Z</time>
        <extensions><gpxtpx:TrackPointExtension><gpxtpx:hr>156</gpxtpx:hr></gpxtpx:TrackPointExtension></extensions>
      </trkpt>
      <trkpt lat="46.528615" lon="6.311428">
        <ele>1207.6</ele>
        <time>2026-09-06T10:16:47.454Z</time>
        <extensions><gpxtpx:TrackPointExtension><gpxtpx:hr>154</gpxtpx:hr></gpxtpx:TrackPointExtension></extensions>
      </trkpt>
      <trkpt lat="46.528836" lon="6.311413">
        <ele>1208.0</ele>
        <time>2026-09-06T10:16:53.772Z</time>
        <extensions><gpxtpx:TrackPointExtension><gpxtpx:hr>155</gpxtpx:hr></gpxtpx:TrackPointExtension></extensions>
      </trkpt>
      <trkpt lat="46.529055" lon="6.311405">
        <ele>1206.8</ele>
        <time>2026-09-06T10:17:00.013Z</time>
        <extensions><gpxtpx:TrackPointExtension><gpxtpx:hr>156</gpxtpx:hr></gpxtpx:TrackPointExtension></extensions>
      </trkpt>
      <trkpt lat="46.529271" lon="6.311404">
        <ele>1208.0</ele>
        <time>2026-09-06T10:17:06.180Z</time>
        <extensions><gpxtpx:TrackPointExtension><gpxtpx:hr>156</gpxtpx:hr></gpxtpx:TrackPointExtension></extensions>
      </trkpt>
      <trkpt lat="46.529484" lon="6.311409">
        <ele>1206.1</ele>
        <time>2026-09-06T10:17:12.277Z</time>
        <extensions><gpxtpx:TrackPointExtension><gpxtpx:hr>155</gpxtpx:hr></gpxtpx:TrackPointExtension></extensions>
      </trkpt>
      <trkpt lat="46.529695" lon="6.311423">
        <ele>1206.4</ele>
        <time>2026-09-06T10:17:18.306Z</time>
        <extensions><gpxtpx:TrackPointExtension><gpxtpx:hr>155</gpxtpx:hr></gpxtpx:TrackPointExtension></extensions>
      </trkpt>
      <trkpt lat="46.529903" lon="6.311444">
        <ele>1206.0</ele>
        <time>2026-09-06T10:17:24.274Z</time>
        <extensions><gpxtpx:TrackPointExtension><gpxtpx:hr>156</gpxtpx:hr></gpxtpx:TrackPointExtension></extensions>
      </trkpt>
      <trkpt lat="46.530109" lon="6.311473">
        <ele>1206.5</ele>
        <time>2026-09-06T10:17:30.183Z</time>
        <extensions><gpxtpx:TrackPointExtension><gpxtpx:hr>155</gpxtpx:hr></gpxtpx:TrackPointExtension></extensions>
      </trkpt>
      <trkpt lat="46.530312" lon="6.311510">
        <ele>1207.6</ele>
        <time>2026-09-06T10:17:36.042Z</time>
        <extensions><gpxtpx:TrackPointExtension><gpxtpx:hr>157</gpxtpx:hr></gpxtpx:TrackPointExtension></extensions>
      </trkpt>
      <trkpt lat="46.530513" lon="6.311556">
        <ele>1206.4</ele>
        <time>2026-09-06T10:17:41.855Z</time>
        <extensions><gpxtpx:TrackPointExtension><gpxtpx:hr>156</gpxtpx:hr></gpxtpx:TrackPointExtension></extensions>
      </trkpt>
      <trkpt lat="46.530711" lon="6.311611">
        <ele>1207.2</ele>
        <time>2026-09-06T10:17:47.630Z</time>
        <extensions><gpxtpx:TrackPointExtension><gpxtpx:hr>154</gpxtpx:hr></gpxtpx:TrackPointExtension></extensions>
      </trkpt>
      <trkpt lat="46.530907" lon="6.311675">
        <ele>1207.1</ele>
        <time>2026-09-06T10:17:53.375Z</time>
        <extensions><gpxtpx:TrackPointExtension><gpxtpx:hr>155</gpxtpx:hr></gpxtpx:TrackPointExtension></extensions>
      </trkpt>
      <trkpt lat="46.531101" lon="6.311749">
        <ele>1207.8</ele>
        <time>2026-09-06T10:17:59.099Z</time>
        <extensions><gpxtpx:TrackPointExtension><gpxtpx:hr>155</gpxtpx:hr></gpxtpx:TrackPointExtension></extensions>
      </trkpt>
      <trkpt lat="46.531292" lon="6.311832">
        <ele>1207.9</ele>
        <time>2026-09-06T10:18:04.811Z</time>
        <extensions><gpxtpx:TrackPointExtension><gpxtpx:hr>157</gpxtpx:hr></gpxtpx:TrackPointExtension></extensions>
      </trkpt>
      <trkpt lat="46.531481" lon="6.311925">
        <ele>1207.8</ele>
        <time>2026-09-06T10:18:10.521Z</time>
        <extensions><gpxtpx:TrackPointExtension><gpxtpx:hr>157</gpxtpx:hr></gpxtpx:TrackPointExtension></extensions>
      </trkpt>
      <trkpt lat="46.531668" lon="6.312028">
        <ele>1207.3</ele>
        <time>2026-09-06T10:18:16.239Z</time>
        <extensions><gpxtpx:TrackPointExtension><gpxtpx:hr>154</gpxtpx:hr></gpxtpx:TrackPointExtension></extensions>
      </trkpt>
      <trkpt lat="46.531852" lon="6.312141">
        <ele>1208.0</ele>
        <time>2026-09-06T10:18:21.975Z</time>
        <extensions><gpxtpx:TrackPointExtension><gpxtpx:hr>154</gpxtpx:hr></gpxtpx:TrackPointExtension></extensions>
      </trkpt>
      <trkpt lat="46.532034" lon="6.312265">
        <ele>1207.0</ele>
        <time>2026-09-06T10:18:27.742Z</time>
        <extensions><gpxtpx:TrackPointExtension><gpxtpx:hr>158</gpxtpx:hr></gpxtpx:TrackPointExtension></extensions>
      </trkpt>
      <trkpt lat="46.532215" lon="6.312400">
        <ele>1207.7</ele>
        <time>2026-09-06T10:18:33.549Z</time>
        <extensions><gpxtpx:TrackPointExtension><gpxtpx:hr>156</gpxtpx:hr></gpxtpx:TrackPointExtension></extensions>
      </trkpt>
      <trkpt lat="46.532393" lon="6.312545">
        <ele>1208.1</ele>
        <time>2026-09-06T10:18:39.410Z</time>
        <extensions><gpxtpx:TrackPointExtension><gpxtpx:hr>154</gpxtpx:hr></gpxtpx:TrackPointExtension></extensions>
      </trkpt>
      <trkpt lat="46.532569" lon="6.312702">
        <ele>1208.9</ele>
        <time>2026-09-06T10:18:45.336Z</time>
        <extensions><gpxtpx:TrackPointExtension><gpxtpx:hr>154</gpxtpx:hr></gpxtpx:TrackPointExtension></extensions>
      </trkpt>
      <trkpt lat="46.532744" lon="6.312870">
        <ele>1208.1</ele>
        <time>2026-09-06T10:18:51.337Z</time>
        <extensions><gpxtpx:TrackPointExtension><gpxtpx:hr>157</gpxtpx:hr></gpxtpx:TrackPointExtension></extensions>
      </trkpt>
      <trkpt lat="46.532917" lon="6.313050">
        <ele>1208.8</ele>
        <time>2026-09-06T10:18:57.426Z</time>
        <extensions><gpxtpx:TrackPointExtension><gpxtpx:hr>155</gpxtpx:hr></gpxtpx:TrackPointExtension></extensions>
      </trkpt>
      <trkpt lat="46.533088" lon="6.313241">
        <ele>1208.5</ele>
        <time>2026-09-06T10:19:03.615Z</time>
        <extensions><gpxtpx:TrackPointExtension><gpxtpx:hr>155</gpxtpx:hr></gpxtpx:TrackPointExtension></extensions>
      </trkpt>
      <trkpt lat="46.533257" lon="6.313444">
        <ele>1209.6</ele>
        <time>2026-09-06T10:19:09.913Z</time>
        <extensions><gpxtpx:TrackPointExtension><gpxtpx:hr>155</gpxtpx:hr></gpxtpx:TrackPointExtension></extensions>
      </trkpt>
      <trkpt lat="46.533425" lon="6.313659">
        <ele>1210.2</ele>
        <time>2026-09-06T10:19:16.332Z</time>
        <extensions><gpxtpx:TrackPointExtension><gpxtpx:hr>157</gpxtpx:hr></gpxtpx:TrackPointExtension></extensions>
      </trkpt>
      <trkpt lat="46.533592" lon="6.313887">
        <ele>1210.4</ele>
        <time>2026-09-06T10:19:22.883Z</time>
        <extensions><gpxtpx:TrackPointExtension><gpxtpx:hr>156</gpxtpx:hr></gpxtpx:TrackPointExtension></extensions>
      </trkpt>
      <trkpt lat="46.533757" lon="6.314126">
        <ele>1211.6</ele>
        <time>2026-09-06T10:19:29.574Z</time>
        <extensions><gpxtpx:TrackPointExtension><gpxtpx:hr>156</gpxtpx:hr></gpxtpx:TrackPointExtension></extensions>
      </trkpt>
      <trkpt lat="46.533921" lon="6.314378">
        <ele>1211.9</ele>
        <time>2026-09-06T10:19:36.415Z</time>
        <extensions><gpxtpx:TrackPointExtension><gpxtpx:hr>155</gpxtpx:hr></gpxtpx:TrackPointExtension></extensions>
      </trkpt>
      <trkpt lat="46.534084" lon="6.314642">
        <ele>1210.9</ele>
        <time>2026-09-06T10:19:43.414Z</time>
        <extensions><gpxtpx:TrackPointExtension><gpxtpx:hr>157</gpxtpx:hr></gpxtpx:TrackPointExtension></extensions>
      </trkpt>
      <trkpt lat="46.534245" lon="6.314919">
        <ele>1211.7</ele>
        <time>2026-09-06T10:19:50.581Z</time>
        <extensions><gpxtpx:TrackPointExtension><gpxtpx:hr>156</gpxtpx:hr></gpxtpx:TrackPointExtension></extensions>
      </trkpt>
      <trkpt lat="46.534406" lon="6.315209">
        <ele>1212.6</ele>
        <time>2026-09-06T10:19:57.923Z</time>
        <extensions><gpxtpx:TrackPointExtension><gpxtpx:hr>158</gpxtpx:hr></gpxtpx:TrackPointExtension></extensions>
      </trkpt>
      <trkpt lat="46.534566" lon="6.315511">
        <ele>1213.3</ele>
        <time>2026-09-06T10:20:05.447Z</time>
        <extensions><gpxtpx:TrackPointExtension><gpxtpx:hr>158</gpxtpx:hr></gpxtpx:TrackPointExtension></extensions>
      </trkpt>
      <trkpt lat="46.534725" lon="6.315825">
        <ele>1213.2</ele>
        <time>2026-09-06T10:20:13.159Z</time>
        <extensions><gpxtpx:TrackPointExtension><gpxtpx:hr>157</gpxtpx:hr></gpxtpx:TrackPointExtension></extensions>
      </trkpt>
      <trkpt lat="46.534884" lon="6.316153">
        <ele>1214.4</ele>
        <time>2026-09-06T10:20:21.065Z</time>
        <extensions><gpxtpx:TrackPointExtension><gpxtpx:hr>158</gpxtpx:hr></gpxtpx:TrackPointExtension></extensions>
      </trkpt>
      <trkpt lat="46.535042" lon="6.316493">
        <ele>1214.9</ele>
        <time>2026-09-06T10:20:29.171Z</time>
        <extensions><gpxtpx:TrackPointExtension><gpxtpx:hr>158</gpxtpx:hr></gpxtpx:TrackPointExtension></extensions>
      </trkpt>
      <trkpt lat="46.535200" lon="6.316847">
        <ele>1215.3</ele>
        <time>2026-09-06T10:20:37.482Z</time>
        <extensions><gpxtpx:TrackPointExtension><gpxtpx:hr>158</gpxtpx:hr></gpxtpx:TrackPointExtension></extensions>
      </trkpt>
      <trkpt lat="46.535357" lon="6.317213">
        <ele>1216.4</ele>
        <time>2026-09-06T10:20:46.002Z</time>
        <extensions><gpxtpx:TrackPointExtension><gpxtpx:hr>155</gpxtpx:hr></gpxtpx:TrackPointExtension></extensions>
      </trkpt>
      <trkpt lat="46.535515" lon="6.317592">
        <ele>1215.6</ele>
        <time>2026-09-06T10:20:54.735Z</time>
        <extensions><gpxtpx:TrackPointExtension><gpxtpx:hr>156</gpxtpx:hr></gpxtpx:TrackPointExtension></extensions>
      </trkpt>
      <trkpt lat="46.535672" lon="6.317983">
        <ele>1216.9</ele>
        <time>2026-09-06T10:21:03.684Z</time>
        <extensions><gpxtpx:TrackPointExtension><gpxtpx:hr>156</gpxtpx:hr></gpxtpx:TrackPointExtension></extensions>
      </trkpt>
      <trkpt lat="46.535829" lon="6.318388">
        <ele>1216.6</ele>
        <time>2026-09-06T10:21:12.853Z</time>
        <extensions><gpxtpx:TrackPointExtension><gpxtpx:hr>155</gpxtpx:hr></gpxtpx:TrackPointExtension></extensions>
      </trkpt>
      <trkpt lat="46.535987" lon="6.318805">
        <ele>1217.2</ele>
        <time>2026-09-06T10:21:22.243Z</time>
        <extensions><gpxtpx:TrackPointExtension><gpxtpx:hr>156</gpxtpx:hr></gpxtpx:TrackPointExtension></extensions>
      </trkpt>
      <trkpt lat="46.536145" lon="6.319235">
        <ele>1218.1</ele>
        <time>2026-09-06T10:21:31.856Z</time>
        <extensions><gpxtpx:TrackPointExtension><gpxtpx:hr>156</gpxtpx:hr></gpxtpx:TrackPointExtension></extensions>
      </trkpt>
      <trkpt lat="46.536303" lon="6.319677">
        <ele>1219.6</ele>
        <time>2026-09-06T10:21:41.695Z</time>
        <extensions><gpxtpx:TrackPointExtension><gpxtpx:hr>158</gpxtpx:hr></gpxtpx:TrackPointExtension></extensions>
      </trkpt>
      <trkpt lat="46.536462" lon="6.320132">
        <ele>1219.2</ele>
        <time>2026-09-06T10:21:51.760Z</time>
        <extensions><gpxtpx:TrackPointExtension><gpxtpx:hr>154</gpxtpx:hr></gpxtpx:TrackPointExtension></extensions>
      </trkpt>
      <trkpt lat="46.536622" lon="6.320599">
        <ele>1220.1</ele>
        <time>2026-09-06T10:22:02.051Z</time>
        <extensions><gpxtpx:TrackPointExtension><gpxtpx:hr>156</gpxtpx:hr></gpxtpx:TrackPointExtension></extensions>
      </trkpt>
      <trkpt lat="46.536782" lon="6.321079">
        <ele>1220.8</ele>
        <time>2026-09-06T10:22:12.570Z</time>
        <extensions><gpxtpx:TrackPointExtension><gpxtpx:hr>155</gpxtpx:hr></gpxtpx:TrackPointExtension></extensions>
      </trkpt>
      <trkpt lat="46.536944" lon="6.321571">
        <ele>1221.6</ele>
        <time>2026-09-06T10:22:23.316Z</time>
        <extensions><gpxtpx:TrackPointExtension><gpxtpx:hr>156</gpxtpx:hr></gpxtpx:TrackPointExtension></extensions>
      </trkpt>
      <trkpt lat="46.537106" lon="6.322074">
        <ele>1223.3</ele>
        <time>2026-09-06T10:22:34.289Z</time>
        <extensions><gpxtpx:TrackPointExtension><gpxtpx:hr>158</gpxtpx:hr></gpxtpx:TrackPointExtension></extensions>
      </trkpt>
      <trkpt lat="46.537270" lon="6.322590">
        <ele>1223.3</ele>
        <time>2026-09-06T10:22:45.487Z</time>
        <extensions><gpxtpx:TrackPointExtension><gpxtpx:hr>157</gpxtpx:hr></gpxtpx:TrackPointExtension></extensions>
      </trkpt>
      <trkpt lat="46.537435" lon="6.323118">
        <ele>1224.3</ele>
        <time>2026-09-06T10:22:56.911Z</time>
        <extensions><gpxtpx:TrackPointExtension><gpxtpx:hr>155</gpxtpx:hr></gpxtpx:TrackPointExtension></extensions>
      </trkpt>
      <trkpt lat="46.537601" lon="6.323657">
        <ele>1225.2</ele>
        <time>2026-09-06T10:23:08.557Z</time>
        <extensions><gpxtpx:TrackPointExtension><gpxtpx:hr>154</gpxtpx:hr></gpxtpx:TrackPointExtension></extensions>
      </trkpt>
      <trkpt lat="46.537769" lon="6.324208">
        <ele>1226.8</ele>
        <time>2026-09-06T10:23:20.426Z</time>
        <extensions><gpxtpx:TrackPointExtension><gpxtpx:hr>154</gpxtpx:hr></gpxtpx:TrackPointExtension></extensions>
      </trkpt>
      <trkpt lat="46.537939" lon="6.324769">
        <ele>1227.1</ele>
        <time>2026-09-06T10:23:32.514Z</time>
        <extensions><gpxtpx:TrackPointExtension><gpxtpx:hr>155</gpxtpx:hr></gpxtpx:TrackPointExtension></extensions>
      </trkpt>
      <trkpt lat="46.538111" lon="6.325342">
        <ele>1227.2</ele>
        <time>2026-09-06T10:23:44.819Z</time>
        <extensions><gpxtpx:TrackPointExtension><gpxtpx:hr>156</gpxtpx:hr></gpxtpx:TrackPointExtension></extensions>
      </trkpt>
      <trkpt lat="46.538284" lon="6.325926">
        <ele>1228.3</ele>
        <time>2026-09-06T10:23:57.338Z</time>
        <extensions><gpxtpx:TrackPointExtension><gpxtpx:hr>155</gpxtpx:hr></gpxtpx:TrackPointExtension></extensions>
      </trkpt>
      <trkpt lat="46.538459" lon="6.326520">
        <ele>1229.8</ele>
        <time>2026-09-06T10:24:10.070Z</time>
        <extensions><gpxtpx:TrackPointExtension><gpxtpx:hr>155</gpxtpx:hr></gpxtpx:TrackPointExtension></extensions>
      </trkpt>
      <trkpt lat="46.538637" lon="6.327125">
        <ele>1230.9</ele>
        <time>2026-09-06T10:24:23.009Z</time>
        <extensions><gpxtpx:TrackPointExtension><gpxtpx:hr>155</gpxtpx:hr></gpxtpx:TrackPointExtension></extensions>
      </trkpt>
      <trkpt lat="46.538817" lon="6.327739">
        <ele>1231.7</ele>
        <time>2026-09-06T10:24:36.154Z</time>
        <extensions><gpxtpx:TrackPointExtension><gpxtpx:hr>155</gpxtpx:hr></gpxtpx:TrackPointExtension></extensions>
      </trkpt>
      <trkpt lat="46.538999" lon="6.328364">
        <ele>1232.5</ele>
        <time>2026-09-06T10:24:49.500Z</time>
        <extensions><gpxtpx:TrackPointExtension><gpxtpx:hr>156</gpxtpx:hr></gpxtpx:TrackPointExtension></extensions>
      </trkpt>
      <trkpt lat="46.539183" lon="6.328998">
        <ele>1232.1</ele>
        <time>2026-09-06T10:25:03.044Z</time>
        <extensions><gpxtpx:TrackPointExtension><gpxtpx:hr>157</gpxtpx:hr></gpxtpx:TrackPointExtension></extensions>
      </trkpt>
      <trkpt lat="46.539371" lon="6.329641">
        <ele>1233.0</ele>
        <time>2026-09-06T10:25:16.781Z</time>
        <extensions><gpxtpx:TrackPointExtension><gpxtpx:hr>154</gpxtpx:hr></gpxtpx:TrackPointExtension></extensions>
      </trkpt>
      <trkpt lat="46.539560" lon="6.330293">
        <ele>1234.0</ele>
        <time>2026-09-06T10:25:30.707Z</time>
        <extensions><gpxtpx:TrackPointExtension><gpxtpx:hr>154</gpxtpx:hr></gpxtpx:TrackPointExtension></extensions>
      </trkpt>
      <trkpt lat="46.539753" lon="6.330954">
        <ele>1234.8</ele>
        <time>2026-09-06T10:25:44.817Z</time>
        <extensions><gpxtpx:TrackPointExtension><gpxtpx:hr>157</gpxtpx:hr></gpxtpx:TrackPointExtension></extensions>
      </trkpt>
      <trkpt lat="46.539949" lon="6.331623">
        <ele>1235.7</ele>
        <time>2026-09-06T10:25:59.107Z</time>
        <extensions><gpxtpx:TrackPointExtension><gpxtpx:hr>156</gpxtpx:hr></gpxtpx:TrackPointExtension></extensions>
      </trkpt>
      <trkpt lat="46.540147" lon="6.332301">
        <ele>1236.3</ele>
        <time>2026-09-06T10:26:13.572Z</time>
        <extensions><gpxtpx:TrackPointExtension><gpxtpx:hr>154</gpxtpx:hr></gpxtpx:TrackPointExtension></extensions>
      </trkpt>
      <trkpt lat="46.540349" lon="6.332986">
        <ele>1238.0</ele>
        <time>2026-09-06T10:26:28.206Z</time>
        <extensions><gpxtpx:TrackPointExtension><gpxtpx:hr>157</gpxtpx:hr></gpxtpx:TrackPointExtension></extensions>
      </trkpt>
      <trkpt lat="46.540554" lon="6.333678">
        <ele>1238.2</ele>
        <time>2026-09-06T10:26:43.004Z</time>
        <extensions><gpxtpx:TrackPointExtension><gpxtpx:hr>156</gpxtpx:hr></gpxtpx:TrackPointExtension></extensions>
      </trkpt>
      <trkpt lat="46.540762" lon="6.334378">
        <ele>1240.7</ele>
        <time>2026-09-06T10:26:57.961Z</time>
        <extensions><gpxtpx:TrackPointExtension><gpxtpx:hr>155</gpxtpx:hr></gpxtpx:TrackPointExtension></extensions>
      </trkpt>
      <trkpt lat="46.540973" lon="6.335084">
        <ele>1240.2</ele>
        <time>2026-09-06T10:27:13.071Z</time>
        <extensions><gpxtpx:TrackPointExtension><gpxtpx:hr>156</gpxtpx:hr></gpxtpx:TrackPointExtension></extensions>
      </trkpt>
      <trkpt lat="46.541188" lon="6.335796">
        <ele>1242.0</ele>
        <time>2026-09-06T10:27:28.329Z</time>
        <extensions><gpxtpx:TrackPointExtension><gpxtpx:hr>154</gpxtpx:hr></gpxtpx:TrackPointExtension></extensions>
      </trkpt>
      <trkpt lat="46.541406" lon="6.336515">
        <ele>1242.0</ele>
        <time>2026-09-06T10:27:43.728Z</time>
        <extensions><gpxtpx:TrackPointExtension><gpxtpx:hr>154</gpxtpx:hr></gpxtpx:TrackPointExtension></extensions>
      </trkpt>
      <trkpt lat="46.541628" lon="6.337239">
        <ele>1244.1</ele>
        <time>2026-09-06T10:27:59.262Z</time>
        <extensions><gpxtpx:TrackPointExtension><gpxtpx:hr>156</gpxtpx:hr></gpxtpx:TrackPointExtension></extensions>
      </trkpt>
      <trkpt lat="46.541854" lon="6.337968">
        <ele>1244.6</ele>
        <time>2026-09-06T10:28:14.926Z</time>
        <extensions><gpxtpx:TrackPointExtension><gpxtpx:hr>155</gpxtpx:hr></gpxtpx:TrackPointExtension></extensions>
      </trkpt>
      <trkpt lat="46.542083" lon="6.338702">
        <ele>1245.4</ele>
        <time>2026-09-06T10:28:30.712Z</time>
        <extensions><gpxtpx:TrackPointExtension><gpxtpx:hr>155</gpxtpx:hr></gpxtpx:TrackPointExtension></extensions>
      </trkpt>
      <trkpt lat="46.542316" lon="6.339440">
        <ele>1246.1</ele>
        <time>2026-09-06T10:28:46.615Z</time>
        <extensions><gpxtpx:TrackPointExtension><gpxtpx:hr>156</gpxtpx:hr></gpxtpx:TrackPointExtension></extensions>
      </trkpt>
      <trkpt lat="46.542553" lon="6.340182">
        <ele>1246.6</ele>
        <time>2026-09-06T10:29:02.627Z</time>
        <extensions><gpxtpx:TrackPointExtension><gpxtpx:hr>154</gpxtpx:hr></gpxtpx:TrackPointExtension></extensions>
      </trkpt>
      <trkpt lat="46.542794" lon="6.340928">
        <ele>1248.3</ele>
        <time>2026-09-06T10:29:18.743Z</time>
        <extensions><gpxtpx:TrackPointExtension><gpxtpx:hr>154</gpxtpx:hr></gpxtpx:TrackPointExtension></extensions>
      </trkpt>
      <trkpt lat="46.543038" lon="6.341677">
        <ele>1247.9</ele>
        <time>2026-09-06T10:29:34.956Z</time>
        <extensions><gpxtpx:TrackPointExtension><gpxtpx:hr>154</gpxtpx:hr></gpxtpx:TrackPointExtension></extensions>
      </trkpt>
      <trkpt lat="46.543287" lon="6.342429">
        <ele>1249.1</ele>
        <time>2026-09-06T10:29:51.258Z</time>
        <extensions><gpxtpx:TrackPointExtension><gpxtpx:hr>154</gpxtpx:hr></gpxtpx:TrackPointExtension></extensions>
      </trkpt>
      <trkpt lat="46.543540" lon="6.343183">
        <ele>1251.1</ele>
        <time>2026-09-06T10:30:07.644Z</time>
        <extensions><gpxtpx:TrackPointExtension><gpxtpx:hr>155</gpxtpx:hr></gpxtpx:TrackPointExtension></extensions>
      </trkpt>
      <trkpt lat="46.543797" lon="6.343939">
        <ele>1250.6</ele>
        <time>2026-09-06T10:30:24.106Z</time>
        <extensions><gpxtpx:TrackPointExtension><gpxtpx:hr>154</gpxtpx:hr></gpxtpx:TrackPointExtension></extensions>
      </trkpt>
      <trkpt lat="46.544057" lon="6.344696">
        <ele>1251.5</ele>
        <time>2026-09-06T10:30:40.637Z</time>
        <extensions><gpxtpx:TrackPointExtension><gpxtpx:hr>154</gpxtpx:hr></gpxtpx:TrackPointExtension></extensions>
      </trkpt>
      <trkpt lat="46.544322" lon="6.345454">
        <ele>1252.9</ele>
        <time>2026-09-06T10:30:57.231Z</time>
        <extensions><gpxtpx:TrackPointExtension><gpxtpx:hr>156</gpxtpx:hr></gpxtpx:TrackPointExtension></extensions>
      </trkpt>
      <trkpt lat="46.544592" lon="6.346213">
        <ele>1253.1</ele>
        <time>2026-09-06T10:31:13.880Z</time>
        <extensions><gpxtpx:TrackPointExtension><gpxtpx:hr>156</gpxtpx:hr></gpxtpx:TrackPointExtension></extensions>
      </trkpt>
      <trkpt lat="46.544865" lon="6.346972">
        <ele>1253.9</ele>
        <time>2026-09-06T10:31:30.577Z</time>
        <extensions><gpxtpx:TrackPointExtension><gpxtpx:hr>156</gpxtpx:hr></gpxtpx:TrackPointExtension></extensions>
      </trkpt>
      <trkpt lat="46.545142" lon="6.347731">
        <ele>1255.8</ele>
        <time>2026-09-06T10:31:47.316Z</time>
        <extensions><gpxtpx:TrackPointExtension><gpxtpx:hr>153</gpxtpx:hr></gpxtpx:TrackPointExtension></extensions>
      </trkpt>
      <trkpt lat="46.545424" lon="6.348488">
        <ele>1255.9</ele>
        <time>2026-09-06T10:32:04.089Z</time>
        <extensions><gpxtpx:TrackPointExtension><gpxtpx:hr>156</gpxtpx:hr></gpxtpx:TrackPointExtension></extensions>
      </trkpt>
      <trkpt lat="46.545710" lon="6.349245">
        <ele>1256.8</ele>
        <time>2026-09-06T10:32:20.890Z</time>
        <extensions><gpxtpx:TrackPointExtension><gpxtpx:hr>153</gpxtpx:hr></gpxtpx:TrackPointExtension></extensions>
      </trkpt>
    </trkseg>
  </trk>
</gpx>
