<?xml version="1.0" encoding="UTF-8"?>
<gpx version="1.1" creator="banc" xmlns="http://www.topografix.com/GPX/1/1">
<trk><name>watts-durs</name><trkseg>
<trkpt lat="46.500000" lon="7.100000"><ele>500.0</ele><time>2026-06-01T06:00:00Z</time><extensions><power>160</power></extensions></trkpt>
<trkpt lat="46.500100" lon="7.100156"><ele>500.8</ele><time>2026-06-01T06:00:04Z</time><extensions><power>160</power></extensions></trkpt>
<trkpt lat="46.500200" lon="7.100311"><ele>501.7</ele><time>2026-06-01T06:00:08Z</time><extensions><power>160</power></extensions></trkpt>
<trkpt lat="46.500300" lon="7.100467"><ele>502.5</ele><time>2026-06-01T06:00:12Z</time><extensions><power>160</power></extensions></trkpt>
<trkpt lat="46.500400" lon="7.100623"><ele>503.4</ele><time>2026-06-01T06:00:16Z</time><extensions><power>160</power></extensions></trkpt>
<trkpt lat="46.500501" lon="7.100779"><ele>504.2</ele><time>2026-06-01T06:00:20Z</time><extensions><power>160</power></extensions></trkpt>
<trkpt lat="46.500601" lon="7.100934"><ele>505.0</ele><time>2026-06-01T06:00:24Z</time><extensions><power>161</power></extensions></trkpt>
<trkpt lat="46.500701" lon="7.101090"><ele>505.9</ele><time>2026-06-01T06:00:28Z</time><extensions><power>161</power></extensions></trkpt>
<trkpt lat="46.500801" lon="7.101246"><ele>506.7</ele><time>2026-06-01T06:00:32Z</time><extensions><power>161</power></extensions></trkpt>
<trkpt lat="46.500901" lon="7.101402"><ele>507.5</ele><time>2026-06-01T06:00:36Z</time><extensions><power>161</power></extensions></trkpt>
<trkpt lat="46.501001" lon="7.101557"><ele>508.4</ele><time>2026-06-01T06:00:40Z</time><extensions><power>161</power></extensions></trkpt>
<trkpt lat="46.501101" lon="7.101713"><ele>509.2</ele><time>2026-06-01T06:00:44Z</time><extensions><power>162</power></extensions></trkpt>
<trkpt lat="46.501201" lon="7.101869"><ele>510.1</ele><time>2026-06-01T06:00:48Z</time><extensions><power>162</power></extensions></trkpt>
<trkpt lat="46.501301" lon="7.102024"><ele>510.9</ele><time>2026-06-01T06:00:52Z</time><extensions><power>162</power></extensions></trkpt>
<trkpt lat="46.501402" lon="7.102180"><ele>511.7</ele><time>2026-06-01T06:00:56Z</time><extensions><power>162</power></extensions></trkpt>
<trkpt lat="46.501502" lon="7.102336"><ele>512.6</ele><time>2026-06-01T06:01:00Z</time><extensions><power>162</power></extensions></trkpt>
<trkpt lat="46.501602" lon="7.102492"><ele>513.4</ele><time>2026-06-01T06:01:04Z</time><extensions><power>162</power></extensions></trkpt>
<trkpt lat="46.501702" lon="7.102647"><ele>514.2</ele><time>2026-06-01T06:01:08Z</time><extensions><power>163</power></extensions></trkpt>
<trkpt lat="46.501802" lon="7.102803"><ele>515.1</ele><time>2026-06-01T06:01:12Z</time><extensions><power>163</power></extensions></trkpt>
<trkpt lat="46.501902" lon="7.102959"><ele>515.9</ele><time>2026-06-01T06:01:16Z</time><extensions><power>163</power></extensions></trkpt>
<trkpt lat="46.502002" lon="7.103115"><ele>516.7</ele><time>2026-06-01T06:01:20Z</time><extensions><power>163</power></extensions></trkpt>
<trkpt lat="46.502102" lon="7.103270"><ele>517.5</ele><time>2026-06-01T06:01:24Z</time><extensions><power>163</power></extensions></trkpt>
<trkpt lat="46.502202" lon="7.103426"><ele>518.4</ele><time>2026-06-01T06:01:28Z</time><extensions><power>163</power></extensions></trkpt>
<trkpt lat="46.502303" lon="7.103582"><ele>519.2</ele><time>2026-06-01T06:01:32Z</time><extensions><power>164</power></extensions></trkpt>
<trkpt lat="46.502403" lon="7.103737"><ele>520.0</ele><time>2026-06-01T06:01:36Z</time><extensions><power>164</power></extensions></trkpt>
<trkpt lat="46.502503" lon="7.103893"><ele>520.9</ele><time>2026-06-01T06:01:40Z</time><extensions><power>164</power></extensions></trkpt>
<trkpt lat="46.502603" lon="7.104049"><ele>521.7</ele><time>2026-06-01T06:01:44Z</time><extensions><power>164</power></extensions></trkpt>
<trkpt lat="46.502703" lon="7.104205"><ele>522.5</ele><time>2026-06-01T06:01:48Z</time><extensions><power>164</power></extensions></trkpt>
<trkpt lat="46.502803" lon="7.104360"><ele>523.3</ele><time>2026-06-01T06:01:52Z</time><extensions><power>165</power></extensions></trkpt>
<trkpt lat="46.502903" lon="7.104516"><ele>524.2</ele><time>2026-06-01T06:01:56Z</time><extensions><power>165</power></extensions></trkpt>
<trkpt lat="46.503003" lon="7.104672"><ele>525.0</ele><time>2026-06-01T06:02:00Z</time><extensions><power>165</power></extensions></trkpt>
<trkpt lat="46.503103" lon="7.104828"><ele>525.8</ele><time>2026-06-01T06:02:04Z</time><extensions><power>165</power></extensions></trkpt>
<trkpt lat="46.503204" lon="7.104983"><ele>526.6</ele><time>2026-06-01T06:02:08Z</time><extensions><power>165</power></extensions></trkpt>
<trkpt lat="46.503304" lon="7.105139"><ele>527.4</ele><time>2026-06-01T06:02:12Z</time><extensions><power>165</power></extensions></trkpt>
<trkpt lat="46.503404" lon="7.105295"><ele>528.2</ele><time>2026-06-01T06:02:16Z</time><extensions><power>166</power></extensions></trkpt>
<trkpt lat="46.503504" lon="7.105451"><ele>529.1</ele><time>2026-06-01T06:02:20Z</time><extensions><power>166</power></extensions></trkpt>
<trkpt lat="46.503604" lon="7.105606"><ele>529.9</ele><time>2026-06-01T06:02:24Z</time><extensions><power>166</power></extensions></trkpt>
<trkpt lat="46.503704" lon="7.105762"><ele>530.7</ele><time>2026-06-01T06:02:28Z</time><extensions><power>166</power></extensions></trkpt>
<trkpt lat="46.503804" lon="7.105918"><ele>531.5</ele><time>2026-06-01T06:02:32Z</time><extensions><power>166</power></extensions></trkpt>
<trkpt lat="46.503904" lon="7.106073"><ele>532.3</ele><time>2026-06-01T06:02:36Z</time><extensions><power>166</power></extensions></trkpt>
<trkpt lat="46.504004" lon="7.106229"><ele>533.1</ele><time>2026-06-01T06:02:40Z</time><extensions><power>167</power></extensions></trkpt>
<trkpt lat="46.504105" lon="7.106385"><ele>533.9</ele><time>2026-06-01T06:02:44Z</time><extensions><power>167</power></extensions></trkpt>
<trkpt lat="46.504205" lon="7.106541"><ele>534.7</ele><time>2026-06-01T06:02:48Z</time><extensions><power>167</power></extensions></trkpt>
<trkpt lat="46.504305" lon="7.106696"><ele>535.5</ele><time>2026-06-01T06:02:52Z</time><extensions><power>167</power></extensions></trkpt>
<trkpt lat="46.504405" lon="7.106852"><ele>536.3</ele><time>2026-06-01T06:02:56Z</time><extensions><power>167</power></extensions></trkpt>
<trkpt lat="46.504505" lon="7.107008"><ele>537.1</ele><time>2026-06-01T06:03:00Z</time><extensions><power>167</power></extensions></trkpt>
<trkpt lat="46.504605" lon="7.107164"><ele>537.9</ele><time>2026-06-01T06:03:04Z</time><extensions><power>168</power></extensions></trkpt>
<trkpt lat="46.504705" lon="7.107319"><ele>538.7</ele><time>2026-06-01T06:03:08Z</time><extensions><power>168</power></extensions></trkpt>
<trkpt lat="46.504805" lon="7.107475"><ele>539.5</ele><time>2026-06-01T06:03:12Z</time><extensions><power>168</power></extensions></trkpt>
<trkpt lat="46.504905" lon="7.107631"><ele>540.3</ele><time>2026-06-01T06:03:16Z</time><extensions><power>168</power></extensions></trkpt>
<trkpt lat="46.505006" lon="7.107786"><ele>541.1</ele><time>2026-06-01T06:03:20Z</time><extensions><power>168</power></extensions></trkpt>
<trkpt lat="46.505106" lon="7.107942"><ele>541.9</ele><time>2026-06-01T06:03:24Z</time><extensions><power>168</power></extensions></trkpt>
<trkpt lat="46.505206" lon="7.108098"><ele>542.7</ele><time>2026-06-01T06:03:28Z</time><extensions><power>168</power></extensions></trkpt>
<trkpt lat="46.505306" lon="7.108254"><ele>543.4</ele><time>2026-06-01T06:03:32Z</time><extensions><power>169</power></extensions></trkpt>
<trkpt lat="46.505406" lon="7.108409"><ele>544.2</ele><time>2026-06-01T06:03:36Z</time><extensions><power>169</power></extensions></trkpt>
<trkpt lat="46.505506" lon="7.108565"><ele>545.0</ele><time>2026-06-01T06:03:40Z</time><extensions><power>169</power></extensions></trkpt>
<trkpt lat="46.505606" lon="7.108721"><ele>545.8</ele><time>2026-06-01T06:03:44Z</time><extensions><power>169</power></extensions></trkpt>
<trkpt lat="46.505706" lon="7.108877"><ele>546.6</ele><time>2026-06-01T06:03:48Z</time><extensions><power>169</power></extensions></trkpt>
<trkpt lat="46.505806" lon="7.109032"><ele>547.3</ele><time>2026-06-01T06:03:52Z</time><extensions><power>169</power></extensions></trkpt>
<trkpt lat="46.505907" lon="7.109188"><ele>548.1</ele><time>2026-06-01T06:03:56Z</time><extensions><power>169</power></extensions></trkpt>
<trkpt lat="46.506007" lon="7.109344"><ele>548.9</ele><time>2026-06-01T06:04:00Z</time><extensions><power>170</power></extensions></trkpt>
<trkpt lat="46.506107" lon="7.109499"><ele>549.6</ele><time>2026-06-01T06:04:04Z</time><extensions><power>170</power></extensions></trkpt>
<trkpt lat="46.506207" lon="7.109655"><ele>550.4</ele><time>2026-06-01T06:04:08Z</time><extensions><power>170</power></extensions></trkpt>
<trkpt lat="46.506307" lon="7.109811"><ele>551.1</ele><time>2026-06-01T06:04:12Z</time><extensions><power>170</power></extensions></trkpt>
<trkpt lat="46.506407" lon="7.109967"><ele>551.9</ele><time>2026-06-01T06:04:16Z</time><extensions><power>170</power></extensions></trkpt>
<trkpt lat="46.506507" lon="7.110122"><ele>552.7</ele><time>2026-06-01T06:04:20Z</time><extensions><power>170</power></extensions></trkpt>
<trkpt lat="46.506607" lon="7.110278"><ele>553.4</ele><time>2026-06-01T06:04:24Z</time><extensions><power>170</power></extensions></trkpt>
<trkpt lat="46.506707" lon="7.110434"><ele>554.2</ele><time>2026-06-01T06:04:28Z</time><extensions><power>171</power></extensions></trkpt>
<trkpt lat="46.506808" lon="7.110590"><ele>554.9</ele><time>2026-06-01T06:04:32Z</time><extensions><power>171</power></extensions></trkpt>
<trkpt lat="46.506908" lon="7.110745"><ele>555.7</ele><time>2026-06-01T06:04:36Z</time><extensions><power>171</power></extensions></trkpt>
<trkpt lat="46.507008" lon="7.110901"><ele>556.4</ele><time>2026-06-01T06:04:40Z</time><extensions><power>171</power></extensions></trkpt>
<trkpt lat="46.507108" lon="7.111057"><ele>557.1</ele><time>2026-06-01T06:04:44Z</time><extensions><power>171</power></extensions></trkpt>
<trkpt lat="46.507208" lon="7.111212"><ele>557.9</ele><time>2026-06-01T06:04:48Z</time><extensions><power>172</power></extensions></trkpt>
<trkpt lat="46.507308" lon="7.111368"><ele>558.6</ele><time>2026-06-01T06:04:52Z</time><extensions><power>172</power></extensions></trkpt>
<trkpt lat="46.507408" lon="7.111524"><ele>559.3</ele><time>2026-06-01T06:04:56Z</time><extensions><power>173</power></extensions></trkpt>
<trkpt lat="46.507508" lon="7.111680"><ele>560.1</ele><time>2026-06-01T06:05:00Z</time><extensions><power>173</power></extensions></trkpt>
<trkpt lat="46.507608" lon="7.111835"><ele>560.8</ele><time>2026-06-01T06:05:04Z</time><extensions><power>174</power></extensions></trkpt>
<trkpt lat="46.507709" lon="7.111991"><ele>561.5</ele><time>2026-06-01T06:05:08Z</time><extensions><power>175</power></extensions></trkpt>
<trkpt lat="46.507809" lon="7.112147"><ele>562.2</ele><time>2026-06-01T06:05:12Z</time><extensions><power>177</power></extensions></trkpt>
<trkpt lat="46.507909" lon="7.112303"><ele>562.9</ele><time>2026-06-01T06:05:16Z</time><extensions><power>178</power></extensions></trkpt>
<trkpt lat="46.508009" lon="7.112458"><ele>563.7</ele><time>2026-06-01T06:05:20Z</time><extensions><power>180</power></extensions></trkpt>
<trkpt lat="46.508109" lon="7.112614"><ele>564.4</ele><time>2026-06-01T06:05:24Z</time><extensions><power>183</power></extensions></trkpt>
<trkpt lat="46.508209" lon="7.112770"><ele>565.1</ele><time>2026-06-01T06:05:28Z</time><extensions><power>186</power></extensions></trkpt>
<trkpt lat="46.508309" lon="7.112925"><ele>565.8</ele><time>2026-06-01T06:05:32Z</time><extensions><power>190</power></extensions></trkpt>
<trkpt lat="46.508409" lon="7.113081"><ele>566.5</ele><time>2026-06-01T06:05:36Z</time><extensions><power>195</power></extensions></trkpt>
<trkpt lat="46.508509" lon="7.113237"><ele>567.2</ele><time>2026-06-01T06:05:40Z</time><extensions><power>201</power></extensions></trkpt>
<trkpt lat="46.508610" lon="7.113393"><ele>567.9</ele><time>2026-06-01T06:05:44Z</time><extensions><power>208</power></extensions></trkpt>
<trkpt lat="46.508710" lon="7.113548"><ele>568.6</ele><time>2026-06-01T06:05:48Z</time><extensions><power>216</power></extensions></trkpt>
<trkpt lat="46.508810" lon="7.113704"><ele>569.2</ele><time>2026-06-01T06:05:52Z</time><extensions><power>226</power></extensions></trkpt>
<trkpt lat="46.508910" lon="7.113860"><ele>569.9</ele><time>2026-06-01T06:05:56Z</time><extensions><power>237</power></extensions></trkpt>
<trkpt lat="46.509010" lon="7.114016"><ele>570.6</ele><time>2026-06-01T06:06:00Z</time><extensions><power>250</power></extensions></trkpt>
<trkpt lat="46.509110" lon="7.114171"><ele>571.3</ele><time>2026-06-01T06:06:04Z</time><extensions><power>264</power></extensions></trkpt>
<trkpt lat="46.509210" lon="7.114327"><ele>572.0</ele><time>2026-06-01T06:06:08Z</time><extensions><power>279</power></extensions></trkpt>
<trkpt lat="46.509310" lon="7.114483"><ele>572.6</ele><time>2026-06-01T06:06:12Z</time><extensions><power>297</power></extensions></trkpt>
<trkpt lat="46.509410" lon="7.114638"><ele>573.3</ele><time>2026-06-01T06:06:16Z</time><extensions><power>315</power></extensions></trkpt>
<trkpt lat="46.509511" lon="7.114794"><ele>573.9</ele><time>2026-06-01T06:06:20Z</time><extensions><power>335</power></extensions></trkpt>
<trkpt lat="46.509611" lon="7.114950"><ele>574.6</ele><time>2026-06-01T06:06:24Z</time><extensions><power>355</power></extensions></trkpt>
<trkpt lat="46.509711" lon="7.115106"><ele>575.3</ele><time>2026-06-01T06:06:28Z</time><extensions><power>377</power></extensions></trkpt>
<trkpt lat="46.509811" lon="7.115261"><ele>575.9</ele><time>2026-06-01T06:06:32Z</time><extensions><power>398</power></extensions></trkpt>
<trkpt lat="46.509911" lon="7.115417"><ele>576.6</ele><time>2026-06-01T06:06:36Z</time><extensions><power>419</power></extensions></trkpt>
<trkpt lat="46.510011" lon="7.115573"><ele>577.2</ele><time>2026-06-01T06:06:40Z</time><extensions><power>440</power></extensions></trkpt>
<trkpt lat="46.510111" lon="7.115729"><ele>577.8</ele><time>2026-06-01T06:06:44Z</time><extensions><power>460</power></extensions></trkpt>
<trkpt lat="46.510211" lon="7.115884"><ele>578.5</ele><time>2026-06-01T06:06:48Z</time><extensions><power>478</power></extensions></trkpt>
<trkpt lat="46.510311" lon="7.116040"><ele>579.1</ele><time>2026-06-01T06:06:52Z</time><extensions><power>495</power></extensions></trkpt>
<trkpt lat="46.510412" lon="7.116196"><ele>579.7</ele><time>2026-06-01T06:06:56Z</time><extensions><power>509</power></extensions></trkpt>
<trkpt lat="46.510512" lon="7.116352"><ele>580.4</ele><time>2026-06-01T06:07:00Z</time><extensions><power>520</power></extensions></trkpt>
<trkpt lat="46.510612" lon="7.116507"><ele>581.0</ele><time>2026-06-01T06:07:04Z</time><extensions><power>528</power></extensions></trkpt>
<trkpt lat="46.510712" lon="7.116663"><ele>581.6</ele><time>2026-06-01T06:07:08Z</time><extensions><power>533</power></extensions></trkpt>
<trkpt lat="46.510812" lon="7.116819"><ele>582.2</ele><time>2026-06-01T06:07:12Z</time><extensions><power>534</power></extensions></trkpt>
<trkpt lat="46.510912" lon="7.116974"><ele>582.8</ele><time>2026-06-01T06:07:16Z</time><extensions><power>532</power></extensions></trkpt>
<trkpt lat="46.511012" lon="7.117130"><ele>583.4</ele><time>2026-06-01T06:07:20Z</time><extensions><power>526</power></extensions></trkpt>
<trkpt lat="46.511112" lon="7.117286"><ele>584.0</ele><time>2026-06-01T06:07:24Z</time><extensions><power>518</power></extensions></trkpt>
<trkpt lat="46.511212" lon="7.117442"><ele>584.6</ele><time>2026-06-01T06:07:28Z</time><extensions><power>506</power></extensions></trkpt>
<trkpt lat="46.511313" lon="7.117597"><ele>585.2</ele><time>2026-06-01T06:07:32Z</time><extensions><power>491</power></extensions></trkpt>
<trkpt lat="46.511413" lon="7.117753"><ele>585.8</ele><time>2026-06-01T06:07:36Z</time><extensions><power>475</power></extensions></trkpt>
<trkpt lat="46.511513" lon="7.117909"><ele>586.4</ele><time>2026-06-01T06:07:40Z</time><extensions><power>456</power></extensions></trkpt>
<trkpt lat="46.511613" lon="7.118065"><ele>587.0</ele><time>2026-06-01T06:07:44Z</time><extensions><power>436</power></extensions></trkpt>
<trkpt lat="46.511713" lon="7.118220"><ele>587.6</ele><time>2026-06-01T06:07:48Z</time><extensions><power>415</power></extensions></trkpt>
<trkpt lat="46.511813" lon="7.118376"><ele>588.1</ele><time>2026-06-01T06:07:52Z</time><extensions><power>394</power></extensions></trkpt>
<trkpt lat="46.511913" lon="7.118532"><ele>588.7</ele><time>2026-06-01T06:07:56Z</time><extensions><power>372</power></extensions></trkpt>
<trkpt lat="46.512013" lon="7.118687"><ele>589.3</ele><time>2026-06-01T06:08:00Z</time><extensions><power>351</power></extensions></trkpt>
<trkpt lat="46.512113" lon="7.118843"><ele>589.8</ele><time>2026-06-01T06:08:04Z</time><extensions><power>331</power></extensions></trkpt>
<trkpt lat="46.512214" lon="7.118999"><ele>590.4</ele><time>2026-06-01T06:08:08Z</time><extensions><power>312</power></extensions></trkpt>
<trkpt lat="46.512314" lon="7.119155"><ele>590.9</ele><time>2026-06-01T06:08:12Z</time><extensions><power>294</power></extensions></trkpt>
<trkpt lat="46.512414" lon="7.119310"><ele>591.5</ele><time>2026-06-01T06:08:16Z</time><extensions><power>277</power></extensions></trkpt>
<trkpt lat="46.512514" lon="7.119466"><ele>592.0</ele><time>2026-06-01T06:08:20Z</time><extensions><power>262</power></extensions></trkpt>
<trkpt lat="46.512614" lon="7.119622"><ele>592.5</ele><time>2026-06-01T06:08:24Z</time><extensions><power>248</power></extensions></trkpt>
<trkpt lat="46.512714" lon="7.119778"><ele>593.1</ele><time>2026-06-01T06:08:28Z</time><extensions><power>236</power></extensions></trkpt>
<trkpt lat="46.512814" lon="7.119933"><ele>593.6</ele><time>2026-06-01T06:08:32Z</time><extensions><power>225</power></extensions></trkpt>
<trkpt lat="46.512914" lon="7.120089"><ele>594.1</ele><time>2026-06-01T06:08:36Z</time><extensions><power>216</power></extensions></trkpt>
<trkpt lat="46.513014" lon="7.120245"><ele>594.6</ele><time>2026-06-01T06:08:40Z</time><extensions><power>208</power></extensions></trkpt>
<trkpt lat="46.513115" lon="7.120400"><ele>595.1</ele><time>2026-06-01T06:08:44Z</time><extensions><power>202</power></extensions></trkpt>
<trkpt lat="46.513215" lon="7.120556"><ele>595.7</ele><time>2026-06-01T06:08:48Z</time><extensions><power>196</power></extensions></trkpt>
<trkpt lat="46.513315" lon="7.120712"><ele>596.2</ele><time>2026-06-01T06:08:52Z</time><extensions><power>192</power></extensions></trkpt>
<trkpt lat="46.513415" lon="7.120868"><ele>596.7</ele><time>2026-06-01T06:08:56Z</time><extensions><power>188</power></extensions></trkpt>
<trkpt lat="46.513515" lon="7.121023"><ele>597.2</ele><time>2026-06-01T06:09:00Z</time><extensions><power>185</power></extensions></trkpt>
<trkpt lat="46.513615" lon="7.121179"><ele>597.6</ele><time>2026-06-01T06:09:04Z</time><extensions><power>182</power></extensions></trkpt>
<trkpt lat="46.513715" lon="7.121335"><ele>598.1</ele><time>2026-06-01T06:09:08Z</time><extensions><power>180</power></extensions></trkpt>
<trkpt lat="46.513815" lon="7.121491"><ele>598.6</ele><time>2026-06-01T06:09:12Z</time><extensions><power>179</power></extensions></trkpt>
<trkpt lat="46.513915" lon="7.121646"><ele>599.1</ele><time>2026-06-01T06:09:16Z</time><extensions><power>178</power></extensions></trkpt>
<trkpt lat="46.514016" lon="7.121802"><ele>599.6</ele><time>2026-06-01T06:09:20Z</time><extensions><power>177</power></extensions></trkpt>
<trkpt lat="46.514116" lon="7.121958"><ele>600.0</ele><time>2026-06-01T06:09:24Z</time><extensions><power>176</power></extensions></trkpt>
<trkpt lat="46.514216" lon="7.122113"><ele>600.5</ele><time>2026-06-01T06:09:28Z</time><extensions><power>176</power></extensions></trkpt>
<trkpt lat="46.514316" lon="7.122269"><ele>600.9</ele><time>2026-06-01T06:09:32Z</time><extensions><power>175</power></extensions></trkpt>
<trkpt lat="46.514416" lon="7.122425"><ele>601.4</ele><time>2026-06-01T06:09:36Z</time><extensions><power>175</power></extensions></trkpt>
<trkpt lat="46.514516" lon="7.122581"><ele>601.8</ele><time>2026-06-01T06:09:40Z</time><extensions><power>175</power></extensions></trkpt>
<trkpt lat="46.514616" lon="7.122736"><ele>602.3</ele><time>2026-06-01T06:09:44Z</time><extensions><power>174</power></extensions></trkpt>
<trkpt lat="46.514716" lon="7.122892"><ele>602.7</ele><time>2026-06-01T06:09:48Z</time><extensions><power>174</power></extensions></trkpt>
<trkpt lat="46.514816" lon="7.123048"><ele>603.1</ele><time>2026-06-01T06:09:52Z</time><extensions><power>174</power></extensions></trkpt>
<trkpt lat="46.514917" lon="7.123204"><ele>603.6</ele><time>2026-06-01T06:09:56Z</time><extensions><power>174</power></extensions></trkpt>
<trkpt lat="46.515017" lon="7.123359"><ele>604.0</ele><time>2026-06-01T06:10:00Z</time><extensions><power>174</power></extensions></trkpt>
<trkpt lat="46.515117" lon="7.123515"><ele>604.4</ele><time>2026-06-01T06:10:04Z</time><extensions><power>174</power></extensions></trkpt>
<trkpt lat="46.515217" lon="7.123671"><ele>604.8</ele><time>2026-06-01T06:10:08Z</time><extensions><power>174</power></extensions></trkpt>
<trkpt lat="46.515317" lon="7.123826"><ele>605.2</ele><time>2026-06-01T06:10:12Z</time><extensions><power>174</power></extensions></trkpt>
<trkpt lat="46.515417" lon="7.123982"><ele>605.6</ele><time>2026-06-01T06:10:16Z</time><extensions><power>174</power></extensions></trkpt>
<trkpt lat="46.515517" lon="7.124138"><ele>606.0</ele><time>2026-06-01T06:10:20Z</time><extensions><power>174</power></extensions></trkpt>
<trkpt lat="46.515617" lon="7.124294"><ele>606.4</ele><time>2026-06-01T06:10:24Z</time><extensions><power>174</power></extensions></trkpt>
<trkpt lat="46.515717" lon="7.124449"><ele>606.8</ele><time>2026-06-01T06:10:28Z</time><extensions><power>174</power></extensions></trkpt>
<trkpt lat="46.515818" lon="7.124605"><ele>607.2</ele><time>2026-06-01T06:10:32Z</time><extensions><power>174</power></extensions></trkpt>
<trkpt lat="46.515918" lon="7.124761"><ele>607.6</ele><time>2026-06-01T06:10:36Z</time><extensions><power>173</power></extensions></trkpt>
<trkpt lat="46.516018" lon="7.124917"><ele>607.9</ele><time>2026-06-01T06:10:40Z</time><extensions><power>173</power></extensions></trkpt>
<trkpt lat="46.516118" lon="7.125072"><ele>608.3</ele><time>2026-06-01T06:10:44Z</time><extensions><power>173</power></extensions></trkpt>
<trkpt lat="46.516218" lon="7.125228"><ele>608.6</ele><time>2026-06-01T06:10:48Z</time><extensions><power>173</power></extensions></trkpt>
<trkpt lat="46.516318" lon="7.125384"><ele>609.0</ele><time>2026-06-01T06:10:52Z</time><extensions><power>173</power></extensions></trkpt>
<trkpt lat="46.516418" lon="7.125539"><ele>609.3</ele><time>2026-06-01T06:10:56Z</time><extensions><power>173</power></extensions></trkpt>
<trkpt lat="46.516518" lon="7.125695"><ele>609.7</ele><time>2026-06-01T06:11:00Z</time><extensions><power>173</power></extensions></trkpt>
<trkpt lat="46.516618" lon="7.125851"><ele>610.0</ele><time>2026-06-01T06:11:04Z</time><extensions><power>173</power></extensions></trkpt>
<trkpt lat="46.516719" lon="7.126007"><ele>610.4</ele><time>2026-06-01T06:11:08Z</time><extensions><power>173</power></extensions></trkpt>
<trkpt lat="46.516819" lon="7.126162"><ele>610.7</ele><time>2026-06-01T06:11:12Z</time><extensions><power>173</power></extensions></trkpt>
<trkpt lat="46.516919" lon="7.126318"><ele>611.0</ele><time>2026-06-01T06:11:16Z</time><extensions><power>173</power></extensions></trkpt>
<trkpt lat="46.517019" lon="7.126474"><ele>611.3</ele><time>2026-06-01T06:11:20Z</time><extensions><power>173</power></extensions></trkpt>
<trkpt lat="46.517119" lon="7.126630"><ele>611.6</ele><time>2026-06-01T06:11:24Z</time><extensions><power>173</power></extensions></trkpt>
<trkpt lat="46.517219" lon="7.126785"><ele>611.9</ele><time>2026-06-01T06:11:28Z</time><extensions><power>172</power></extensions></trkpt>
<trkpt lat="46.517319" lon="7.126941"><ele>612.2</ele><time>2026-06-01T06:11:32Z</time><extensions><power>172</power></extensions></trkpt>
<trkpt lat="46.517419" lon="7.127097"><ele>612.5</ele><time>2026-06-01T06:11:36Z</time><extensions><power>172</power></extensions></trkpt>
<trkpt lat="46.517519" lon="7.127253"><ele>612.8</ele><time>2026-06-01T06:11:40Z</time><extensions><power>172</power></extensions></trkpt>
<trkpt lat="46.517620" lon="7.127408"><ele>613.1</ele><time>2026-06-01T06:11:44Z</time><extensions><power>172</power></extensions></trkpt>
<trkpt lat="46.517720" lon="7.127564"><ele>613.4</ele><time>2026-06-01T06:11:48Z</time><extensions><power>172</power></extensions></trkpt>
<trkpt lat="46.517820" lon="7.127720"><ele>613.7</ele><time>2026-06-01T06:11:52Z</time><extensions><power>172</power></extensions></trkpt>
<trkpt lat="46.517920" lon="7.127875"><ele>613.9</ele><time>2026-06-01T06:11:56Z</time><extensions><power>172</power></extensions></trkpt>
<trkpt lat="46.518020" lon="7.128031"><ele>614.2</ele><time>2026-06-01T06:12:00Z</time><extensions><power>172</power></extensions></trkpt>
<trkpt lat="46.518120" lon="7.128187"><ele>614.4</ele><time>2026-06-01T06:12:04Z</time><extensions><power>171</power></extensions></trkpt>
<trkpt lat="46.518220" lon="7.128343"><ele>614.7</ele><time>2026-06-01T06:12:08Z</time><extensions><power>171</power></extensions></trkpt>
<trkpt lat="46.518320" lon="7.128498"><ele>614.9</ele><time>2026-06-01T06:12:12Z</time><extensions><power>171</power></extensions></trkpt>
<trkpt lat="46.518420" lon="7.128654"><ele>615.2</ele><time>2026-06-01T06:12:16Z</time><extensions><power>171</power></extensions></trkpt>
<trkpt lat="46.518521" lon="7.128810"><ele>615.4</ele><time>2026-06-01T06:12:20Z</time><extensions><power>171</power></extensions></trkpt>
<trkpt lat="46.518621" lon="7.128966"><ele>615.6</ele><time>2026-06-01T06:12:24Z</time><extensions><power>171</power></extensions></trkpt>
<trkpt lat="46.518721" lon="7.129121"><ele>615.8</ele><time>2026-06-01T06:12:28Z</time><extensions><power>171</power></extensions></trkpt>
<trkpt lat="46.518821" lon="7.129277"><ele>616.1</ele><time>2026-06-01T06:12:32Z</time><extensions><power>171</power></extensions></trkpt>
<trkpt lat="46.518921" lon="7.129433"><ele>616.3</ele><time>2026-06-01T06:12:36Z</time><extensions><power>171</power></extensions></trkpt>
<trkpt lat="46.519021" lon="7.129588"><ele>616.5</ele><time>2026-06-01T06:12:40Z</time><extensions><power>170</power></extensions></trkpt>
<trkpt lat="46.519121" lon="7.129744"><ele>616.7</ele><time>2026-06-01T06:12:44Z</time><extensions><power>170</power></extensions></trkpt>
<trkpt lat="46.519221" lon="7.129900"><ele>616.9</ele><time>2026-06-01T06:12:48Z</time><extensions><power>170</power></extensions></trkpt>
<trkpt lat="46.519321" lon="7.130056"><ele>617.1</ele><time>2026-06-01T06:12:52Z</time><extensions><power>170</power></extensions></trkpt>
<trkpt lat="46.519422" lon="7.130211"><ele>617.2</ele><time>2026-06-01T06:12:56Z</time><extensions><power>170</power></extensions></trkpt>
<trkpt lat="46.519522" lon="7.130367"><ele>617.4</ele><time>2026-06-01T06:13:00Z</time><extensions><power>170</power></extensions></trkpt>
<trkpt lat="46.519622" lon="7.130523"><ele>617.6</ele><time>2026-06-01T06:13:04Z</time><extensions><power>170</power></extensions></trkpt>
<trkpt lat="46.519722" lon="7.130679"><ele>617.8</ele><time>2026-06-01T06:13:08Z</time><extensions><power>170</power></extensions></trkpt>
<trkpt lat="46.519822" lon="7.130834"><ele>617.9</ele><time>2026-06-01T06:13:12Z</time><extensions><power>169</power></extensions></trkpt>
<trkpt lat="46.519922" lon="7.130990"><ele>618.1</ele><time>2026-06-01T06:13:16Z</time><extensions><power>169</power></extensions></trkpt>
<trkpt lat="46.520022" lon="7.131146"><ele>618.2</ele><time>2026-06-01T06:13:20Z</time><extensions><power>169</power></extensions></trkpt>
<trkpt lat="46.520122" lon="7.131301"><ele>618.4</ele><time>2026-06-01T06:13:24Z</time><extensions><power>169</power></extensions></trkpt>
<trkpt lat="46.520222" lon="7.131457"><ele>618.5</ele><time>2026-06-01T06:13:28Z</time><extensions><power>169</power></extensions></trkpt>
<trkpt lat="46.520323" lon="7.131613"><ele>618.6</ele><time>2026-06-01T06:13:32Z</time><extensions><power>169</power></extensions></trkpt>
<trkpt lat="46.520423" lon="7.131769"><ele>618.7</ele><time>2026-06-01T06:13:36Z</time><extensions><power>169</power></extensions></trkpt>
<trkpt lat="46.520523" lon="7.131924"><ele>618.9</ele><time>2026-06-01T06:13:40Z</time><extensions><power>169</power></extensions></trkpt>
<trkpt lat="46.520623" lon="7.132080"><ele>619.0</ele><time>2026-06-01T06:13:44Z</time><extensions><power>169</power></extensions></trkpt>
<trkpt lat="46.520723" lon="7.132236"><ele>619.1</ele><time>2026-06-01T06:13:48Z</time><extensions><power>169</power></extensions></trkpt>
<trkpt lat="46.520823" lon="7.132392"><ele>619.2</ele><time>2026-06-01T06:13:52Z</time><extensions><power>169</power></extensions></trkpt>
<trkpt lat="46.520923" lon="7.132547"><ele>619.3</ele><time>2026-06-01T06:13:56Z</time><extensions><power>169</power></extensions></trkpt>
<trkpt lat="46.521023" lon="7.132703"><ele>619.4</ele><time>2026-06-01T06:14:00Z</time><extensions><power>170</power></extensions></trkpt>
<trkpt lat="46.521123" lon="7.132859"><ele>619.4</ele><time>2026-06-01T06:14:04Z</time><extensions><power>170</power></extensions></trkpt>
<trkpt lat="46.521224" lon="7.133014"><ele>619.5</ele><time>2026-06-01T06:14:08Z</time><extensions><power>171</power></extensions></trkpt>
<trkpt lat="46.521324" lon="7.133170"><ele>619.6</ele><time>2026-06-01T06:14:12Z</time><extensions><power>172</power></extensions></trkpt>
<trkpt lat="46.521424" lon="7.133326"><ele>619.7</ele><time>2026-06-01T06:14:16Z</time><extensions><power>174</power></extensions></trkpt>
<trkpt lat="46.521524" lon="7.133482"><ele>619.7</ele><time>2026-06-01T06:14:20Z</time><extensions><power>176</power></extensions></trkpt>
<trkpt lat="46.521624" lon="7.133637"><ele>619.8</ele><time>2026-06-01T06:14:24Z</time><extensions><power>178</power></extensions></trkpt>
<trkpt lat="46.521724" lon="7.133793"><ele>619.8</ele><time>2026-06-01T06:14:28Z</time><extensions><power>181</power></extensions></trkpt>
<trkpt lat="46.521824" lon="7.133949"><ele>619.9</ele><time>2026-06-01T06:14:32Z</time><extensions><power>185</power></extensions></trkpt>
<trkpt lat="46.521924" lon="7.134105"><ele>619.9</ele><time>2026-06-01T06:14:36Z</time><extensions><power>190</power></extensions></trkpt>
<trkpt lat="46.522024" lon="7.134260"><ele>619.9</ele><time>2026-06-01T06:14:40Z</time><extensions><power>196</power></extensions></trkpt>
<trkpt lat="46.522125" lon="7.134416"><ele>620.0</ele><time>2026-06-01T06:14:44Z</time><extensions><power>203</power></extensions></trkpt>
<trkpt lat="46.522225" lon="7.134572"><ele>620.0</ele><time>2026-06-01T06:14:48Z</time><extensions><power>211</power></extensions></trkpt>
<trkpt lat="46.522325" lon="7.134727"><ele>620.0</ele><time>2026-06-01T06:14:52Z</time><extensions><power>220</power></extensions></trkpt>
<trkpt lat="46.522425" lon="7.134883"><ele>620.0</ele><time>2026-06-01T06:14:56Z</time><extensions><power>231</power></extensions></trkpt>
<trkpt lat="46.522525" lon="7.135039"><ele>620.0</ele><time>2026-06-01T06:15:00Z</time><extensions><power>244</power></extensions></trkpt>
<trkpt lat="46.522625" lon="7.135195"><ele>620.0</ele><time>2026-06-01T06:15:04Z</time><extensions><power>258</power></extensions></trkpt>
<trkpt lat="46.522725" lon="7.135350"><ele>620.0</ele><time>2026-06-01T06:15:08Z</time><extensions><power>274</power></extensions></trkpt>
<trkpt lat="46.522825" lon="7.135506"><ele>620.0</ele><time>2026-06-01T06:15:12Z</time><extensions><power>291</power></extensions></trkpt>
<trkpt lat="46.522925" lon="7.135662"><ele>619.9</ele><time>2026-06-01T06:15:16Z</time><extensions><power>309</power></extensions></trkpt>
<trkpt lat="46.523026" lon="7.135818"><ele>619.9</ele><time>2026-06-01T06:15:20Z</time><extensions><power>329</power></extensions></trkpt>
<trkpt lat="46.523126" lon="7.135973"><ele>619.9</ele><time>2026-06-01T06:15:24Z</time><extensions><power>349</power></extensions></trkpt>
<trkpt lat="46.523226" lon="7.136129"><ele>619.8</ele><time>2026-06-01T06:15:28Z</time><extensions><power>370</power></extensions></trkpt>
<trkpt lat="46.523326" lon="7.136285"><ele>619.8</ele><time>2026-06-01T06:15:32Z</time><extensions><power>392</power></extensions></trkpt>
<trkpt lat="46.523426" lon="7.136440"><ele>619.7</ele><time>2026-06-01T06:15:36Z</time><extensions><power>413</power></extensions></trkpt>
<trkpt lat="46.523526" lon="7.136596"><ele>619.7</ele><time>2026-06-01T06:15:40Z</time><extensions><power>433</power></extensions></trkpt>
<trkpt lat="46.523626" lon="7.136752"><ele>619.6</ele><time>2026-06-01T06:15:44Z</time><extensions><power>452</power></extensions></trkpt>
<trkpt lat="46.523726" lon="7.136908"><ele>619.6</ele><time>2026-06-01T06:15:48Z</time><extensions><power>470</power></extensions></trkpt>
<trkpt lat="46.523826" lon="7.137063"><ele>619.5</ele><time>2026-06-01T06:15:52Z</time><extensions><power>486</power></extensions></trkpt>
<trkpt lat="46.523927" lon="7.137219"><ele>619.4</ele><time>2026-06-01T06:15:56Z</time><extensions><power>499</power></extensions></trkpt>
<trkpt lat="46.524027" lon="7.137375"><ele>619.3</ele><time>2026-06-01T06:16:00Z</time><extensions><power>510</power></extensions></trkpt>
<trkpt lat="46.524127" lon="7.137531"><ele>619.2</ele><time>2026-06-01T06:16:04Z</time><extensions><power>517</power></extensions></trkpt>
<trkpt lat="46.524227" lon="7.137686"><ele>619.1</ele><time>2026-06-01T06:16:08Z</time><extensions><power>521</power></extensions></trkpt>
<trkpt lat="46.524327" lon="7.137842"><ele>619.0</ele><time>2026-06-01T06:16:12Z</time><extensions><power>522</power></extensions></trkpt>
<trkpt lat="46.524427" lon="7.137998"><ele>618.9</ele><time>2026-06-01T06:16:16Z</time><extensions><power>519</power></extensions></trkpt>
<trkpt lat="46.524527" lon="7.138154"><ele>618.8</ele><time>2026-06-01T06:16:20Z</time><extensions><power>513</power></extensions></trkpt>
<trkpt lat="46.524627" lon="7.138309"><ele>618.7</ele><time>2026-06-01T06:16:24Z</time><extensions><power>503</power></extensions></trkpt>
<trkpt lat="46.524727" lon="7.138465"><ele>618.6</ele><time>2026-06-01T06:16:28Z</time><extensions><power>491</power></extensions></trkpt>
<trkpt lat="46.524828" lon="7.138621"><ele>618.4</ele><time>2026-06-01T06:16:32Z</time><extensions><power>476</power></extensions></trkpt>
<trkpt lat="46.524928" lon="7.138776"><ele>618.3</ele><time>2026-06-01T06:16:36Z</time><extensions><power>459</power></extensions></trkpt>
<trkpt lat="46.525028" lon="7.138932"><ele>618.1</ele><time>2026-06-01T06:16:40Z</time><extensions><power>440</power></extensions></trkpt>
<trkpt lat="46.525128" lon="7.139088"><ele>618.0</ele><time>2026-06-01T06:16:44Z</time><extensions><power>419</power></extensions></trkpt>
<trkpt lat="46.525228" lon="7.139244"><ele>617.8</ele><time>2026-06-01T06:16:48Z</time><extensions><power>398</power></extensions></trkpt>
<trkpt lat="46.525328" lon="7.139399"><ele>617.7</ele><time>2026-06-01T06:16:52Z</time><extensions><power>376</power></extensions></trkpt>
<trkpt lat="46.525428" lon="7.139555"><ele>617.5</ele><time>2026-06-01T06:16:56Z</time><extensions><power>355</power></extensions></trkpt>
<trkpt lat="46.525528" lon="7.139711"><ele>617.3</ele><time>2026-06-01T06:17:00Z</time><extensions><power>334</power></extensions></trkpt>
<trkpt lat="46.525628" lon="7.139867"><ele>617.1</ele><time>2026-06-01T06:17:04Z</time><extensions><power>313</power></extensions></trkpt>
<trkpt lat="46.525729" lon="7.140022"><ele>617.0</ele><time>2026-06-01T06:17:08Z</time><extensions><power>294</power></extensions></trkpt>
<trkpt lat="46.525829" lon="7.140178"><ele>616.8</ele><time>2026-06-01T06:17:12Z</time><extensions><power>276</power></extensions></trkpt>
<trkpt lat="46.525929" lon="7.140334"><ele>616.6</ele><time>2026-06-01T06:17:16Z</time><extensions><power>259</power></extensions></trkpt>
<trkpt lat="46.526029" lon="7.140489"><ele>616.4</ele><time>2026-06-01T06:17:20Z</time><extensions><power>244</power></extensions></trkpt>
<trkpt lat="46.526129" lon="7.140645"><ele>616.2</ele><time>2026-06-01T06:17:24Z</time><extensions><power>230</power></extensions></trkpt>
<trkpt lat="46.526229" lon="7.140801"><ele>616.0</ele><time>2026-06-01T06:17:28Z</time><extensions><power>218</power></extensions></trkpt>
<trkpt lat="46.526329" lon="7.140957"><ele>615.7</ele><time>2026-06-01T06:17:32Z</time><extensions><power>208</power></extensions></trkpt>
<trkpt lat="46.526429" lon="7.141112"><ele>615.5</ele><time>2026-06-01T06:17:36Z</time><extensions><power>199</power></extensions></trkpt>
<trkpt lat="46.526529" lon="7.141268"><ele>615.3</ele><time>2026-06-01T06:17:40Z</time><extensions><power>191</power></extensions></trkpt>
<trkpt lat="46.526630" lon="7.141424"><ele>615.0</ele><time>2026-06-01T06:17:44Z</time><extensions><power>184</power></extensions></trkpt>
<trkpt lat="46.526730" lon="7.141580"><ele>614.8</ele><time>2026-06-01T06:17:48Z</time><extensions><power>179</power></extensions></trkpt>
<trkpt lat="46.526830" lon="7.141735"><ele>614.6</ele><time>2026-06-01T06:17:52Z</time><extensions><power>174</power></extensions></trkpt>
<trkpt lat="46.526930" lon="7.141891"><ele>614.3</ele><time>2026-06-01T06:17:56Z</time><extensions><power>170</power></extensions></trkpt>
<trkpt lat="46.527030" lon="7.142047"><ele>614.0</ele><time>2026-06-01T06:18:00Z</time><extensions><power>167</power></extensions></trkpt>
<trkpt lat="46.527130" lon="7.142202"><ele>613.8</ele><time>2026-06-01T06:18:04Z</time><extensions><power>164</power></extensions></trkpt>
<trkpt lat="46.527230" lon="7.142358"><ele>613.5</ele><time>2026-06-01T06:18:08Z</time><extensions><power>162</power></extensions></trkpt>
<trkpt lat="46.527330" lon="7.142514"><ele>613.2</ele><time>2026-06-01T06:18:12Z</time><extensions><power>161</power></extensions></trkpt>
<trkpt lat="46.527430" lon="7.142670"><ele>613.0</ele><time>2026-06-01T06:18:16Z</time><extensions><power>160</power></extensions></trkpt>
<trkpt lat="46.527531" lon="7.142825"><ele>612.7</ele><time>2026-06-01T06:18:20Z</time><extensions><power>159</power></extensions></trkpt>
<trkpt lat="46.527631" lon="7.142981"><ele>612.4</ele><time>2026-06-01T06:18:24Z</time><extensions><power>158</power></extensions></trkpt>
<trkpt lat="46.527731" lon="7.143137"><ele>612.1</ele><time>2026-06-01T06:18:28Z</time><extensions><power>157</power></extensions></trkpt>
<trkpt lat="46.527831" lon="7.143293"><ele>611.8</ele><time>2026-06-01T06:18:32Z</time><extensions><power>157</power></extensions></trkpt>
<trkpt lat="46.527931" lon="7.143448"><ele>611.5</ele><time>2026-06-01T06:18:36Z</time><extensions><power>156</power></extensions></trkpt>
<trkpt lat="46.528031" lon="7.143604"><ele>611.2</ele><time>2026-06-01T06:18:40Z</time><extensions><power>156</power></extensions></trkpt>
<trkpt lat="46.528131" lon="7.143760"><ele>610.8</ele><time>2026-06-01T06:18:44Z</time><extensions><power>155</power></extensions></trkpt>
<trkpt lat="46.528231" lon="7.143915"><ele>610.5</ele><time>2026-06-01T06:18:48Z</time><extensions><power>155</power></extensions></trkpt>
<trkpt lat="46.528331" lon="7.144071"><ele>610.2</ele><time>2026-06-01T06:18:52Z</time><extensions><power>155</power></extensions></trkpt>
<trkpt lat="46.528432" lon="7.144227"><ele>609.9</ele><time>2026-06-01T06:18:56Z</time><extensions><power>155</power></extensions></trkpt>
<trkpt lat="46.528532" lon="7.144383"><ele>609.5</ele><time>2026-06-01T06:19:00Z</time><extensions><power>154</power></extensions></trkpt>
<trkpt lat="46.528632" lon="7.144538"><ele>609.2</ele><time>2026-06-01T06:19:04Z</time><extensions><power>154</power></extensions></trkpt>
<trkpt lat="46.528732" lon="7.144694"><ele>608.8</ele><time>2026-06-01T06:19:08Z</time><extensions><power>154</power></extensions></trkpt>
<trkpt lat="46.528832" lon="7.144850"><ele>608.5</ele><time>2026-06-01T06:19:12Z</time><extensions><power>154</power></extensions></trkpt>
<trkpt lat="46.528932" lon="7.145006"><ele>608.1</ele><time>2026-06-01T06:19:16Z</time><extensions><power>154</power></extensions></trkpt>
<trkpt lat="46.529032" lon="7.145161"><ele>607.7</ele><time>2026-06-01T06:19:20Z</time><extensions><power>154</power></extensions></trkpt>
<trkpt lat="46.529132" lon="7.145317"><ele>607.4</ele><time>2026-06-01T06:19:24Z</time><extensions><power>153</power></extensions></trkpt>
<trkpt lat="46.529232" lon="7.145473"><ele>607.0</ele><time>2026-06-01T06:19:28Z</time><extensions><power>153</power></extensions></trkpt>
<trkpt lat="46.529333" lon="7.145628"><ele>606.6</ele><time>2026-06-01T06:19:32Z</time><extensions><power>153</power></extensions></trkpt>
<trkpt lat="46.529433" lon="7.145784"><ele>606.2</ele><time>2026-06-01T06:19:36Z</time><extensions><power>153</power></extensions></trkpt>
<trkpt lat="46.529533" lon="7.145940"><ele>605.8</ele><time>2026-06-01T06:19:40Z</time><extensions><power>153</power></extensions></trkpt>
<trkpt lat="46.529633" lon="7.146096"><ele>605.4</ele><time>2026-06-01T06:19:44Z</time><extensions><power>153</power></extensions></trkpt>
<trkpt lat="46.529733" lon="7.146251"><ele>605.0</ele><time>2026-06-01T06:19:48Z</time><extensions><power>152</power></extensions></trkpt>
<trkpt lat="46.529833" lon="7.146407"><ele>604.6</ele><time>2026-06-01T06:19:52Z</time><extensions><power>152</power></extensions></trkpt>
<trkpt lat="46.529933" lon="7.146563"><ele>604.2</ele><time>2026-06-01T06:19:56Z</time><extensions><power>152</power></extensions></trkpt>
<trkpt lat="46.530033" lon="7.146719"><ele>603.8</ele><time>2026-06-01T06:20:00Z</time><extensions><power>152</power></extensions></trkpt>
<trkpt lat="46.530133" lon="7.146874"><ele>603.4</ele><time>2026-06-01T06:20:04Z</time><extensions><power>152</power></extensions></trkpt>
<trkpt lat="46.530234" lon="7.147030"><ele>602.9</ele><time>2026-06-01T06:20:08Z</time><extensions><power>152</power></extensions></trkpt>
<trkpt lat="46.530334" lon="7.147186"><ele>602.5</ele><time>2026-06-01T06:20:12Z</time><extensions><power>151</power></extensions></trkpt>
<trkpt lat="46.530434" lon="7.147341"><ele>602.1</ele><time>2026-06-01T06:20:16Z</time><extensions><power>151</power></extensions></trkpt>
<trkpt lat="46.530534" lon="7.147497"><ele>601.6</ele><time>2026-06-01T06:20:20Z</time><extensions><power>151</power></extensions></trkpt>
<trkpt lat="46.530634" lon="7.147653"><ele>601.2</ele><time>2026-06-01T06:20:24Z</time><extensions><power>151</power></extensions></trkpt>
<trkpt lat="46.530734" lon="7.147809"><ele>600.7</ele><time>2026-06-01T06:20:28Z</time><extensions><power>151</power></extensions></trkpt>
<trkpt lat="46.530834" lon="7.147964"><ele>600.3</ele><time>2026-06-01T06:20:32Z</time><extensions><power>151</power></extensions></trkpt>
<trkpt lat="46.530934" lon="7.148120"><ele>599.8</ele><time>2026-06-01T06:20:36Z</time><extensions><power>151</power></extensions></trkpt>
<trkpt lat="46.531034" lon="7.148276"><ele>599.3</ele><time>2026-06-01T06:20:40Z</time><extensions><power>150</power></extensions></trkpt>
<trkpt lat="46.531135" lon="7.148432"><ele>598.8</ele><time>2026-06-01T06:20:44Z</time><extensions><power>150</power></extensions></trkpt>
<trkpt lat="46.531235" lon="7.148587"><ele>598.4</ele><time>2026-06-01T06:20:48Z</time><extensions><power>150</power></extensions></trkpt>
<trkpt lat="46.531335" lon="7.148743"><ele>597.9</ele><time>2026-06-01T06:20:52Z</time><extensions><power>150</power></extensions></trkpt>
<trkpt lat="46.531435" lon="7.148899"><ele>597.4</ele><time>2026-06-01T06:20:56Z</time><extensions><power>150</power></extensions></trkpt>
<trkpt lat="46.531535" lon="7.149055"><ele>596.9</ele><time>2026-06-01T06:21:00Z</time><extensions><power>150</power></extensions></trkpt>
<trkpt lat="46.531635" lon="7.149210"><ele>596.4</ele><time>2026-06-01T06:21:04Z</time><extensions><power>150</power></extensions></trkpt>
<trkpt lat="46.531735" lon="7.149366"><ele>595.9</ele><time>2026-06-01T06:21:08Z</time><extensions><power>149</power></extensions></trkpt>
<trkpt lat="46.531835" lon="7.149522"><ele>595.4</ele><time>2026-06-01T06:21:12Z</time><extensions><power>149</power></extensions></trkpt>
<trkpt lat="46.531935" lon="7.149677"><ele>594.9</ele><time>2026-06-01T06:21:16Z</time><extensions><power>149</power></extensions></trkpt>
<trkpt lat="46.532036" lon="7.149833"><ele>594.4</ele><time>2026-06-01T06:21:20Z</time><extensions><power>149</power></extensions></trkpt>
<trkpt lat="46.532136" lon="7.149989"><ele>593.9</ele><time>2026-06-01T06:21:24Z</time><extensions><power>149</power></extensions></trkpt>
<trkpt lat="46.532236" lon="7.150145"><ele>593.3</ele><time>2026-06-01T06:21:28Z</time><extensions><power>149</power></extensions></trkpt>
<trkpt lat="46.532336" lon="7.150300"><ele>592.8</ele><time>2026-06-01T06:21:32Z</time><extensions><power>149</power></extensions></trkpt>
<trkpt lat="46.532436" lon="7.150456"><ele>592.3</ele><time>2026-06-01T06:21:36Z</time><extensions><power>149</power></extensions></trkpt>
<trkpt lat="46.532536" lon="7.150612"><ele>591.7</ele><time>2026-06-01T06:21:40Z</time><extensions><power>148</power></extensions></trkpt>
<trkpt lat="46.532636" lon="7.150768"><ele>591.2</ele><time>2026-06-01T06:21:44Z</time><extensions><power>148</power></extensions></trkpt>
<trkpt lat="46.532736" lon="7.150923"><ele>590.6</ele><time>2026-06-01T06:21:48Z</time><extensions><power>148</power></extensions></trkpt>
<trkpt lat="46.532836" lon="7.151079"><ele>590.1</ele><time>2026-06-01T06:21:52Z</time><extensions><power>148</power></extensions></trkpt>
<trkpt lat="46.532937" lon="7.151235"><ele>589.5</ele><time>2026-06-01T06:21:56Z</time><extensions><power>148</power></extensions></trkpt>
<trkpt lat="46.533037" lon="7.151390"><ele>589.0</ele><time>2026-06-01T06:22:00Z</time><extensions><power>148</power></extensions></trkpt>
<trkpt lat="46.533137" lon="7.151546"><ele>588.4</ele><time>2026-06-01T06:22:04Z</time><extensions><power>148</power></extensions></trkpt>
<trkpt lat="46.533237" lon="7.151702"><ele>587.8</ele><time>2026-06-01T06:22:08Z</time><extensions><power>148</power></extensions></trkpt>
<trkpt lat="46.533337" lon="7.151858"><ele>587.3</ele><time>2026-06-01T06:22:12Z</time><extensions><power>147</power></extensions></trkpt>
<trkpt lat="46.533437" lon="7.152013"><ele>586.7</ele><time>2026-06-01T06:22:16Z</time><extensions><power>147</power></extensions></trkpt>
<trkpt lat="46.533537" lon="7.152169"><ele>586.1</ele><time>2026-06-01T06:22:20Z</time><extensions><power>147</power></extensions></trkpt>
<trkpt lat="46.533637" lon="7.152325"><ele>585.5</ele><time>2026-06-01T06:22:24Z</time><extensions><power>147</power></extensions></trkpt>
<trkpt lat="46.533737" lon="7.152481"><ele>584.9</ele><time>2026-06-01T06:22:28Z</time><extensions><power>147</power></extensions></trkpt>
<trkpt lat="46.533838" lon="7.152636"><ele>584.3</ele><time>2026-06-01T06:22:32Z</time><extensions><power>147</power></extensions></trkpt>
<trkpt lat="46.533938" lon="7.152792"><ele>583.7</ele><time>2026-06-01T06:22:36Z</time><extensions><power>147</power></extensions></trkpt>
<trkpt lat="46.534038" lon="7.152948"><ele>583.1</ele><time>2026-06-01T06:22:40Z</time><extensions><power>147</power></extensions></trkpt>
<trkpt lat="46.534138" lon="7.153103"><ele>582.5</ele><time>2026-06-01T06:22:44Z</time><extensions><power>147</power></extensions></trkpt>
<trkpt lat="46.534238" lon="7.153259"><ele>581.9</ele><time>2026-06-01T06:22:48Z</time><extensions><power>147</power></extensions></trkpt>
<trkpt lat="46.534338" lon="7.153415"><ele>581.3</ele><time>2026-06-01T06:22:52Z</time><extensions><power>148</power></extensions></trkpt>
<trkpt lat="46.534438" lon="7.153571"><ele>580.7</ele><time>2026-06-01T06:22:56Z</time><extensions><power>148</power></extensions></trkpt>
<trkpt lat="46.534538" lon="7.153726"><ele>580.1</ele><time>2026-06-01T06:23:00Z</time><extensions><power>148</power></extensions></trkpt>
<trkpt lat="46.534638" lon="7.153882"><ele>579.4</ele><time>2026-06-01T06:23:04Z</time><extensions><power>149</power></extensions></trkpt>
<trkpt lat="46.534739" lon="7.154038"><ele>578.8</ele><time>2026-06-01T06:23:08Z</time><extensions><power>150</power></extensions></trkpt>
<trkpt lat="46.534839" lon="7.154194"><ele>578.2</ele><time>2026-06-01T06:23:12Z</time><extensions><power>151</power></extensions></trkpt>
<trkpt lat="46.534939" lon="7.154349"><ele>577.5</ele><time>2026-06-01T06:23:16Z</time><extensions><power>153</power></extensions></trkpt>
<trkpt lat="46.535039" lon="7.154505"><ele>576.9</ele><time>2026-06-01T06:23:20Z</time><extensions><power>155</power></extensions></trkpt>
<trkpt lat="46.535139" lon="7.154661"><ele>576.2</ele><time>2026-06-01T06:23:24Z</time><extensions><power>158</power></extensions></trkpt>
<trkpt lat="46.535239" lon="7.154816"><ele>575.6</ele><time>2026-06-01T06:23:28Z</time><extensions><power>161</power></extensions></trkpt>
<trkpt lat="46.535339" lon="7.154972"><ele>574.9</ele><time>2026-06-01T06:23:32Z</time><extensions><power>165</power></extensions></trkpt>
<trkpt lat="46.535439" lon="7.155128"><ele>574.3</ele><time>2026-06-01T06:23:36Z</time><extensions><power>170</power></extensions></trkpt>
<trkpt lat="46.535539" lon="7.155284"><ele>573.6</ele><time>2026-06-01T06:23:40Z</time><extensions><power>176</power></extensions></trkpt>
<trkpt lat="46.535640" lon="7.155439"><ele>573.0</ele><time>2026-06-01T06:23:44Z</time><extensions><power>183</power></extensions></trkpt>
<trkpt lat="46.535740" lon="7.155595"><ele>572.3</ele><time>2026-06-01T06:23:48Z</time><extensions><power>192</power></extensions></trkpt>
<trkpt lat="46.535840" lon="7.155751"><ele>571.6</ele><time>2026-06-01T06:23:52Z</time><extensions><power>202</power></extensions></trkpt>
<trkpt lat="46.535940" lon="7.155907"><ele>570.9</ele><time>2026-06-01T06:23:56Z</time><extensions><power>213</power></extensions></trkpt>
<trkpt lat="46.536040" lon="7.156062"><ele>570.3</ele><time>2026-06-01T06:24:00Z</time><extensions><power>226</power></extensions></trkpt>
<trkpt lat="46.536140" lon="7.156218"><ele>569.6</ele><time>2026-06-01T06:24:04Z</time><extensions><power>240</power></extensions></trkpt>
<trkpt lat="46.536240" lon="7.156374"><ele>568.9</ele><time>2026-06-01T06:24:08Z</time><extensions><power>256</power></extensions></trkpt>
<trkpt lat="46.536340" lon="7.156529"><ele>568.2</ele><time>2026-06-01T06:24:12Z</time><extensions><power>274</power></extensions></trkpt>
<trkpt lat="46.536440" lon="7.156685"><ele>567.5</ele><time>2026-06-01T06:24:16Z</time><extensions><power>293</power></extensions></trkpt>
<trkpt lat="46.536541" lon="7.156841"><ele>566.8</ele><time>2026-06-01T06:24:20Z</time><extensions><power>312</power></extensions></trkpt>
<trkpt lat="46.536641" lon="7.156997"><ele>566.1</ele><time>2026-06-01T06:24:24Z</time><extensions><power>333</power></extensions></trkpt>
<trkpt lat="46.536741" lon="7.157152"><ele>565.4</ele><time>2026-06-01T06:24:28Z</time><extensions><power>354</power></extensions></trkpt>
<trkpt lat="46.536841" lon="7.157308"><ele>564.7</ele><time>2026-06-01T06:24:32Z</time><extensions><power>376</power></extensions></trkpt>
<trkpt lat="46.536941" lon="7.157464"><ele>564.0</ele><time>2026-06-01T06:24:36Z</time><extensions><power>397</power></extensions></trkpt>
<trkpt lat="46.537041" lon="7.157620"><ele>563.3</ele><time>2026-06-01T06:24:40Z</time><extensions><power>417</power></extensions></trkpt>
<trkpt lat="46.537141" lon="7.157775"><ele>562.6</ele><time>2026-06-01T06:24:44Z</time><extensions><power>437</power></extensions></trkpt>
<trkpt lat="46.537241" lon="7.157931"><ele>561.9</ele><time>2026-06-01T06:24:48Z</time><extensions><power>454</power></extensions></trkpt>
<trkpt lat="46.537341" lon="7.158087"><ele>561.1</ele><time>2026-06-01T06:24:52Z</time><extensions><power>470</power></extensions></trkpt>
<trkpt lat="46.537442" lon="7.158242"><ele>560.4</ele><time>2026-06-01T06:24:56Z</time><extensions><power>483</power></extensions></trkpt>
<trkpt lat="46.537542" lon="7.158398"><ele>559.7</ele><time>2026-06-01T06:25:00Z</time><extensions><power>493</power></extensions></trkpt>
<trkpt lat="46.537642" lon="7.158554"><ele>559.0</ele><time>2026-06-01T06:25:04Z</time><extensions><power>500</power></extensions></trkpt>
<trkpt lat="46.537742" lon="7.158710"><ele>558.2</ele><time>2026-06-01T06:25:08Z</time><extensions><power>504</power></extensions></trkpt>
<trkpt lat="46.537842" lon="7.158865"><ele>557.5</ele><time>2026-06-01T06:25:12Z</time><extensions><power>504</power></extensions></trkpt>
<trkpt lat="46.537942" lon="7.159021"><ele>556.8</ele><time>2026-06-01T06:25:16Z</time><extensions><power>501</power></extensions></trkpt>
<trkpt lat="46.538042" lon="7.159177"><ele>556.0</ele><time>2026-06-01T06:25:20Z</time><extensions><power>494</power></extensions></trkpt>
<trkpt lat="46.538142" lon="7.159333"><ele>555.3</ele><time>2026-06-01T06:25:24Z</time><extensions><power>485</power></extensions></trkpt>
<trkpt lat="46.538242" lon="7.159488"><ele>554.5</ele><time>2026-06-01T06:25:28Z</time><extensions><power>472</power></extensions></trkpt>
<trkpt lat="46.538343" lon="7.159644"><ele>553.8</ele><time>2026-06-01T06:25:32Z</time><extensions><power>457</power></extensions></trkpt>
<trkpt lat="46.538443" lon="7.159800"><ele>553.0</ele><time>2026-06-01T06:25:36Z</time><extensions><power>439</power></extensions></trkpt>
<trkpt lat="46.538543" lon="7.159956"><ele>552.3</ele><time>2026-06-01T06:25:40Z</time><extensions><power>420</power></extensions></trkpt>
<trkpt lat="46.538643" lon="7.160111"><ele>551.5</ele><time>2026-06-01T06:25:44Z</time><extensions><power>400</power></extensions></trkpt>
<trkpt lat="46.538743" lon="7.160267"><ele>550.8</ele><time>2026-06-01T06:25:48Z</time><extensions><power>379</power></extensions></trkpt>
<trkpt lat="46.538843" lon="7.160423"><ele>550.0</ele><time>2026-06-01T06:25:52Z</time><extensions><power>358</power></extensions></trkpt>
<trkpt lat="46.538943" lon="7.160578"><ele>549.2</ele><time>2026-06-01T06:25:56Z</time><extensions><power>336</power></extensions></trkpt>
<trkpt lat="46.539043" lon="7.160734"><ele>548.5</ele><time>2026-06-01T06:26:00Z</time><extensions><power>315</power></extensions></trkpt>
<trkpt lat="46.539143" lon="7.160890"><ele>547.7</ele><time>2026-06-01T06:26:04Z</time><extensions><power>295</power></extensions></trkpt>
<trkpt lat="46.539244" lon="7.161046"><ele>546.9</ele><time>2026-06-01T06:26:08Z</time><extensions><power>276</power></extensions></trkpt>
<trkpt lat="46.539344" lon="7.161201"><ele>546.2</ele><time>2026-06-01T06:26:12Z</time><extensions><power>259</power></extensions></trkpt>
<trkpt lat="46.539444" lon="7.161357"><ele>545.4</ele><time>2026-06-01T06:26:16Z</time><extensions><power>242</power></extensions></trkpt>
<trkpt lat="46.539544" lon="7.161513"><ele>544.6</ele><time>2026-06-01T06:26:20Z</time><extensions><power>228</power></extensions></trkpt>
<trkpt lat="46.539644" lon="7.161669"><ele>543.8</ele><time>2026-06-01T06:26:24Z</time><extensions><power>214</power></extensions></trkpt>
<trkpt lat="46.539744" lon="7.161824"><ele>543.0</ele><time>2026-06-01T06:26:28Z</time><extensions><power>203</power></extensions></trkpt>
<trkpt lat="46.539844" lon="7.161980"><ele>542.3</ele><time>2026-06-01T06:26:32Z</time><extensions><power>193</power></extensions></trkpt>
<trkpt lat="46.539944" lon="7.162136"><ele>541.5</ele><time>2026-06-01T06:26:36Z</time><extensions><power>184</power></extensions></trkpt>
<trkpt lat="46.540044" lon="7.162291"><ele>540.7</ele><time>2026-06-01T06:26:40Z</time><extensions><power>176</power></extensions></trkpt>
<trkpt lat="46.540145" lon="7.162447"><ele>539.9</ele><time>2026-06-01T06:26:44Z</time><extensions><power>170</power></extensions></trkpt>
<trkpt lat="46.540245" lon="7.162603"><ele>539.1</ele><time>2026-06-01T06:26:48Z</time><extensions><power>165</power></extensions></trkpt>
<trkpt lat="46.540345" lon="7.162759"><ele>538.3</ele><time>2026-06-01T06:26:52Z</time><extensions><power>161</power></extensions></trkpt>
<trkpt lat="46.540445" lon="7.162914"><ele>537.5</ele><time>2026-06-01T06:26:56Z</time><extensions><power>157</power></extensions></trkpt>
<trkpt lat="46.540545" lon="7.163070"><ele>536.7</ele><time>2026-06-01T06:27:00Z</time><extensions><power>154</power></extensions></trkpt>
<trkpt lat="46.540645" lon="7.163226"><ele>535.9</ele><time>2026-06-01T06:27:04Z</time><extensions><power>152</power></extensions></trkpt>
<trkpt lat="46.540745" lon="7.163382"><ele>535.1</ele><time>2026-06-01T06:27:08Z</time><extensions><power>151</power></extensions></trkpt>
<trkpt lat="46.540845" lon="7.163537"><ele>534.3</ele><time>2026-06-01T06:27:12Z</time><extensions><power>149</power></extensions></trkpt>
<trkpt lat="46.540945" lon="7.163693"><ele>533.5</ele><time>2026-06-01T06:27:16Z</time><extensions><power>148</power></extensions></trkpt>
<trkpt lat="46.541046" lon="7.163849"><ele>532.7</ele><time>2026-06-01T06:27:20Z</time><extensions><power>147</power></extensions></trkpt>
<trkpt lat="46.541146" lon="7.164004"><ele>531.9</ele><time>2026-06-01T06:27:24Z</time><extensions><power>147</power></extensions></trkpt>
<trkpt lat="46.541246" lon="7.164160"><ele>531.1</ele><time>2026-06-01T06:27:28Z</time><extensions><power>146</power></extensions></trkpt>
<trkpt lat="46.541346" lon="7.164316"><ele>530.3</ele><time>2026-06-01T06:27:32Z</time><extensions><power>146</power></extensions></trkpt>
<trkpt lat="46.541446" lon="7.164472"><ele>529.5</ele><time>2026-06-01T06:27:36Z</time><extensions><power>146</power></extensions></trkpt>
<trkpt lat="46.541546" lon="7.164627"><ele>528.7</ele><time>2026-06-01T06:27:40Z</time><extensions><power>146</power></extensions></trkpt>
<trkpt lat="46.541646" lon="7.164783"><ele>527.8</ele><time>2026-06-01T06:27:44Z</time><extensions><power>146</power></extensions></trkpt>
<trkpt lat="46.541746" lon="7.164939"><ele>527.0</ele><time>2026-06-01T06:27:48Z</time><extensions><power>146</power></extensions></trkpt>
<trkpt lat="46.541846" lon="7.165095"><ele>526.2</ele><time>2026-06-01T06:27:52Z</time><extensions><power>146</power></extensions></trkpt>
<trkpt lat="46.541947" lon="7.165250"><ele>525.4</ele><time>2026-06-01T06:27:56Z</time><extensions><power>146</power></extensions></trkpt>
<trkpt lat="46.542047" lon="7.165406"><ele>524.6</ele><time>2026-06-01T06:28:00Z</time><extensions><power>146</power></extensions></trkpt>
<trkpt lat="46.542147" lon="7.165562"><ele>523.7</ele><time>2026-06-01T06:28:04Z</time><extensions><power>146</power></extensions></trkpt>
<trkpt lat="46.542247" lon="7.165717"><ele>522.9</ele><time>2026-06-01T06:28:08Z</time><extensions><power>146</power></extensions></trkpt>
<trkpt lat="46.542347" lon="7.165873"><ele>522.1</ele><time>2026-06-01T06:28:12Z</time><extensions><power>146</power></extensions></trkpt>
<trkpt lat="46.542447" lon="7.166029"><ele>521.3</ele><time>2026-06-01T06:28:16Z</time><extensions><power>146</power></extensions></trkpt>
<trkpt lat="46.542547" lon="7.166185"><ele>520.4</ele><time>2026-06-01T06:28:20Z</time><extensions><power>146</power></extensions></trkpt>
<trkpt lat="46.542647" lon="7.166340"><ele>519.6</ele><time>2026-06-01T06:28:24Z</time><extensions><power>146</power></extensions></trkpt>
<trkpt lat="46.542747" lon="7.166496"><ele>518.8</ele><time>2026-06-01T06:28:28Z</time><extensions><power>146</power></extensions></trkpt>
<trkpt lat="46.542848" lon="7.166652"><ele>518.0</ele><time>2026-06-01T06:28:32Z</time><extensions><power>147</power></extensions></trkpt>
<trkpt lat="46.542948" lon="7.166808"><ele>517.1</ele><time>2026-06-01T06:28:36Z</time><extensions><power>147</power></extensions></trkpt>
<trkpt lat="46.543048" lon="7.166963"><ele>516.3</ele><time>2026-06-01T06:28:40Z</time><extensions><power>147</power></extensions></trkpt>
<trkpt lat="46.543148" lon="7.167119"><ele>515.5</ele><time>2026-06-01T06:28:44Z</time><extensions><power>147</power></extensions></trkpt>
<trkpt lat="46.543248" lon="7.167275"><ele>514.6</ele><time>2026-06-01T06:28:48Z</time><extensions><power>147</power></extensions></trkpt>
<trkpt lat="46.543348" lon="7.167430"><ele>513.8</ele><time>2026-06-01T06:28:52Z</time><extensions><power>147</power></extensions></trkpt>
<trkpt lat="46.543448" lon="7.167586"><ele>513.0</ele><time>2026-06-01T06:28:56Z</time><extensions><power>147</power></extensions></trkpt>
<trkpt lat="46.543548" lon="7.167742"><ele>512.1</ele><time>2026-06-01T06:29:00Z</time><extensions><power>147</power></extensions></trkpt>
<trkpt lat="46.543648" lon="7.167898"><ele>511.3</ele><time>2026-06-01T06:29:04Z</time><extensions><power>147</power></extensions></trkpt>
<trkpt lat="46.543749" lon="7.168053"><ele>510.5</ele><time>2026-06-01T06:29:08Z</time><extensions><power>147</power></extensions></trkpt>
<trkpt lat="46.543849" lon="7.168209"><ele>509.6</ele><time>2026-06-01T06:29:12Z</time><extensions><power>148</power></extensions></trkpt>
<trkpt lat="46.543949" lon="7.168365"><ele>508.8</ele><time>2026-06-01T06:29:16Z</time><extensions><power>148</power></extensions></trkpt>
<trkpt lat="46.544049" lon="7.168521"><ele>508.0</ele><time>2026-06-01T06:29:20Z</time><extensions><power>148</power></extensions></trkpt>
<trkpt lat="46.544149" lon="7.168676"><ele>507.1</ele><time>2026-06-01T06:29:24Z</time><extensions><power>148</power></extensions></trkpt>
<trkpt lat="46.544249" lon="7.168832"><ele>506.3</ele><time>2026-06-01T06:29:28Z</time><extensions><power>148</power></extensions></trkpt>
<trkpt lat="46.544349" lon="7.168988"><ele>505.4</ele><time>2026-06-01T06:29:32Z</time><extensions><power>148</power></extensions></trkpt>
<trkpt lat="46.544449" lon="7.169143"><ele>504.6</ele><time>2026-06-01T06:29:36Z</time><extensions><power>148</power></extensions></trkpt>
<trkpt lat="46.544549" lon="7.169299"><ele>503.8</ele><time>2026-06-01T06:29:40Z</time><extensions><power>148</power></extensions></trkpt>
<trkpt lat="46.544650" lon="7.169455"><ele>502.9</ele><time>2026-06-01T06:29:44Z</time><extensions><power>148</power></extensions></trkpt>
<trkpt lat="46.544750" lon="7.169611"><ele>502.1</ele><time>2026-06-01T06:29:48Z</time><extensions><power>149</power></extensions></trkpt>
<trkpt lat="46.544850" lon="7.169766"><ele>501.3</ele><time>2026-06-01T06:29:52Z</time><extensions><power>149</power></extensions></trkpt>
<trkpt lat="46.544950" lon="7.169922"><ele>500.4</ele><time>2026-06-01T06:29:56Z</time><extensions><power>149</power></extensions></trkpt>
<trkpt lat="46.545050" lon="7.170078"><ele>499.6</ele><time>2026-06-01T06:30:00Z</time><extensions><power>149</power></extensions></trkpt>
<trkpt lat="46.545150" lon="7.170234"><ele>498.7</ele><time>2026-06-01T06:30:04Z</time><extensions><power>149</power></extensions></trkpt>
<trkpt lat="46.545250" lon="7.170389"><ele>497.9</ele><time>2026-06-01T06:30:08Z</time><extensions><power>149</power></extensions></trkpt>
<trkpt lat="46.545350" lon="7.170545"><ele>497.1</ele><time>2026-06-01T06:30:12Z</time><extensions><power>149</power></extensions></trkpt>
<trkpt lat="46.545451" lon="7.170701"><ele>496.2</ele><time>2026-06-01T06:30:16Z</time><extensions><power>150</power></extensions></trkpt>
<trkpt lat="46.545551" lon="7.170857"><ele>495.4</ele><time>2026-06-01T06:30:20Z</time><extensions><power>150</power></extensions></trkpt>
<trkpt lat="46.545651" lon="7.171012"><ele>494.6</ele><time>2026-06-01T06:30:24Z</time><extensions><power>150</power></extensions></trkpt>
<trkpt lat="46.545751" lon="7.171168"><ele>493.7</ele><time>2026-06-01T06:30:28Z</time><extensions><power>150</power></extensions></trkpt>
<trkpt lat="46.545851" lon="7.171324"><ele>492.9</ele><time>2026-06-01T06:30:32Z</time><extensions><power>150</power></extensions></trkpt>
<trkpt lat="46.545951" lon="7.171479"><ele>492.0</ele><time>2026-06-01T06:30:36Z</time><extensions><power>150</power></extensions></trkpt>
<trkpt lat="46.546051" lon="7.171635"><ele>491.2</ele><time>2026-06-01T06:30:40Z</time><extensions><power>150</power></extensions></trkpt>
<trkpt lat="46.546151" lon="7.171791"><ele>490.4</ele><time>2026-06-01T06:30:44Z</time><extensions><power>151</power></extensions></trkpt>
<trkpt lat="46.546251" lon="7.171947"><ele>489.5</ele><time>2026-06-01T06:30:48Z</time><extensions><power>151</power></extensions></trkpt>
<trkpt lat="46.546352" lon="7.172102"><ele>488.7</ele><time>2026-06-01T06:30:52Z</time><extensions><power>151</power></extensions></trkpt>
<trkpt lat="46.546452" lon="7.172258"><ele>487.9</ele><time>2026-06-01T06:30:56Z</time><extensions><power>151</power></extensions></trkpt>
<trkpt lat="46.546552" lon="7.172414"><ele>487.0</ele><time>2026-06-01T06:31:00Z</time><extensions><power>151</power></extensions></trkpt>
<trkpt lat="46.546652" lon="7.172570"><ele>486.2</ele><time>2026-06-01T06:31:04Z</time><extensions><power>151</power></extensions></trkpt>
<trkpt lat="46.546752" lon="7.172725"><ele>485.4</ele><time>2026-06-01T06:31:08Z</time><extensions><power>151</power></extensions></trkpt>
<trkpt lat="46.546852" lon="7.172881"><ele>484.5</ele><time>2026-06-01T06:31:12Z</time><extensions><power>152</power></extensions></trkpt>
<trkpt lat="46.546952" lon="7.173037"><ele>483.7</ele><time>2026-06-01T06:31:16Z</time><extensions><power>152</power></extensions></trkpt>
<trkpt lat="46.547052" lon="7.173192"><ele>482.9</ele><time>2026-06-01T06:31:20Z</time><extensions><power>152</power></extensions></trkpt>
<trkpt lat="46.547152" lon="7.173348"><ele>482.0</ele><time>2026-06-01T06:31:24Z</time><extensions><power>152</power></extensions></trkpt>
<trkpt lat="46.547253" lon="7.173504"><ele>481.2</ele><time>2026-06-01T06:31:28Z</time><extensions><power>152</power></extensions></trkpt>
<trkpt lat="46.547353" lon="7.173660"><ele>480.4</ele><time>2026-06-01T06:31:32Z</time><extensions><power>153</power></extensions></trkpt>
<trkpt lat="46.547453" lon="7.173815"><ele>479.6</ele><time>2026-06-01T06:31:36Z</time><extensions><power>153</power></extensions></trkpt>
<trkpt lat="46.547553" lon="7.173971"><ele>478.7</ele><time>2026-06-01T06:31:40Z</time><extensions><power>153</power></extensions></trkpt>
<trkpt lat="46.547653" lon="7.174127"><ele>477.9</ele><time>2026-06-01T06:31:44Z</time><extensions><power>153</power></extensions></trkpt>
<trkpt lat="46.547753" lon="7.174283"><ele>477.1</ele><time>2026-06-01T06:31:48Z</time><extensions><power>154</power></extensions></trkpt>
<trkpt lat="46.547853" lon="7.174438"><ele>476.3</ele><time>2026-06-01T06:31:52Z</time><extensions><power>154</power></extensions></trkpt>
<trkpt lat="46.547953" lon="7.174594"><ele>475.4</ele><time>2026-06-01T06:31:56Z</time><extensions><power>155</power></extensions></trkpt>
<trkpt lat="46.548053" lon="7.174750"><ele>474.6</ele><time>2026-06-01T06:32:00Z</time><extensions><power>156</power></extensions></trkpt>
<trkpt lat="46.548154" lon="7.174905"><ele>473.8</ele><time>2026-06-01T06:32:04Z</time><extensions><power>157</power></extensions></trkpt>
<trkpt lat="46.548254" lon="7.175061"><ele>473.0</ele><time>2026-06-01T06:32:08Z</time><extensions><power>158</power></extensions></trkpt>
<trkpt lat="46.548354" lon="7.175217"><ele>472.2</ele><time>2026-06-01T06:32:12Z</time><extensions><power>160</power></extensions></trkpt>
<trkpt lat="46.548454" lon="7.175373"><ele>471.3</ele><time>2026-06-01T06:32:16Z</time><extensions><power>161</power></extensions></trkpt>
<trkpt lat="46.548554" lon="7.175528"><ele>470.5</ele><time>2026-06-01T06:32:20Z</time><extensions><power>164</power></extensions></trkpt>
<trkpt lat="46.548654" lon="7.175684"><ele>469.7</ele><time>2026-06-01T06:32:24Z</time><extensions><power>167</power></extensions></trkpt>
<trkpt lat="46.548754" lon="7.175840"><ele>468.9</ele><time>2026-06-01T06:32:28Z</time><extensions><power>171</power></extensions></trkpt>
<trkpt lat="46.548854" lon="7.175996"><ele>468.1</ele><time>2026-06-01T06:32:32Z</time><extensions><power>175</power></extensions></trkpt>
<trkpt lat="46.548954" lon="7.176151"><ele>467.3</ele><time>2026-06-01T06:32:36Z</time><extensions><power>180</power></extensions></trkpt>
<trkpt lat="46.549055" lon="7.176307"><ele>466.5</ele><time>2026-06-01T06:32:40Z</time><extensions><power>187</power></extensions></trkpt>
<trkpt lat="46.549155" lon="7.176463"><ele>465.7</ele><time>2026-06-01T06:32:44Z</time><extensions><power>195</power></extensions></trkpt>
<trkpt lat="46.549255" lon="7.176618"><ele>464.9</ele><time>2026-06-01T06:32:48Z</time><extensions><power>203</power></extensions></trkpt>
<trkpt lat="46.549355" lon="7.176774"><ele>464.1</ele><time>2026-06-01T06:32:52Z</time><extensions><power>214</power></extensions></trkpt>
<trkpt lat="46.549455" lon="7.176930"><ele>463.3</ele><time>2026-06-01T06:32:56Z</time><extensions><power>226</power></extensions></trkpt>
<trkpt lat="46.549555" lon="7.177086"><ele>462.5</ele><time>2026-06-01T06:33:00Z</time><extensions><power>239</power></extensions></trkpt>
<trkpt lat="46.549655" lon="7.177241"><ele>461.7</ele><time>2026-06-01T06:33:04Z</time><extensions><power>254</power></extensions></trkpt>
<trkpt lat="46.549755" lon="7.177397"><ele>460.9</ele><time>2026-06-01T06:33:08Z</time><extensions><power>270</power></extensions></trkpt>
<trkpt lat="46.549855" lon="7.177553"><ele>460.1</ele><time>2026-06-01T06:33:12Z</time><extensions><power>288</power></extensions></trkpt>
<trkpt lat="46.549956" lon="7.177709"><ele>459.3</ele><time>2026-06-01T06:33:16Z</time><extensions><power>307</power></extensions></trkpt>
<trkpt lat="46.550056" lon="7.177864"><ele>458.5</ele><time>2026-06-01T06:33:20Z</time><extensions><power>328</power></extensions></trkpt>
<trkpt lat="46.550156" lon="7.178020"><ele>457.7</ele><time>2026-06-01T06:33:24Z</time><extensions><power>349</power></extensions></trkpt>
<trkpt lat="46.550256" lon="7.178176"><ele>457.0</ele><time>2026-06-01T06:33:28Z</time><extensions><power>370</power></extensions></trkpt>
<trkpt lat="46.550356" lon="7.178331"><ele>456.2</ele><time>2026-06-01T06:33:32Z</time><extensions><power>392</power></extensions></trkpt>
<trkpt lat="46.550456" lon="7.178487"><ele>455.4</ele><time>2026-06-01T06:33:36Z</time><extensions><power>413</power></extensions></trkpt>
<trkpt lat="46.550556" lon="7.178643"><ele>454.6</ele><time>2026-06-01T06:33:40Z</time><extensions><power>434</power></extensions></trkpt>
<trkpt lat="46.550656" lon="7.178799"><ele>453.8</ele><time>2026-06-01T06:33:44Z</time><extensions><power>453</power></extensions></trkpt>
<trkpt lat="46.550756" lon="7.178954"><ele>453.1</ele><time>2026-06-01T06:33:48Z</time><extensions><power>470</power></extensions></trkpt>
<trkpt lat="46.550857" lon="7.179110"><ele>452.3</ele><time>2026-06-01T06:33:52Z</time><extensions><power>486</power></extensions></trkpt>
<trkpt lat="46.550957" lon="7.179266"><ele>451.5</ele><time>2026-06-01T06:33:56Z</time><extensions><power>499</power></extensions></trkpt>
<trkpt lat="46.551057" lon="7.179422"><ele>450.8</ele><time>2026-06-01T06:34:00Z</time><extensions><power>509</power></extensions></trkpt>
<trkpt lat="46.551157" lon="7.179577"><ele>450.0</ele><time>2026-06-01T06:34:04Z</time><extensions><power>515</power></extensions></trkpt>
<trkpt lat="46.551257" lon="7.179733"><ele>449.2</ele><time>2026-06-01T06:34:08Z</time><extensions><power>519</power></extensions></trkpt>
<trkpt lat="46.551357" lon="7.179889"><ele>448.5</ele><time>2026-06-01T06:34:12Z</time><extensions><power>519</power></extensions></trkpt>
<trkpt lat="46.551457" lon="7.180044"><ele>447.7</ele><time>2026-06-01T06:34:16Z</time><extensions><power>515</power></extensions></trkpt>
<trkpt lat="46.551557" lon="7.180200"><ele>447.0</ele><time>2026-06-01T06:34:20Z</time><extensions><power>508</power></extensions></trkpt>
<trkpt lat="46.551657" lon="7.180356"><ele>446.2</ele><time>2026-06-01T06:34:24Z</time><extensions><power>498</power></extensions></trkpt>
<trkpt lat="46.551758" lon="7.180512"><ele>445.5</ele><time>2026-06-01T06:34:28Z</time><extensions><power>486</power></extensions></trkpt>
<trkpt lat="46.551858" lon="7.180667"><ele>444.7</ele><time>2026-06-01T06:34:32Z</time><extensions><power>470</power></extensions></trkpt>
<trkpt lat="46.551958" lon="7.180823"><ele>444.0</ele><time>2026-06-01T06:34:36Z</time><extensions><power>453</power></extensions></trkpt>
<trkpt lat="46.552058" lon="7.180979"><ele>443.2</ele><time>2026-06-01T06:34:40Z</time><extensions><power>434</power></extensions></trkpt>
<trkpt lat="46.552158" lon="7.181135"><ele>442.5</ele><time>2026-06-01T06:34:44Z</time><extensions><power>413</power></extensions></trkpt>
<trkpt lat="46.552258" lon="7.181290"><ele>441.8</ele><time>2026-06-01T06:34:48Z</time><extensions><power>392</power></extensions></trkpt>
<trkpt lat="46.552358" lon="7.181446"><ele>441.0</ele><time>2026-06-01T06:34:52Z</time><extensions><power>371</power></extensions></trkpt>
<trkpt lat="46.552458" lon="7.181602"><ele>440.3</ele><time>2026-06-01T06:34:56Z</time><extensions><power>350</power></extensions></trkpt>
<trkpt lat="46.552558" lon="7.181758"><ele>439.6</ele><time>2026-06-01T06:35:00Z</time><extensions><power>329</power></extensions></trkpt>
<trkpt lat="46.552659" lon="7.181913"><ele>438.9</ele><time>2026-06-01T06:35:04Z</time><extensions><power>310</power></extensions></trkpt>
<trkpt lat="46.552759" lon="7.182069"><ele>438.1</ele><time>2026-06-01T06:35:08Z</time><extensions><power>291</power></extensions></trkpt>
<trkpt lat="46.552859" lon="7.182225"><ele>437.4</ele><time>2026-06-01T06:35:12Z</time><extensions><power>274</power></extensions></trkpt>
<trkpt lat="46.552959" lon="7.182380"><ele>436.7</ele><time>2026-06-01T06:35:16Z</time><extensions><power>258</power></extensions></trkpt>
<trkpt lat="46.553059" lon="7.182536"><ele>436.0</ele><time>2026-06-01T06:35:20Z</time><extensions><power>243</power></extensions></trkpt>
<trkpt lat="46.553159" lon="7.182692"><ele>435.3</ele><time>2026-06-01T06:35:24Z</time><extensions><power>231</power></extensions></trkpt>
<trkpt lat="46.553259" lon="7.182848"><ele>434.6</ele><time>2026-06-01T06:35:28Z</time><extensions><power>219</power></extensions></trkpt>
<trkpt lat="46.553359" lon="7.183003"><ele>433.9</ele><time>2026-06-01T06:35:32Z</time><extensions><power>210</power></extensions></trkpt>
<trkpt lat="46.553459" lon="7.183159"><ele>433.2</ele><time>2026-06-01T06:35:36Z</time><extensions><power>201</power></extensions></trkpt>
<trkpt lat="46.553560" lon="7.183315"><ele>432.5</ele><time>2026-06-01T06:35:40Z</time><extensions><power>194</power></extensions></trkpt>
<trkpt lat="46.553660" lon="7.183471"><ele>431.8</ele><time>2026-06-01T06:35:44Z</time><extensions><power>188</power></extensions></trkpt>
<trkpt lat="46.553760" lon="7.183626"><ele>431.1</ele><time>2026-06-01T06:35:48Z</time><extensions><power>183</power></extensions></trkpt>
<trkpt lat="46.553860" lon="7.183782"><ele>430.4</ele><time>2026-06-01T06:35:52Z</time><extensions><power>179</power></extensions></trkpt>
<trkpt lat="46.553960" lon="7.183938"><ele>429.7</ele><time>2026-06-01T06:35:56Z</time><extensions><power>176</power></extensions></trkpt>
<trkpt lat="46.554060" lon="7.184093"><ele>429.1</ele><time>2026-06-01T06:36:00Z</time><extensions><power>173</power></extensions></trkpt>
<trkpt lat="46.554160" lon="7.184249"><ele>428.4</ele><time>2026-06-01T06:36:04Z</time><extensions><power>171</power></extensions></trkpt>
<trkpt lat="46.554260" lon="7.184405"><ele>427.7</ele><time>2026-06-01T06:36:08Z</time><extensions><power>170</power></extensions></trkpt>
<trkpt lat="46.554360" lon="7.184561"><ele>427.0</ele><time>2026-06-01T06:36:12Z</time><extensions><power>169</power></extensions></trkpt>
<trkpt lat="46.554461" lon="7.184716"><ele>426.4</ele><time>2026-06-01T06:36:16Z</time><extensions><power>168</power></extensions></trkpt>
<trkpt lat="46.554561" lon="7.184872"><ele>425.7</ele><time>2026-06-01T06:36:20Z</time><extensions><power>167</power></extensions></trkpt>
<trkpt lat="46.554661" lon="7.185028"><ele>425.1</ele><time>2026-06-01T06:36:24Z</time><extensions><power>167</power></extensions></trkpt>
<trkpt lat="46.554761" lon="7.185184"><ele>424.4</ele><time>2026-06-01T06:36:28Z</time><extensions><power>167</power></extensions></trkpt>
<trkpt lat="46.554861" lon="7.185339"><ele>423.8</ele><time>2026-06-01T06:36:32Z</time><extensions><power>166</power></extensions></trkpt>
<trkpt lat="46.554961" lon="7.185495"><ele>423.1</ele><time>2026-06-01T06:36:36Z</time><extensions><power>166</power></extensions></trkpt>
<trkpt lat="46.555061" lon="7.185651"><ele>422.5</ele><time>2026-06-01T06:36:40Z</time><extensions><power>166</power></extensions></trkpt>
<trkpt lat="46.555161" lon="7.185806"><ele>421.8</ele><time>2026-06-01T06:36:44Z</time><extensions><power>166</power></extensions></trkpt>
<trkpt lat="46.555261" lon="7.185962"><ele>421.2</ele><time>2026-06-01T06:36:48Z</time><extensions><power>166</power></extensions></trkpt>
<trkpt lat="46.555362" lon="7.186118"><ele>420.6</ele><time>2026-06-01T06:36:52Z</time><extensions><power>167</power></extensions></trkpt>
<trkpt lat="46.555462" lon="7.186274"><ele>419.9</ele><time>2026-06-01T06:36:56Z</time><extensions><power>167</power></extensions></trkpt>
<trkpt lat="46.555562" lon="7.186429"><ele>419.3</ele><time>2026-06-01T06:37:00Z</time><extensions><power>167</power></extensions></trkpt>
<trkpt lat="46.555662" lon="7.186585"><ele>418.7</ele><time>2026-06-01T06:37:04Z</time><extensions><power>167</power></extensions></trkpt>
<trkpt lat="46.555762" lon="7.186741"><ele>418.1</ele><time>2026-06-01T06:37:08Z</time><extensions><power>167</power></extensions></trkpt>
<trkpt lat="46.555862" lon="7.186897"><ele>417.5</ele><time>2026-06-01T06:37:12Z</time><extensions><power>167</power></extensions></trkpt>
<trkpt lat="46.555962" lon="7.187052"><ele>416.9</ele><time>2026-06-01T06:37:16Z</time><extensions><power>167</power></extensions></trkpt>
<trkpt lat="46.556062" lon="7.187208"><ele>416.3</ele><time>2026-06-01T06:37:20Z</time><extensions><power>168</power></extensions></trkpt>
<trkpt lat="46.556162" lon="7.187364"><ele>415.7</ele><time>2026-06-01T06:37:24Z</time><extensions><power>168</power></extensions></trkpt>
<trkpt lat="46.556263" lon="7.187519"><ele>415.1</ele><time>2026-06-01T06:37:28Z</time><extensions><power>168</power></extensions></trkpt>
<trkpt lat="46.556363" lon="7.187675"><ele>414.5</ele><time>2026-06-01T06:37:32Z</time><extensions><power>168</power></extensions></trkpt>
<trkpt lat="46.556463" lon="7.187831"><ele>413.9</ele><time>2026-06-01T06:37:36Z</time><extensions><power>168</power></extensions></trkpt>
<trkpt lat="46.556563" lon="7.187987"><ele>413.3</ele><time>2026-06-01T06:37:40Z</time><extensions><power>168</power></extensions></trkpt>
<trkpt lat="46.556663" lon="7.188142"><ele>412.7</ele><time>2026-06-01T06:37:44Z</time><extensions><power>168</power></extensions></trkpt>
<trkpt lat="46.556763" lon="7.188298"><ele>412.2</ele><time>2026-06-01T06:37:48Z</time><extensions><power>169</power></extensions></trkpt>
<trkpt lat="46.556863" lon="7.188454"><ele>411.6</ele><time>2026-06-01T06:37:52Z</time><extensions><power>169</power></extensions></trkpt>
<trkpt lat="46.556963" lon="7.188610"><ele>411.0</ele><time>2026-06-01T06:37:56Z</time><extensions><power>169</power></extensions></trkpt>
<trkpt lat="46.557063" lon="7.188765"><ele>410.5</ele><time>2026-06-01T06:38:00Z</time><extensions><power>169</power></extensions></trkpt>
<trkpt lat="46.557164" lon="7.188921"><ele>409.9</ele><time>2026-06-01T06:38:04Z</time><extensions><power>169</power></extensions></trkpt>
<trkpt lat="46.557264" lon="7.189077"><ele>409.4</ele><time>2026-06-01T06:38:08Z</time><extensions><power>169</power></extensions></trkpt>
<trkpt lat="46.557364" lon="7.189232"><ele>408.8</ele><time>2026-06-01T06:38:12Z</time><extensions><power>169</power></extensions></trkpt>
<trkpt lat="46.557464" lon="7.189388"><ele>408.3</ele><time>2026-06-01T06:38:16Z</time><extensions><power>170</power></extensions></trkpt>
<trkpt lat="46.557564" lon="7.189544"><ele>407.7</ele><time>2026-06-01T06:38:20Z</time><extensions><power>170</power></extensions></trkpt>
<trkpt lat="46.557664" lon="7.189700"><ele>407.2</ele><time>2026-06-01T06:38:24Z</time><extensions><power>170</power></extensions></trkpt>
<trkpt lat="46.557764" lon="7.189855"><ele>406.7</ele><time>2026-06-01T06:38:28Z</time><extensions><power>170</power></extensions></trkpt>
<trkpt lat="46.557864" lon="7.190011"><ele>406.1</ele><time>2026-06-01T06:38:32Z</time><extensions><power>170</power></extensions></trkpt>
<trkpt lat="46.557964" lon="7.190167"><ele>405.6</ele><time>2026-06-01T06:38:36Z</time><extensions><power>170</power></extensions></trkpt>
<trkpt lat="46.558065" lon="7.190323"><ele>405.1</ele><time>2026-06-01T06:38:40Z</time><extensions><power>170</power></extensions></trkpt>
<trkpt lat="46.558165" lon="7.190478"><ele>404.6</ele><time>2026-06-01T06:38:44Z</time><extensions><power>171</power></extensions></trkpt>
<trkpt lat="46.558265" lon="7.190634"><ele>404.1</ele><time>2026-06-01T06:38:48Z</time><extensions><power>171</power></extensions></trkpt>
<trkpt lat="46.558365" lon="7.190790"><ele>403.6</ele><time>2026-06-01T06:38:52Z</time><extensions><power>171</power></extensions></trkpt>
<trkpt lat="46.558465" lon="7.190945"><ele>403.1</ele><time>2026-06-01T06:38:56Z</time><extensions><power>171</power></extensions></trkpt>
<trkpt lat="46.558565" lon="7.191101"><ele>402.6</ele><time>2026-06-01T06:39:00Z</time><extensions><power>171</power></extensions></trkpt>
<trkpt lat="46.558665" lon="7.191257"><ele>402.1</ele><time>2026-06-01T06:39:04Z</time><extensions><power>171</power></extensions></trkpt>
<trkpt lat="46.558765" lon="7.191413"><ele>401.6</ele><time>2026-06-01T06:39:08Z</time><extensions><power>171</power></extensions></trkpt>
<trkpt lat="46.558865" lon="7.191568"><ele>401.2</ele><time>2026-06-01T06:39:12Z</time><extensions><power>171</power></extensions></trkpt>
<trkpt lat="46.558966" lon="7.191724"><ele>400.7</ele><time>2026-06-01T06:39:16Z</time><extensions><power>171</power></extensions></trkpt>
<trkpt lat="46.559066" lon="7.191880"><ele>400.2</ele><time>2026-06-01T06:39:20Z</time><extensions><power>172</power></extensions></trkpt>
<trkpt lat="46.559166" lon="7.192036"><ele>399.7</ele><time>2026-06-01T06:39:24Z</time><extensions><power>172</power></extensions></trkpt>
<trkpt lat="46.559266" lon="7.192191"><ele>399.3</ele><time>2026-06-01T06:39:28Z</time><extensions><power>172</power></extensions></trkpt>
<trkpt lat="46.559366" lon="7.192347"><ele>398.8</ele><time>2026-06-01T06:39:32Z</time><extensions><power>172</power></extensions></trkpt>
<trkpt lat="46.559466" lon="7.192503"><ele>398.4</ele><time>2026-06-01T06:39:36Z</time><extensions><power>172</power></extensions></trkpt>
<trkpt lat="46.559566" lon="7.192659"><ele>397.9</ele><time>2026-06-01T06:39:40Z</time><extensions><power>172</power></extensions></trkpt>
<trkpt lat="46.559666" lon="7.192814"><ele>397.5</ele><time>2026-06-01T06:39:44Z</time><extensions><power>172</power></extensions></trkpt>
<trkpt lat="46.559766" lon="7.192970"><ele>397.1</ele><time>2026-06-01T06:39:48Z</time><extensions><power>172</power></extensions></trkpt>
<trkpt lat="46.559867" lon="7.193126"><ele>396.6</ele><time>2026-06-01T06:39:52Z</time><extensions><power>172</power></extensions></trkpt>
<trkpt lat="46.559967" lon="7.193281"><ele>396.2</ele><time>2026-06-01T06:39:56Z</time><extensions><power>172</power></extensions></trkpt>
<trkpt lat="46.560067" lon="7.193437"><ele>395.8</ele><time>2026-06-01T06:40:00Z</time><extensions><power>173</power></extensions></trkpt>
<trkpt lat="46.560167" lon="7.193593"><ele>395.4</ele><time>2026-06-01T06:40:04Z</time><extensions><power>173</power></extensions></trkpt>
<trkpt lat="46.560267" lon="7.193749"><ele>395.0</ele><time>2026-06-01T06:40:08Z</time><extensions><power>173</power></extensions></trkpt>
<trkpt lat="46.560367" lon="7.193904"><ele>394.6</ele><time>2026-06-01T06:40:12Z</time><extensions><power>173</power></extensions></trkpt>
<trkpt lat="46.560467" lon="7.194060"><ele>394.2</ele><time>2026-06-01T06:40:16Z</time><extensions><power>173</power></extensions></trkpt>
<trkpt lat="46.560567" lon="7.194216"><ele>393.8</ele><time>2026-06-01T06:40:20Z</time><extensions><power>173</power></extensions></trkpt>
<trkpt lat="46.560667" lon="7.194372"><ele>393.4</ele><time>2026-06-01T06:40:24Z</time><extensions><power>173</power></extensions></trkpt>
<trkpt lat="46.560768" lon="7.194527"><ele>393.0</ele><time>2026-06-01T06:40:28Z</time><extensions><power>173</power></extensions></trkpt>
<trkpt lat="46.560868" lon="7.194683"><ele>392.6</ele><time>2026-06-01T06:40:32Z</time><extensions><power>173</power></extensions></trkpt>
<trkpt lat="46.560968" lon="7.194839"><ele>392.3</ele><time>2026-06-01T06:40:36Z</time><extensions><power>174</power></extensions></trkpt>
<trkpt lat="46.561068" lon="7.194994"><ele>391.9</ele><time>2026-06-01T06:40:40Z</time><extensions><power>174</power></extensions></trkpt>
<trkpt lat="46.561168" lon="7.195150"><ele>391.5</ele><time>2026-06-01T06:40:44Z</time><extensions><power>174</power></extensions></trkpt>
<trkpt lat="46.561268" lon="7.195306"><ele>391.2</ele><time>2026-06-01T06:40:48Z</time><extensions><power>174</power></extensions></trkpt>
<trkpt lat="46.561368" lon="7.195462"><ele>390.8</ele><time>2026-06-01T06:40:52Z</time><extensions><power>175</power></extensions></trkpt>
<trkpt lat="46.561468" lon="7.195617"><ele>390.5</ele><time>2026-06-01T06:40:56Z</time><extensions><power>175</power></extensions></trkpt>
<trkpt lat="46.561568" lon="7.195773"><ele>390.1</ele><time>2026-06-01T06:41:00Z</time><extensions><power>176</power></extensions></trkpt>
<trkpt lat="46.561669" lon="7.195929"><ele>389.8</ele><time>2026-06-01T06:41:04Z</time><extensions><power>177</power></extensions></trkpt>
<trkpt lat="46.561769" lon="7.196085"><ele>389.5</ele><time>2026-06-01T06:41:08Z</time><extensions><power>178</power></extensions></trkpt>
<trkpt lat="46.561869" lon="7.196240"><ele>389.2</ele><time>2026-06-01T06:41:12Z</time><extensions><power>180</power></extensions></trkpt>
<trkpt lat="46.561969" lon="7.196396"><ele>388.8</ele><time>2026-06-01T06:41:16Z</time><extensions><power>181</power></extensions></trkpt>
<trkpt lat="46.562069" lon="7.196552"><ele>388.5</ele><time>2026-06-01T06:41:20Z</time><extensions><power>184</power></extensions></trkpt>
<trkpt lat="46.562169" lon="7.196707"><ele>388.2</ele><time>2026-06-01T06:41:24Z</time><extensions><power>187</power></extensions></trkpt>
<trkpt lat="46.562269" lon="7.196863"><ele>387.9</ele><time>2026-06-01T06:41:28Z</time><extensions><power>190</power></extensions></trkpt>
<trkpt lat="46.562369" lon="7.197019"><ele>387.6</ele><time>2026-06-01T06:41:32Z</time><extensions><power>195</power></extensions></trkpt>
<trkpt lat="46.562469" lon="7.197175"><ele>387.3</ele><time>2026-06-01T06:41:36Z</time><extensions><power>200</power></extensions></trkpt>
<trkpt lat="46.562570" lon="7.197330"><ele>387.0</ele><time>2026-06-01T06:41:40Z</time><extensions><power>207</power></extensions></trkpt>
<trkpt lat="46.562670" lon="7.197486"><ele>386.8</ele><time>2026-06-01T06:41:44Z</time><extensions><power>215</power></extensions></trkpt>
<trkpt lat="46.562770" lon="7.197642"><ele>386.5</ele><time>2026-06-01T06:41:48Z</time><extensions><power>224</power></extensions></trkpt>
<trkpt lat="46.562870" lon="7.197798"><ele>386.2</ele><time>2026-06-01T06:41:52Z</time><extensions><power>234</power></extensions></trkpt>
<trkpt lat="46.562970" lon="7.197953"><ele>386.0</ele><time>2026-06-01T06:41:56Z</time><extensions><power>246</power></extensions></trkpt>
<trkpt lat="46.563070" lon="7.198109"><ele>385.7</ele><time>2026-06-01T06:42:00Z</time><extensions><power>259</power></extensions></trkpt>
<trkpt lat="46.563170" lon="7.198265"><ele>385.4</ele><time>2026-06-01T06:42:04Z</time><extensions><power>274</power></extensions></trkpt>
<trkpt lat="46.563270" lon="7.198420"><ele>385.2</ele><time>2026-06-01T06:42:08Z</time><extensions><power>291</power></extensions></trkpt>
<trkpt lat="46.563370" lon="7.198576"><ele>385.0</ele><time>2026-06-01T06:42:12Z</time><extensions><power>309</power></extensions></trkpt>
<trkpt lat="46.563471" lon="7.198732"><ele>384.7</ele><time>2026-06-01T06:42:16Z</time><extensions><power>328</power></extensions></trkpt>
<trkpt lat="46.563571" lon="7.198888"><ele>384.5</ele><time>2026-06-01T06:42:20Z</time><extensions><power>348</power></extensions></trkpt>
<trkpt lat="46.563671" lon="7.199043"><ele>384.3</ele><time>2026-06-01T06:42:24Z</time><extensions><power>369</power></extensions></trkpt>
<trkpt lat="46.563771" lon="7.199199"><ele>384.0</ele><time>2026-06-01T06:42:28Z</time><extensions><power>390</power></extensions></trkpt>
<trkpt lat="46.563871" lon="7.199355"><ele>383.8</ele><time>2026-06-01T06:42:32Z</time><extensions><power>412</power></extensions></trkpt>
<trkpt lat="46.563971" lon="7.199511"><ele>383.6</ele><time>2026-06-01T06:42:36Z</time><extensions><power>433</power></extensions></trkpt>
<trkpt lat="46.564071" lon="7.199666"><ele>383.4</ele><time>2026-06-01T06:42:40Z</time><extensions><power>453</power></extensions></trkpt>
<trkpt lat="46.564171" lon="7.199822"><ele>383.2</ele><time>2026-06-01T06:42:44Z</time><extensions><power>472</power></extensions></trkpt>
<trkpt lat="46.564271" lon="7.199978"><ele>383.0</ele><time>2026-06-01T06:42:48Z</time><extensions><power>489</power></extensions></trkpt>
<trkpt lat="46.564372" lon="7.200133"><ele>382.9</ele><time>2026-06-01T06:42:52Z</time><extensions><power>504</power></extensions></trkpt>
<trkpt lat="46.564472" lon="7.200289"><ele>382.7</ele><time>2026-06-01T06:42:56Z</time><extensions><power>516</power></extensions></trkpt>
<trkpt lat="46.564572" lon="7.200445"><ele>382.5</ele><time>2026-06-01T06:43:00Z</time><extensions><power>526</power></extensions></trkpt>
<trkpt lat="46.564672" lon="7.200601"><ele>382.3</ele><time>2026-06-01T06:43:04Z</time><extensions><power>532</power></extensions></trkpt>
<trkpt lat="46.564772" lon="7.200756"><ele>382.2</ele><time>2026-06-01T06:43:08Z</time><extensions><power>534</power></extensions></trkpt>
<trkpt lat="46.564872" lon="7.200912"><ele>382.0</ele><time>2026-06-01T06:43:12Z</time><extensions><power>534</power></extensions></trkpt>
<trkpt lat="46.564972" lon="7.201068"><ele>381.9</ele><time>2026-06-01T06:43:16Z</time><extensions><power>529</power></extensions></trkpt>
<trkpt lat="46.565072" lon="7.201224"><ele>381.7</ele><time>2026-06-01T06:43:20Z</time><extensions><power>522</power></extensions></trkpt>
<trkpt lat="46.565172" lon="7.201379"><ele>381.6</ele><time>2026-06-01T06:43:24Z</time><extensions><power>511</power></extensions></trkpt>
<trkpt lat="46.565273" lon="7.201535"><ele>381.4</ele><time>2026-06-01T06:43:28Z</time><extensions><power>498</power></extensions></trkpt>
<trkpt lat="46.565373" lon="7.201691"><ele>381.3</ele><time>2026-06-01T06:43:32Z</time><extensions><power>482</power></extensions></trkpt>
<trkpt lat="46.565473" lon="7.201846"><ele>381.2</ele><time>2026-06-01T06:43:36Z</time><extensions><power>464</power></extensions></trkpt>
<trkpt lat="46.565573" lon="7.202002"><ele>381.1</ele><time>2026-06-01T06:43:40Z</time><extensions><power>444</power></extensions></trkpt>
<trkpt lat="46.565673" lon="7.202158"><ele>381.0</ele><time>2026-06-01T06:43:44Z</time><extensions><power>424</power></extensions></trkpt>
<trkpt lat="46.565773" lon="7.202314"><ele>380.9</ele><time>2026-06-01T06:43:48Z</time><extensions><power>402</power></extensions></trkpt>
<trkpt lat="46.565873" lon="7.202469"><ele>380.8</ele><time>2026-06-01T06:43:52Z</time><extensions><power>381</power></extensions></trkpt>
<trkpt lat="46.565973" lon="7.202625"><ele>380.7</ele><time>2026-06-01T06:43:56Z</time><extensions><power>360</power></extensions></trkpt>
<trkpt lat="46.566073" lon="7.202781"><ele>380.6</ele><time>2026-06-01T06:44:00Z</time><extensions><power>339</power></extensions></trkpt>
<trkpt lat="46.566174" lon="7.202937"><ele>380.5</ele><time>2026-06-01T06:44:04Z</time><extensions><power>319</power></extensions></trkpt>
<trkpt lat="46.566274" lon="7.203092"><ele>380.4</ele><time>2026-06-01T06:44:08Z</time><extensions><power>300</power></extensions></trkpt>
<trkpt lat="46.566374" lon="7.203248"><ele>380.4</ele><time>2026-06-01T06:44:12Z</time><extensions><power>283</power></extensions></trkpt>
<trkpt lat="46.566474" lon="7.203404"><ele>380.3</ele><time>2026-06-01T06:44:16Z</time><extensions><power>267</power></extensions></trkpt>
<trkpt lat="46.566574" lon="7.203560"><ele>380.3</ele><time>2026-06-01T06:44:20Z</time><extensions><power>253</power></extensions></trkpt>
<trkpt lat="46.566674" lon="7.203715"><ele>380.2</ele><time>2026-06-01T06:44:24Z</time><extensions><power>240</power></extensions></trkpt>
<trkpt lat="46.566774" lon="7.203871"><ele>380.2</ele><time>2026-06-01T06:44:28Z</time><extensions><power>229</power></extensions></trkpt>
<trkpt lat="46.566874" lon="7.204027"><ele>380.1</ele><time>2026-06-01T06:44:32Z</time><extensions><power>219</power></extensions></trkpt>
<trkpt lat="46.566974" lon="7.204182"><ele>380.1</ele><time>2026-06-01T06:44:36Z</time><extensions><power>210</power></extensions></trkpt>
<trkpt lat="46.567075" lon="7.204338"><ele>380.1</ele><time>2026-06-01T06:44:40Z</time><extensions><power>203</power></extensions></trkpt>
<trkpt lat="46.567175" lon="7.204494"><ele>380.0</ele><time>2026-06-01T06:44:44Z</time><extensions><power>197</power></extensions></trkpt>
<trkpt lat="46.567275" lon="7.204650"><ele>380.0</ele><time>2026-06-01T06:44:48Z</time><extensions><power>192</power></extensions></trkpt>
<trkpt lat="46.567375" lon="7.204805"><ele>380.0</ele><time>2026-06-01T06:44:52Z</time><extensions><power>188</power></extensions></trkpt>
<trkpt lat="46.567475" lon="7.204961"><ele>380.0</ele><time>2026-06-01T06:44:56Z</time><extensions><power>185</power></extensions></trkpt>
<trkpt lat="46.567575" lon="7.205117"><ele>380.0</ele><time>2026-06-01T06:45:00Z</time><extensions><power>182</power></extensions></trkpt>
<trkpt lat="46.567675" lon="7.205273"><ele>380.0</ele><time>2026-06-01T06:45:04Z</time><extensions><power>180</power></extensions></trkpt>
<trkpt lat="46.567775" lon="7.205428"><ele>380.0</ele><time>2026-06-01T06:45:08Z</time><extensions><power>178</power></extensions></trkpt>
<trkpt lat="46.567875" lon="7.205584"><ele>380.0</ele><time>2026-06-01T06:45:12Z</time><extensions><power>177</power></extensions></trkpt>
<trkpt lat="46.567976" lon="7.205740"><ele>380.1</ele><time>2026-06-01T06:45:16Z</time><extensions><power>176</power></extensions></trkpt>
<trkpt lat="46.568076" lon="7.205895"><ele>380.1</ele><time>2026-06-01T06:45:20Z</time><extensions><power>175</power></extensions></trkpt>
<trkpt lat="46.568176" lon="7.206051"><ele>380.1</ele><time>2026-06-01T06:45:24Z</time><extensions><power>174</power></extensions></trkpt>
<trkpt lat="46.568276" lon="7.206207"><ele>380.2</ele><time>2026-06-01T06:45:28Z</time><extensions><power>174</power></extensions></trkpt>
<trkpt lat="46.568376" lon="7.206363"><ele>380.2</ele><time>2026-06-01T06:45:32Z</time><extensions><power>173</power></extensions></trkpt>
<trkpt lat="46.568476" lon="7.206518"><ele>380.3</ele><time>2026-06-01T06:45:36Z</time><extensions><power>173</power></extensions></trkpt>
<trkpt lat="46.568576" lon="7.206674"><ele>380.3</ele><time>2026-06-01T06:45:40Z</time><extensions><power>173</power></extensions></trkpt>
<trkpt lat="46.568676" lon="7.206830"><ele>380.4</ele><time>2026-06-01T06:45:44Z</time><extensions><power>173</power></extensions></trkpt>
<trkpt lat="46.568776" lon="7.206986"><ele>380.5</ele><time>2026-06-01T06:45:48Z</time><extensions><power>172</power></extensions></trkpt>
<trkpt lat="46.568877" lon="7.207141"><ele>380.6</ele><time>2026-06-01T06:45:52Z</time><extensions><power>172</power></extensions></trkpt>
<trkpt lat="46.568977" lon="7.207297"><ele>380.6</ele><time>2026-06-01T06:45:56Z</time><extensions><power>172</power></extensions></trkpt>
<trkpt lat="46.569077" lon="7.207453"><ele>380.7</ele><time>2026-06-01T06:46:00Z</time><extensions><power>172</power></extensions></trkpt>
<trkpt lat="46.569177" lon="7.207608"><ele>380.8</ele><time>2026-06-01T06:46:04Z</time><extensions><power>172</power></extensions></trkpt>
<trkpt lat="46.569277" lon="7.207764"><ele>380.9</ele><time>2026-06-01T06:46:08Z</time><extensions><power>172</power></extensions></trkpt>
<trkpt lat="46.569377" lon="7.207920"><ele>381.0</ele><time>2026-06-01T06:46:12Z</time><extensions><power>172</power></extensions></trkpt>
<trkpt lat="46.569477" lon="7.208076"><ele>381.1</ele><time>2026-06-01T06:46:16Z</time><extensions><power>172</power></extensions></trkpt>
<trkpt lat="46.569577" lon="7.208231"><ele>381.3</ele><time>2026-06-01T06:46:20Z</time><extensions><power>171</power></extensions></trkpt>
<trkpt lat="46.569677" lon="7.208387"><ele>381.4</ele><time>2026-06-01T06:46:24Z</time><extensions><power>171</power></extensions></trkpt>
<trkpt lat="46.569778" lon="7.208543"><ele>381.5</ele><time>2026-06-01T06:46:28Z</time><extensions><power>171</power></extensions></trkpt>
<trkpt lat="46.569878" lon="7.208699"><ele>381.6</ele><time>2026-06-01T06:46:32Z</time><extensions><power>171</power></extensions></trkpt>
<trkpt lat="46.569978" lon="7.208854"><ele>381.8</ele><time>2026-06-01T06:46:36Z</time><extensions><power>171</power></extensions></trkpt>
<trkpt lat="46.570078" lon="7.209010"><ele>381.9</ele><time>2026-06-01T06:46:40Z</time><extensions><power>171</power></extensions></trkpt>
<trkpt lat="46.570178" lon="7.209166"><ele>382.1</ele><time>2026-06-01T06:46:44Z</time><extensions><power>171</power></extensions></trkpt>
<trkpt lat="46.570278" lon="7.209321"><ele>382.2</ele><time>2026-06-01T06:46:48Z</time><extensions><power>171</power></extensions></trkpt>
<trkpt lat="46.570378" lon="7.209477"><ele>382.4</ele><time>2026-06-01T06:46:52Z</time><extensions><power>170</power></extensions></trkpt>
<trkpt lat="46.570478" lon="7.209633"><ele>382.6</ele><time>2026-06-01T06:46:56Z</time><extensions><power>170</power></extensions></trkpt>
<trkpt lat="46.570578" lon="7.209789"><ele>382.8</ele><time>2026-06-01T06:47:00Z</time><extensions><power>170</power></extensions></trkpt>
<trkpt lat="46.570679" lon="7.209944"><ele>382.9</ele><time>2026-06-01T06:47:04Z</time><extensions><power>170</power></extensions></trkpt>
<trkpt lat="46.570779" lon="7.210100"><ele>383.1</ele><time>2026-06-01T06:47:08Z</time><extensions><power>170</power></extensions></trkpt>
<trkpt lat="46.570879" lon="7.210256"><ele>383.3</ele><time>2026-06-01T06:47:12Z</time><extensions><power>170</power></extensions></trkpt>
<trkpt lat="46.570979" lon="7.210412"><ele>383.5</ele><time>2026-06-01T06:47:16Z</time><extensions><power>170</power></extensions></trkpt>
<trkpt lat="46.571079" lon="7.210567"><ele>383.7</ele><time>2026-06-01T06:47:20Z</time><extensions><power>170</power></extensions></trkpt>
<trkpt lat="46.571179" lon="7.210723"><ele>383.9</ele><time>2026-06-01T06:47:24Z</time><extensions><power>169</power></extensions></trkpt>
<trkpt lat="46.571279" lon="7.210879"><ele>384.2</ele><time>2026-06-01T06:47:28Z</time><extensions><power>169</power></extensions></trkpt>
<trkpt lat="46.571379" lon="7.211034"><ele>384.4</ele><time>2026-06-01T06:47:32Z</time><extensions><power>169</power></extensions></trkpt>
<trkpt lat="46.571479" lon="7.211190"><ele>384.6</ele><time>2026-06-01T06:47:36Z</time><extensions><power>169</power></extensions></trkpt>
<trkpt lat="46.571580" lon="7.211346"><ele>384.8</ele><time>2026-06-01T06:47:40Z</time><extensions><power>169</power></extensions></trkpt>
<trkpt lat="46.571680" lon="7.211502"><ele>385.1</ele><time>2026-06-01T06:47:44Z</time><extensions><power>169</power></extensions></trkpt>
<trkpt lat="46.571780" lon="7.211657"><ele>385.3</ele><time>2026-06-01T06:47:48Z</time><extensions><power>169</power></extensions></trkpt>
<trkpt lat="46.571880" lon="7.211813"><ele>385.6</ele><time>2026-06-01T06:47:52Z</time><extensions><power>168</power></extensions></trkpt>
<trkpt lat="46.571980" lon="7.211969"><ele>385.8</ele><time>2026-06-01T06:47:56Z</time><extensions><power>168</power></extensions></trkpt>
<trkpt lat="46.572080" lon="7.212125"><ele>386.1</ele><time>2026-06-01T06:48:00Z</time><extensions><power>168</power></extensions></trkpt>
<trkpt lat="46.572180" lon="7.212280"><ele>386.3</ele><time>2026-06-01T06:48:04Z</time><extensions><power>168</power></extensions></trkpt>
<trkpt lat="46.572280" lon="7.212436"><ele>386.6</ele><time>2026-06-01T06:48:08Z</time><extensions><power>168</power></extensions></trkpt>
<trkpt lat="46.572380" lon="7.212592"><ele>386.9</ele><time>2026-06-01T06:48:12Z</time><extensions><power>168</power></extensions></trkpt>
<trkpt lat="46.572481" lon="7.212747"><ele>387.2</ele><time>2026-06-01T06:48:16Z</time><extensions><power>168</power></extensions></trkpt>
<trkpt lat="46.572581" lon="7.212903"><ele>387.5</ele><time>2026-06-01T06:48:20Z</time><extensions><power>167</power></extensions></trkpt>
<trkpt lat="46.572681" lon="7.213059"><ele>387.8</ele><time>2026-06-01T06:48:24Z</time><extensions><power>167</power></extensions></trkpt>
<trkpt lat="46.572781" lon="7.213215"><ele>388.1</ele><time>2026-06-01T06:48:28Z</time><extensions><power>167</power></extensions></trkpt>
<trkpt lat="46.572881" lon="7.213370"><ele>388.4</ele><time>2026-06-01T06:48:32Z</time><extensions><power>167</power></extensions></trkpt>
<trkpt lat="46.572981" lon="7.213526"><ele>388.7</ele><time>2026-06-01T06:48:36Z</time><extensions><power>167</power></extensions></trkpt>
<trkpt lat="46.573081" lon="7.213682"><ele>389.0</ele><time>2026-06-01T06:48:40Z</time><extensions><power>167</power></extensions></trkpt>
<trkpt lat="46.573181" lon="7.213838"><ele>389.3</ele><time>2026-06-01T06:48:44Z</time><extensions><power>166</power></extensions></trkpt>
<trkpt lat="46.573281" lon="7.213993"><ele>389.6</ele><time>2026-06-01T06:48:48Z</time><extensions><power>166</power></extensions></trkpt>
<trkpt lat="46.573382" lon="7.214149"><ele>390.0</ele><time>2026-06-01T06:48:52Z</time><extensions><power>166</power></extensions></trkpt>
<trkpt lat="46.573482" lon="7.214305"><ele>390.3</ele><time>2026-06-01T06:48:56Z</time><extensions><power>166</power></extensions></trkpt>
<trkpt lat="46.573582" lon="7.214461"><ele>390.7</ele><time>2026-06-01T06:49:00Z</time><extensions><power>166</power></extensions></trkpt>
<trkpt lat="46.573682" lon="7.214616"><ele>391.0</ele><time>2026-06-01T06:49:04Z</time><extensions><power>166</power></extensions></trkpt>
<trkpt lat="46.573782" lon="7.214772"><ele>391.4</ele><time>2026-06-01T06:49:08Z</time><extensions><power>165</power></extensions></trkpt>
<trkpt lat="46.573882" lon="7.214928"><ele>391.7</ele><time>2026-06-01T06:49:12Z</time><extensions><power>165</power></extensions></trkpt>
<trkpt lat="46.573982" lon="7.215083"><ele>392.1</ele><time>2026-06-01T06:49:16Z</time><extensions><power>165</power></extensions></trkpt>
<trkpt lat="46.574082" lon="7.215239"><ele>392.4</ele><time>2026-06-01T06:49:20Z</time><extensions><power>165</power></extensions></trkpt>
<trkpt lat="46.574182" lon="7.215395"><ele>392.8</ele><time>2026-06-01T06:49:24Z</time><extensions><power>165</power></extensions></trkpt>
<trkpt lat="46.574283" lon="7.215551"><ele>393.2</ele><time>2026-06-01T06:49:28Z</time><extensions><power>165</power></extensions></trkpt>
<trkpt lat="46.574383" lon="7.215706"><ele>393.6</ele><time>2026-06-01T06:49:32Z</time><extensions><power>165</power></extensions></trkpt>
<trkpt lat="46.574483" lon="7.215862"><ele>394.0</ele><time>2026-06-01T06:49:36Z</time><extensions><power>165</power></extensions></trkpt>
<trkpt lat="46.574583" lon="7.216018"><ele>394.4</ele><time>2026-06-01T06:49:40Z</time><extensions><power>165</power></extensions></trkpt>
<trkpt lat="46.574683" lon="7.216174"><ele>394.8</ele><time>2026-06-01T06:49:44Z</time><extensions><power>165</power></extensions></trkpt>
<trkpt lat="46.574783" lon="7.216329"><ele>395.2</ele><time>2026-06-01T06:49:48Z</time><extensions><power>165</power></extensions></trkpt>
<trkpt lat="46.574883" lon="7.216485"><ele>395.6</ele><time>2026-06-01T06:49:52Z</time><extensions><power>165</power></extensions></trkpt>
<trkpt lat="46.574983" lon="7.216641"><ele>396.0</ele><time>2026-06-01T06:49:56Z</time><extensions><power>165</power></extensions></trkpt>
<trkpt lat="46.575083" lon="7.216796"><ele>396.4</ele><time>2026-06-01T06:50:00Z</time><extensions><power>166</power></extensions></trkpt>
<trkpt lat="46.575184" lon="7.216952"><ele>396.9</ele><time>2026-06-01T06:50:04Z</time><extensions><power>166</power></extensions></trkpt>
<trkpt lat="46.575284" lon="7.217108"><ele>397.3</ele><time>2026-06-01T06:50:08Z</time><extensions><power>167</power></extensions></trkpt>
<trkpt lat="46.575384" lon="7.217264"><ele>397.7</ele><time>2026-06-01T06:50:12Z</time><extensions><power>169</power></extensions></trkpt>
<trkpt lat="46.575484" lon="7.217419"><ele>398.2</ele><time>2026-06-01T06:50:16Z</time><extensions><power>170</power></extensions></trkpt>
<trkpt lat="46.575584" lon="7.217575"><ele>398.6</ele><time>2026-06-01T06:50:20Z</time><extensions><power>173</power></extensions></trkpt>
<trkpt lat="46.575684" lon="7.217731"><ele>399.1</ele><time>2026-06-01T06:50:24Z</time><extensions><power>175</power></extensions></trkpt>
<trkpt lat="46.575784" lon="7.217887"><ele>399.5</ele><time>2026-06-01T06:50:28Z</time><extensions><power>179</power></extensions></trkpt>
<trkpt lat="46.575884" lon="7.218042"><ele>400.0</ele><time>2026-06-01T06:50:32Z</time><extensions><power>183</power></extensions></trkpt>
<trkpt lat="46.575984" lon="7.218198"><ele>400.4</ele><time>2026-06-01T06:50:36Z</time><extensions><power>189</power></extensions></trkpt>
<trkpt lat="46.576085" lon="7.218354"><ele>400.9</ele><time>2026-06-01T06:50:40Z</time><extensions><power>195</power></extensions></trkpt>
<trkpt lat="46.576185" lon="7.218509"><ele>401.4</ele><time>2026-06-01T06:50:44Z</time><extensions><power>203</power></extensions></trkpt>
<trkpt lat="46.576285" lon="7.218665"><ele>401.9</ele><time>2026-06-01T06:50:48Z</time><extensions><power>212</power></extensions></trkpt>
<trkpt lat="46.576385" lon="7.218821"><ele>402.4</ele><time>2026-06-01T06:50:52Z</time><extensions><power>222</power></extensions></trkpt>
<trkpt lat="46.576485" lon="7.218977"><ele>402.8</ele><time>2026-06-01T06:50:56Z</time><extensions><power>234</power></extensions></trkpt>
<trkpt lat="46.576585" lon="7.219132"><ele>403.3</ele><time>2026-06-01T06:51:00Z</time><extensions><power>248</power></extensions></trkpt>
<trkpt lat="46.576685" lon="7.219288"><ele>403.8</ele><time>2026-06-01T06:51:04Z</time><extensions><power>263</power></extensions></trkpt>
<trkpt lat="46.576785" lon="7.219444"><ele>404.3</ele><time>2026-06-01T06:51:08Z</time><extensions><power>279</power></extensions></trkpt>
<trkpt lat="46.576885" lon="7.219600"><ele>404.9</ele><time>2026-06-01T06:51:12Z</time><extensions><power>297</power></extensions></trkpt>
<trkpt lat="46.576986" lon="7.219755"><ele>405.4</ele><time>2026-06-01T06:51:16Z</time><extensions><power>316</power></extensions></trkpt>
<trkpt lat="46.577086" lon="7.219911"><ele>405.9</ele><time>2026-06-01T06:51:20Z</time><extensions><power>336</power></extensions></trkpt>
<trkpt lat="46.577186" lon="7.220067"><ele>406.4</ele><time>2026-06-01T06:51:24Z</time><extensions><power>357</power></extensions></trkpt>
<trkpt lat="46.577286" lon="7.220222"><ele>406.9</ele><time>2026-06-01T06:51:28Z</time><extensions><power>378</power></extensions></trkpt>
<trkpt lat="46.577386" lon="7.220378"><ele>407.5</ele><time>2026-06-01T06:51:32Z</time><extensions><power>400</power></extensions></trkpt>
<trkpt lat="46.577486" lon="7.220534"><ele>408.0</ele><time>2026-06-01T06:51:36Z</time><extensions><power>420</power></extensions></trkpt>
<trkpt lat="46.577586" lon="7.220690"><ele>408.5</ele><time>2026-06-01T06:51:40Z</time><extensions><power>440</power></extensions></trkpt>
<trkpt lat="46.577686" lon="7.220845"><ele>409.1</ele><time>2026-06-01T06:51:44Z</time><extensions><power>459</power></extensions></trkpt>
<trkpt lat="46.577786" lon="7.221001"><ele>409.6</ele><time>2026-06-01T06:51:48Z</time><extensions><power>475</power></extensions></trkpt>
<trkpt lat="46.577887" lon="7.221157"><ele>410.2</ele><time>2026-06-01T06:51:52Z</time><extensions><power>490</power></extensions></trkpt>
<trkpt lat="46.577987" lon="7.221313"><ele>410.7</ele><time>2026-06-01T06:51:56Z</time><extensions><power>501</power></extensions></trkpt>
<trkpt lat="46.578087" lon="7.221468"><ele>411.3</ele><time>2026-06-01T06:52:00Z</time><extensions><power>510</power></extensions></trkpt>
<trkpt lat="46.578187" lon="7.221624"><ele>411.9</ele><time>2026-06-01T06:52:04Z</time><extensions><power>515</power></extensions></trkpt>
<trkpt lat="46.578287" lon="7.221780"><ele>412.4</ele><time>2026-06-01T06:52:08Z</time><extensions><power>517</power></extensions></trkpt>
<trkpt lat="46.578387" lon="7.221935"><ele>413.0</ele><time>2026-06-01T06:52:12Z</time><extensions><power>516</power></extensions></trkpt>
<trkpt lat="46.578487" lon="7.222091"><ele>413.6</ele><time>2026-06-01T06:52:16Z</time><extensions><power>511</power></extensions></trkpt>
<trkpt lat="46.578587" lon="7.222247"><ele>414.2</ele><time>2026-06-01T06:52:20Z</time><extensions><power>503</power></extensions></trkpt>
<trkpt lat="46.578687" lon="7.222403"><ele>414.8</ele><time>2026-06-01T06:52:24Z</time><extensions><power>491</power></extensions></trkpt>
<trkpt lat="46.578788" lon="7.222558"><ele>415.4</ele><time>2026-06-01T06:52:28Z</time><extensions><power>477</power></extensions></trkpt>
<trkpt lat="46.578888" lon="7.222714"><ele>416.0</ele><time>2026-06-01T06:52:32Z</time><extensions><power>461</power></extensions></trkpt>
<trkpt lat="46.578988" lon="7.222870"><ele>416.6</ele><time>2026-06-01T06:52:36Z</time><extensions><power>443</power></extensions></trkpt>
<trkpt lat="46.579088" lon="7.223026"><ele>417.2</ele><time>2026-06-01T06:52:40Z</time><extensions><power>423</power></extensions></trkpt>
<trkpt lat="46.579188" lon="7.223181"><ele>417.8</ele><time>2026-06-01T06:52:44Z</time><extensions><power>402</power></extensions></trkpt>
<trkpt lat="46.579288" lon="7.223337"><ele>418.4</ele><time>2026-06-01T06:52:48Z</time><extensions><power>380</power></extensions></trkpt>
<trkpt lat="46.579388" lon="7.223493"><ele>419.0</ele><time>2026-06-01T06:52:52Z</time><extensions><power>359</power></extensions></trkpt>
<trkpt lat="46.579488" lon="7.223648"><ele>419.6</ele><time>2026-06-01T06:52:56Z</time><extensions><power>337</power></extensions></trkpt>
<trkpt lat="46.579588" lon="7.223804"><ele>420.3</ele><time>2026-06-01T06:53:00Z</time><extensions><power>317</power></extensions></trkpt>
<trkpt lat="46.579689" lon="7.223960"><ele>420.9</ele><time>2026-06-01T06:53:04Z</time><extensions><power>297</power></extensions></trkpt>
<trkpt lat="46.579789" lon="7.224116"><ele>421.5</ele><time>2026-06-01T06:53:08Z</time><extensions><power>278</power></extensions></trkpt>
<trkpt lat="46.579889" lon="7.224271"><ele>422.2</ele><time>2026-06-01T06:53:12Z</time><extensions><power>261</power></extensions></trkpt>
<trkpt lat="46.579989" lon="7.224427"><ele>422.8</ele><time>2026-06-01T06:53:16Z</time><extensions><power>245</power></extensions></trkpt>
<trkpt lat="46.580089" lon="7.224583"><ele>423.4</ele><time>2026-06-01T06:53:20Z</time><extensions><power>231</power></extensions></trkpt>
<trkpt lat="46.580189" lon="7.224739"><ele>424.1</ele><time>2026-06-01T06:53:24Z</time><extensions><power>218</power></extensions></trkpt>
<trkpt lat="46.580289" lon="7.224894"><ele>424.7</ele><time>2026-06-01T06:53:28Z</time><extensions><power>207</power></extensions></trkpt>
<trkpt lat="46.580389" lon="7.225050"><ele>425.4</ele><time>2026-06-01T06:53:32Z</time><extensions><power>198</power></extensions></trkpt>
<trkpt lat="46.580489" lon="7.225206"><ele>426.1</ele><time>2026-06-01T06:53:36Z</time><extensions><power>189</power></extensions></trkpt>
<trkpt lat="46.580590" lon="7.225362"><ele>426.7</ele><time>2026-06-01T06:53:40Z</time><extensions><power>182</power></extensions></trkpt>
<trkpt lat="46.580690" lon="7.225517"><ele>427.4</ele><time>2026-06-01T06:53:44Z</time><extensions><power>176</power></extensions></trkpt>
<trkpt lat="46.580790" lon="7.225673"><ele>428.0</ele><time>2026-06-01T06:53:48Z</time><extensions><power>171</power></extensions></trkpt>
<trkpt lat="46.580890" lon="7.225829"><ele>428.7</ele><time>2026-06-01T06:53:52Z</time><extensions><power>167</power></extensions></trkpt>
<trkpt lat="46.580990" lon="7.225984"><ele>429.4</ele><time>2026-06-01T06:53:56Z</time><extensions><power>164</power></extensions></trkpt>
<trkpt lat="46.581090" lon="7.226140"><ele>430.1</ele><time>2026-06-01T06:54:00Z</time><extensions><power>161</power></extensions></trkpt>
<trkpt lat="46.581190" lon="7.226296"><ele>430.8</ele><time>2026-06-01T06:54:04Z</time><extensions><power>159</power></extensions></trkpt>
<trkpt lat="46.581290" lon="7.226452"><ele>431.4</ele><time>2026-06-01T06:54:08Z</time><extensions><power>157</power></extensions></trkpt>
<trkpt lat="46.581390" lon="7.226607"><ele>432.1</ele><time>2026-06-01T06:54:12Z</time><extensions><power>156</power></extensions></trkpt>
<trkpt lat="46.581491" lon="7.226763"><ele>432.8</ele><time>2026-06-01T06:54:16Z</time><extensions><power>155</power></extensions></trkpt>
<trkpt lat="46.581591" lon="7.226919"><ele>433.5</ele><time>2026-06-01T06:54:20Z</time><extensions><power>154</power></extensions></trkpt>
<trkpt lat="46.581691" lon="7.227075"><ele>434.2</ele><time>2026-06-01T06:54:24Z</time><extensions><power>153</power></extensions></trkpt>
<trkpt lat="46.581791" lon="7.227230"><ele>434.9</ele><time>2026-06-01T06:54:28Z</time><extensions><power>152</power></extensions></trkpt>
<trkpt lat="46.581891" lon="7.227386"><ele>435.6</ele><time>2026-06-01T06:54:32Z</time><extensions><power>152</power></extensions></trkpt>
<trkpt lat="46.581991" lon="7.227542"><ele>436.3</ele><time>2026-06-01T06:54:36Z</time><extensions><power>152</power></extensions></trkpt>
<trkpt lat="46.582091" lon="7.227697"><ele>437.1</ele><time>2026-06-01T06:54:40Z</time><extensions><power>151</power></extensions></trkpt>
<trkpt lat="46.582191" lon="7.227853"><ele>437.8</ele><time>2026-06-01T06:54:44Z</time><extensions><power>151</power></extensions></trkpt>
<trkpt lat="46.582291" lon="7.228009"><ele>438.5</ele><time>2026-06-01T06:54:48Z</time><extensions><power>151</power></extensions></trkpt>
<trkpt lat="46.582392" lon="7.228165"><ele>439.2</ele><time>2026-06-01T06:54:52Z</time><extensions><power>151</power></extensions></trkpt>
<trkpt lat="46.582492" lon="7.228320"><ele>439.9</ele><time>2026-06-01T06:54:56Z</time><extensions><power>150</power></extensions></trkpt>
<trkpt lat="46.582592" lon="7.228476"><ele>440.7</ele><time>2026-06-01T06:55:00Z</time><extensions><power>150</power></extensions></trkpt>
<trkpt lat="46.582692" lon="7.228632"><ele>441.4</ele><time>2026-06-01T06:55:04Z</time><extensions><power>150</power></extensions></trkpt>
<trkpt lat="46.582792" lon="7.228788"><ele>442.1</ele><time>2026-06-01T06:55:08Z</time><extensions><power>150</power></extensions></trkpt>
<trkpt lat="46.582892" lon="7.228943"><ele>442.9</ele><time>2026-06-01T06:55:12Z</time><extensions><power>150</power></extensions></trkpt>
<trkpt lat="46.582992" lon="7.229099"><ele>443.6</ele><time>2026-06-01T06:55:16Z</time><extensions><power>150</power></extensions></trkpt>
<trkpt lat="46.583092" lon="7.229255"><ele>444.3</ele><time>2026-06-01T06:55:20Z</time><extensions><power>149</power></extensions></trkpt>
<trkpt lat="46.583192" lon="7.229410"><ele>445.1</ele><time>2026-06-01T06:55:24Z</time><extensions><power>149</power></extensions></trkpt>
<trkpt lat="46.583293" lon="7.229566"><ele>445.8</ele><time>2026-06-01T06:55:28Z</time><extensions><power>149</power></extensions></trkpt>
<trkpt lat="46.583393" lon="7.229722"><ele>446.6</ele><time>2026-06-01T06:55:32Z</time><extensions><power>149</power></extensions></trkpt>
<trkpt lat="46.583493" lon="7.229878"><ele>447.3</ele><time>2026-06-01T06:55:36Z</time><extensions><power>149</power></extensions></trkpt>
<trkpt lat="46.583593" lon="7.230033"><ele>448.1</ele><time>2026-06-01T06:55:40Z</time><extensions><power>149</power></extensions></trkpt>
<trkpt lat="46.583693" lon="7.230189"><ele>448.9</ele><time>2026-06-01T06:55:44Z</time><extensions><power>149</power></extensions></trkpt>
<trkpt lat="46.583793" lon="7.230345"><ele>449.6</ele><time>2026-06-01T06:55:48Z</time><extensions><power>149</power></extensions></trkpt>
<trkpt lat="46.583893" lon="7.230501"><ele>450.4</ele><time>2026-06-01T06:55:52Z</time><extensions><power>148</power></extensions></trkpt>
<trkpt lat="46.583993" lon="7.230656"><ele>451.1</ele><time>2026-06-01T06:55:56Z</time><extensions><power>148</power></extensions></trkpt>
<trkpt lat="46.584093" lon="7.230812"><ele>451.9</ele><time>2026-06-01T06:56:00Z</time><extensions><power>148</power></extensions></trkpt>
<trkpt lat="46.584194" lon="7.230968"><ele>452.7</ele><time>2026-06-01T06:56:04Z</time><extensions><power>148</power></extensions></trkpt>
<trkpt lat="46.584294" lon="7.231123"><ele>453.4</ele><time>2026-06-01T06:56:08Z</time><extensions><power>148</power></extensions></trkpt>
<trkpt lat="46.584394" lon="7.231279"><ele>454.2</ele><time>2026-06-01T06:56:12Z</time><extensions><power>148</power></extensions></trkpt>
<trkpt lat="46.584494" lon="7.231435"><ele>455.0</ele><time>2026-06-01T06:56:16Z</time><extensions><power>148</power></extensions></trkpt>
<trkpt lat="46.584594" lon="7.231591"><ele>455.8</ele><time>2026-06-01T06:56:20Z</time><extensions><power>148</power></extensions></trkpt>
<trkpt lat="46.584694" lon="7.231746"><ele>456.6</ele><time>2026-06-01T06:56:24Z</time><extensions><power>148</power></extensions></trkpt>
<trkpt lat="46.584794" lon="7.231902"><ele>457.3</ele><time>2026-06-01T06:56:28Z</time><extensions><power>147</power></extensions></trkpt>
<trkpt lat="46.584894" lon="7.232058"><ele>458.1</ele><time>2026-06-01T06:56:32Z</time><extensions><power>147</power></extensions></trkpt>
<trkpt lat="46.584994" lon="7.232214"><ele>458.9</ele><time>2026-06-01T06:56:36Z</time><extensions><power>147</power></extensions></trkpt>
<trkpt lat="46.585095" lon="7.232369"><ele>459.7</ele><time>2026-06-01T06:56:40Z</time><extensions><power>147</power></extensions></trkpt>
<trkpt lat="46.585195" lon="7.232525"><ele>460.5</ele><time>2026-06-01T06:56:44Z</time><extensions><power>147</power></extensions></trkpt>
<trkpt lat="46.585295" lon="7.232681"><ele>461.3</ele><time>2026-06-01T06:56:48Z</time><extensions><power>147</power></extensions></trkpt>
<trkpt lat="46.585395" lon="7.232836"><ele>462.1</ele><time>2026-06-01T06:56:52Z</time><extensions><power>147</power></extensions></trkpt>
<trkpt lat="46.585495" lon="7.232992"><ele>462.9</ele><time>2026-06-01T06:56:56Z</time><extensions><power>147</power></extensions></trkpt>
<trkpt lat="46.585595" lon="7.233148"><ele>463.7</ele><time>2026-06-01T06:57:00Z</time><extensions><power>147</power></extensions></trkpt>
<trkpt lat="46.585695" lon="7.233304"><ele>464.5</ele><time>2026-06-01T06:57:04Z</time><extensions><power>146</power></extensions></trkpt>
<trkpt lat="46.585795" lon="7.233459"><ele>465.3</ele><time>2026-06-01T06:57:08Z</time><extensions><power>146</power></extensions></trkpt>
<trkpt lat="46.585895" lon="7.233615"><ele>466.1</ele><time>2026-06-01T06:57:12Z</time><extensions><power>146</power></extensions></trkpt>
<trkpt lat="46.585996" lon="7.233771"><ele>466.9</ele><time>2026-06-01T06:57:16Z</time><extensions><power>146</power></extensions></trkpt>
<trkpt lat="46.586096" lon="7.233927"><ele>467.7</ele><time>2026-06-01T06:57:20Z</time><extensions><power>146</power></extensions></trkpt>
<trkpt lat="46.586196" lon="7.234082"><ele>468.5</ele><time>2026-06-01T06:57:24Z</time><extensions><power>146</power></extensions></trkpt>
<trkpt lat="46.586296" lon="7.234238"><ele>469.3</ele><time>2026-06-01T06:57:28Z</time><extensions><power>146</power></extensions></trkpt>
<trkpt lat="46.586396" lon="7.234394"><ele>470.1</ele><time>2026-06-01T06:57:32Z</time><extensions><power>146</power></extensions></trkpt>
<trkpt lat="46.586496" lon="7.234549"><ele>470.9</ele><time>2026-06-01T06:57:36Z</time><extensions><power>146</power></extensions></trkpt>
<trkpt lat="46.586596" lon="7.234705"><ele>471.8</ele><time>2026-06-01T06:57:40Z</time><extensions><power>146</power></extensions></trkpt>
<trkpt lat="46.586696" lon="7.234861"><ele>472.6</ele><time>2026-06-01T06:57:44Z</time><extensions><power>146</power></extensions></trkpt>
<trkpt lat="46.586796" lon="7.235017"><ele>473.4</ele><time>2026-06-01T06:57:48Z</time><extensions><power>146</power></extensions></trkpt>
<trkpt lat="46.586897" lon="7.235172"><ele>474.2</ele><time>2026-06-01T06:57:52Z</time><extensions><power>146</power></extensions></trkpt>
<trkpt lat="46.586997" lon="7.235328"><ele>475.0</ele><time>2026-06-01T06:57:56Z</time><extensions><power>145</power></extensions></trkpt>
<trkpt lat="46.587097" lon="7.235484"><ele>475.8</ele><time>2026-06-01T06:58:00Z</time><extensions><power>145</power></extensions></trkpt>
<trkpt lat="46.587197" lon="7.235640"><ele>476.7</ele><time>2026-06-01T06:58:04Z</time><extensions><power>145</power></extensions></trkpt>
<trkpt lat="46.587297" lon="7.235795"><ele>477.5</ele><time>2026-06-01T06:58:08Z</time><extensions><power>145</power></extensions></trkpt>
<trkpt lat="46.587397" lon="7.235951"><ele>478.3</ele><time>2026-06-01T06:58:12Z</time><extensions><power>145</power></extensions></trkpt>
<trkpt lat="46.587497" lon="7.236107"><ele>479.1</ele><time>2026-06-01T06:58:16Z</time><extensions><power>145</power></extensions></trkpt>
<trkpt lat="46.587597" lon="7.236263"><ele>480.0</ele><time>2026-06-01T06:58:20Z</time><extensions><power>145</power></extensions></trkpt>
<trkpt lat="46.587697" lon="7.236418"><ele>480.8</ele><time>2026-06-01T06:58:24Z</time><extensions><power>145</power></extensions></trkpt>
<trkpt lat="46.587798" lon="7.236574"><ele>481.6</ele><time>2026-06-01T06:58:28Z</time><extensions><power>145</power></extensions></trkpt>
<trkpt lat="46.587898" lon="7.236730"><ele>482.5</ele><time>2026-06-01T06:58:32Z</time><extensions><power>145</power></extensions></trkpt>
<trkpt lat="46.587998" lon="7.236885"><ele>483.3</ele><time>2026-06-01T06:58:36Z</time><extensions><power>145</power></extensions></trkpt>
<trkpt lat="46.588098" lon="7.237041"><ele>484.1</ele><time>2026-06-01T06:58:40Z</time><extensions><power>145</power></extensions></trkpt>
<trkpt lat="46.588198" lon="7.237197"><ele>484.9</ele><time>2026-06-01T06:58:44Z</time><extensions><power>145</power></extensions></trkpt>
<trkpt lat="46.588298" lon="7.237353"><ele>485.8</ele><time>2026-06-01T06:58:48Z</time><extensions><power>145</power></extensions></trkpt>
<trkpt lat="46.588398" lon="7.237508"><ele>486.6</ele><time>2026-06-01T06:58:52Z</time><extensions><power>145</power></extensions></trkpt>
<trkpt lat="46.588498" lon="7.237664"><ele>487.4</ele><time>2026-06-01T06:58:56Z</time><extensions><power>145</power></extensions></trkpt>
<trkpt lat="46.588598" lon="7.237820"><ele>488.3</ele><time>2026-06-01T06:59:00Z</time><extensions><power>145</power></extensions></trkpt>
<trkpt lat="46.588699" lon="7.237976"><ele>489.1</ele><time>2026-06-01T06:59:04Z</time><extensions><power>145</power></extensions></trkpt>
<trkpt lat="46.588799" lon="7.238131"><ele>489.9</ele><time>2026-06-01T06:59:08Z</time><extensions><power>145</power></extensions></trkpt>
<trkpt lat="46.588899" lon="7.238287"><ele>490.8</ele><time>2026-06-01T06:59:12Z</time><extensions><power>145</power></extensions></trkpt>
<trkpt lat="46.588999" lon="7.238443"><ele>491.6</ele><time>2026-06-01T06:59:16Z</time><extensions><power>145</power></extensions></trkpt>
<trkpt lat="46.589099" lon="7.238598"><ele>492.5</ele><time>2026-06-01T06:59:20Z</time><extensions><power>145</power></extensions></trkpt>
<trkpt lat="46.589199" lon="7.238754"><ele>493.3</ele><time>2026-06-01T06:59:24Z</time><extensions><power>145</power></extensions></trkpt>
<trkpt lat="46.589299" lon="7.238910"><ele>494.1</ele><time>2026-06-01T06:59:28Z</time><extensions><power>145</power></extensions></trkpt>
<trkpt lat="46.589399" lon="7.239066"><ele>495.0</ele><time>2026-06-01T06:59:32Z</time><extensions><power>145</power></extensions></trkpt>
<trkpt lat="46.589499" lon="7.239221"><ele>495.8</ele><time>2026-06-01T06:59:36Z</time><extensions><power>145</power></extensions></trkpt>
<trkpt lat="46.589600" lon="7.239377"><ele>496.6</ele><time>2026-06-01T06:59:40Z</time><extensions><power>145</power></extensions></trkpt>
<trkpt lat="46.589700" lon="7.239533"><ele>497.5</ele><time>2026-06-01T06:59:44Z</time><extensions><power>145</power></extensions></trkpt>
<trkpt lat="46.589800" lon="7.239689"><ele>498.3</ele><time>2026-06-01T06:59:48Z</time><extensions><power>145</power></extensions></trkpt>
<trkpt lat="46.589900" lon="7.239844"><ele>499.2</ele><time>2026-06-01T06:59:52Z</time><extensions><power>145</power></extensions></trkpt>
<trkpt lat="46.590000" lon="7.240000"><ele>500.0</ele><time>2026-06-01T06:59:56Z</time><extensions><power>145</power></extensions></trkpt>
</trkseg></trk></gpx>